0,9.67832186837111,12.28338248008452,8.85213715324519,-2.108546162123669e-06,2.8463663111864506,-0.007975788839775594,0.002770862595699793,0.06840515477489342
1,9.864235626552238,12.296067201688166,9.307566581247448,-1.3270820511086886e-07,4.319279854784652,-0.01612956276549277,-0.00010130685868140132,0.045560527745728246
2,9.873761201581,12.296315371482908,9.330142006509089,-3.5468762243669034e-08,4.388359371855636,-0.01659017456860901,-0.00022469828353254787,0.04469681471561079
3,9.87324681995472,12.295880043905576,9.329680275035972,-3.6313055020174634e-08,4.387127564625619,-0.016581854882476203,-0.00022175310801515792,0.04473486878243901
4,9.307524486234689,11.564889769610913,8.948765703448037,1.5974077423422605e-06,3.911590054319792,-0.011383354144956628,-0.0007838253667131452,0.061006687161465775
5,9.250378100539955,11.432258787834837,8.95764295694636,1.0717046470838955e-06,3.9285307118114865,-0.0069893544742315235,-0.001058145727959075,0.05366475847405374
6,9.702779166406104,12.17219375252108,9.223571463918432,-6.003985683389081e-08,3.541805144451712,-0.011342146110505194,-0.0014130018115732774,0.04284144194652127
7,9.701959395472407,12.172063493294417,9.224620365341629,-6.619873040458417e-08,3.5425948108525653,-0.011399971894660016,-0.0014117830351845456,0.04291698837817244
8,9.932336772113455,12.47721085730288,11.0559723972096,-4.588795255433153e-06,3.9526363693848983,-0.013851365017376976,0.0035341884086876173,0.048872512313381064
9,9.707592943195062,12.201721951915165,9.211287135911489,1.7987351130559245e-07,3.6615551560626143,-0.012735435971857258,-0.0010588845335385607,0.04490369792631245
10,9.707325746025004,12.2010558206135,9.209264396477817,1.7575428639635496e-07,3.661496403481351,-0.012745491722990242,-0.0010653543179459804,0.044908210943127136
11,9.335459464801833,11.596934305046918,8.99702496842458,1.2836704364078243e-06,3.822416739628156,-0.009755994277970052,-0.0008255014265784195,0.05474582062819636
12,9.589950689756938,12.061780354282964,8.624038736348435,2.759817681491574e-06,3.27824344407318,-0.010383403098747456,-0.001464498269813274,0.03895819574827811
13,9.71075279925189,12.234768864896916,9.30593381177052,3.454131653818941e-07,3.662217914566414,-0.0141400223270738,-0.0008980506049656528,0.04746657198560242
14,9.922799828143539,12.461636413827083,11.015243145021588,-4.367689545085772e-06,3.9789094741045266,-0.014092365306596516,0.0033477648211043837,0.05006921784041612
15,9.728175319000556,12.217756709346077,9.229459325267417,1.8186945372982304e-07,3.9939355647604713,-0.015551319128419106,0.00010593044772483617,0.07027486579802915
16,9.712681694578473,12.165485014724558,8.79015164151446,1.4072438183000769e-06,4.092898967404868,-0.015709890621631896,-0.0003430571349031773,0.07551981799715891
17,9.723505228348824,12.055782868051924,10.243023750900148,-1.5676440271792165e-06,4.26397794583071,-0.012376536356602692,0.0019991423987716595,0.05622372725631085
18,9.703811709693662,12.205868988901235,9.294317784508003,1.3090427580147722e-08,3.64380977166992,-0.013257402878853804,-0.000842081104873501,0.04373735702744303
19,9.937458958148957,12.463556730503052,10.954585885403525,-4.050019461436682e-06,4.012302808228401,-0.013932607512737444,0.003463899760438663,0.049274350192025446
20,9.220052323310687,11.387530957809732,11.200274915349446,7.770459897374491e-06,3.5785552396528613,-0.003190796244790555,0.001049662452464452,0.058816631223251405
21,9.944045221955378,12.49286924680875,11.060157816172849,-4.414169941554056e-06,4.006913561252665,-0.014900471278288129,0.003212203990384117,0.05098091538968281
22,9.670130247156408,12.02546233223828,9.45944764608858,1.525442153490407e-06,4.698315873296343,-0.020136305272382585,-0.002723395866516805,0.07518868634520808
23,9.596897355899369,11.85627090535522,10.811315499361966,-2.359382155274424e-06,4.758877763280177,-0.0156586118937376,0.0014373493326857224,0.03236833986136525
24,9.114874631527293,11.3045611552383,11.60042810964767,9.548298740128129e-06,3.7578823190081834,-0.006993582215533015,0.0012687986314667598,0.07126012554836425
25,9.991628036718298,12.58742551565886,9.97723950649881,-2.1829337516258405e-06,4.008092269886799,-0.017037112344762864,-0.000244215959503052,0.046790346062458854
26,9.578752092783672,11.85851913114139,9.205644592451783,3.895129120839872e-06,4.598308922576299,-0.017014497953758652,-0.0030638202318238775,0.05590968278718693
27,9.742518080774389,12.078187526521369,9.47056068714574,2.4662352721191287e-06,4.646261622482333,-0.01827647865139318,-0.0026096426540026555,0.06988443491120422
28,9.627208718796187,11.889449574245695,10.800889068728798,-2.994008647243445e-06,4.9933750395636025,-0.018091269092084306,0.0010627838444109397,0.04145071456603665
29,9.576962201315473,11.888719992424166,9.441806448640643,3.2470702463954844e-06,4.785266586277033,-0.020397452070155135,-0.0030412970879965463,0.08741016368327648
30,9.616025626506675,11.842767142513164,10.809740860289445,-2.3923966158853953e-06,5.085632187204726,-0.017805718404304005,0.00134757874635552,0.03587720454089419
31,9.87161429743686,12.375096461568983,9.878639608637952,-8.268263681612024e-07,4.004815647995168,-0.015857555247930616,0.0005742534798997279,0.052379161526900225
32,9.62483922861441,11.852735321691846,10.749956397418565,-2.4643708617702424e-06,5.072294581691894,-0.017006268083505513,0.0013534204945744091,0.03454189945832145
33,9.765061627648636,12.158004980720058,9.177512599100298,1.0456576676867208e-06,3.9627023473597673,-0.011846651384603654,0.0014436238961857807,0.054277773350957514
34,9.418965655116892,11.563152410416189,11.433324396672464,-2.3747702807011818e-07,5.412125814119483,-0.01799420169931125,0.004549900207699637,0.039978840601368776
35,9.593449811977935,11.987982497106362,10.889941156869654,4.462315540763325e-06,3.7585796433274017,-0.010611076369268656,0.0020318788357998677,0.046965950979659866
36,9.633041925700327,12.060451474177544,9.657876939919392,-7.622915801800112e-06,3.608192767989397,-0.009442931825288173,0.0038506922342020434,0.037411345031381896
37,9.645078283391701,12.09817787082754,9.427575574334464,-6.8825269394671405e-06,3.4963609340020536,-0.00930983600044176,0.0037040959672709527,0.028454576456359203
38,9.578938444849356,11.993004227545898,10.979518210816488,4.5664026679737555e-06,3.78548443136406,-0.011182495452887454,0.0019699328301507066,0.05079383323817625
39,9.576309607605472,11.956215950101726,11.020966786278828,4.801335326522061e-06,3.9825070311386694,-0.012132336443126808,0.0019621029617815852,0.05043387445214475
40,9.880547338941946,12.361540835566927,10.476015595441574,-2.4544378956089194e-06,4.163783242736207,-0.014831637145299698,0.001659777892148428,0.06187511169688512
41,9.69951434308244,12.028570228332743,9.645299936407872,1.7093624850206238e-07,4.663860170940439,-0.018601877799539805,-0.002557635043686896,0.061046266761313105
42,9.706747581957261,12.14097869911307,9.674380230078924,-5.278865150277078e-06,3.740904399342479,-0.011292538321127804,0.0026292320816870426,0.04214221614262872
43,9.826913181995605,12.22286626421286,10.526679939322149,-2.3792677176408235e-06,4.383202836599184,-0.016234364140733124,0.0012196172040010293,0.0408586197782976
44,9.671375362396418,11.961865072990951,9.662521481051186,-2.772287549737063e-07,5.013154579586038,-0.021011136396641324,-0.0031584494704299023,0.04488338895093977
45,9.866065731144852,12.405719253669613,10.710673240473636,-5.086633953268106e-06,3.55589300058827,-0.011345298493739955,0.0023829833004962754,0.04199715450364391
46,9.4617443658434,11.518139528203973,11.9930099913633,-3.4028575613629614e-06,5.891968278077696,-0.021333951466551357,-0.0006614828193151027,0.05381362516737486
47,9.618640005272763,11.89627217831986,9.430175510674982,-4.1104445130775434e-07,4.7796016778218675,-0.019786466743912868,-0.003319407556518405,0.027731756509358108
48,9.770086562892407,12.182626088419791,10.643944073335218,-2.7109514157703388e-06,4.055375002786677,-0.01179822579036066,0.003883910187074672,0.03606332922717702
49,9.465788660058584,11.530165054777603,11.92741341081626,-3.3080143660360626e-06,5.87898482063273,-0.021576369359754037,-0.0006993921384207172,0.05398701397366455
50,9.682198745336603,11.979859913445758,9.575885272702807,-1.704175503524259e-07,4.9768361845070395,-0.02094962359206577,-0.0033821568391782164,0.044597105380753045
51,10.263914874207575,13.139490386072136,9.192496550756623,-1.4215173908170391e-06,2.8303227597066214,-0.009727326966815143,0.0037602758419305713,0.039381927544793485
52,9.727414491470672,11.875840047619704,10.624340981033686,9.974744664219005e-06,5.701713744903814,-0.02297224492583732,-0.00406001323887742,0.08524802782457817
53,9.457347400441344,11.514326870244812,11.783586422903008,-2.9652122261358117e-06,5.737051691180861,-0.018948573796872033,0.00014334565635969188,0.05018638433525925
54,9.53792986571497,11.752255635602785,11.21364802562372,-1.1654602703049238e-06,4.7035347313789355,-0.013733054828019052,0.0012353890310387904,0.036135791821697266
55,9.436504997927383,11.477209560454748,11.798040614711844,-2.9045460815740178e-06,5.807119303242697,-0.019546172927379677,-5.760025923159202e-05,0.051228834206205075
56,9.646504328921605,11.764969628367709,10.95078006347136,6.392649439115112e-06,5.73103001353052,-0.02201935734927989,-0.0029468289256832873,0.07578632737635557
57,9.437279722405204,11.482667276817036,11.787102006918753,-2.9213877196541925e-06,5.771888922627248,-0.019785000706463784,-5.536818799785608e-05,0.05074274054320433
58,9.64385884125185,11.762018989181378,10.950202322357775,6.364794022040431e-06,5.727220381296783,-0.021964367239662257,-0.0029257564929451507,0.07579895208685022
59,9.77985958923928,12.238686971378062,9.423493618583542,-3.6418778559922657e-07,4.198487600261189,-0.016442185988867,-0.00013546692941576537,0.03632004199169325
60,9.594592752359494,11.714841162282683,11.074258207634491,4.0294478546376245e-06,5.683368023910916,-0.02093243022225321,-0.001593069446729548,0.06732177217800128
61,9.858578766345593,12.640772047389374,9.657986148318603,1.8722844186321573e-06,2.0939363059602933,-0.0016488702723641072,0.008361219957833925,0.0342495211596605
62,9.850230160365452,12.236621137458684,10.80669935476898,-1.1198549108277962e-06,4.657303941214906,-0.01949018760703574,-0.001401892611206092,0.03800628063410648
63,9.75623969690364,12.239559449924773,9.650321569853924,-2.456122130291859e-06,3.503773457853521,-0.011049647942232631,0.00022842499906057783,0.01891095133880269
64,9.849953848080855,12.234243351495545,10.694005659306448,-1.1861874291024014e-06,4.597571082612066,-0.01842927828503968,-0.0014242518970378282,0.042050976242824445
65,9.229563464632312,11.323806985205154,9.486398403087339,9.560689127884436e-06,4.7767225707072205,-0.01488295054345778,-0.0019169656838714955,0.02625894701286674
66,9.295892353356912,11.448184617135317,9.48767090716496,8.729308523093187e-06,4.521018565556412,-0.013284981296393286,-0.0015369924669265556,0.02837088986170666
67,9.325103736607558,11.499383242213105,9.438143914691112,8.751897890170003e-06,4.4870702548979535,-0.014122441983032629,-0.0011442839391377036,0.0328550144551232
68,9.968344665510509,12.701709151296216,10.7261269192833,-3.175751315408267e-06,3.178245055087432,-0.010272873148052072,0.006697279964464507,0.05961598570134151
69,9.993801236536589,12.55240768366429,10.093878987590148,-2.823251572048434e-07,3.8991284997697178,-0.014750806773385692,0.0005304631925874376,0.06904989268012812
70,10.080541039164844,12.830097761203913,9.312202748517047,-4.085221803397236e-07,3.0419951966870937,-0.010256190344819338,0.0017344823491464438,0.024654526109890666
71,9.787416684465605,12.105178765005148,10.777733657067447,-8.269221804378483e-07,4.994376839066666,-0.021966371005961507,-0.004440587689789367,0.05405788739947002
72,9.911842403375472,12.450986926835265,10.122288610546237,-2.04021149472416e-06,3.62629734861192,-0.012724602164602972,0.0005243621071242084,0.050137708136874494
73,9.858283295037262,12.394699014872668,10.318683262583432,-3.136191199847422e-07,3.9745146782072567,-0.015919455394273516,0.000300381448048367,0.027511033294486124
74,9.782408144214674,12.437109346761172,9.725703788847836,-1.3884579401967785e-06,2.8545521120711297,-0.0075318632744495245,0.002879956853649218,0.024279870856487657
75,9.78983881616212,12.080413493604924,10.869689847729513,-9.346422516991092e-07,5.128335282732157,-0.02271149343648446,-0.0047485475375412586,0.05409428274511144
76,9.816777999112784,12.211676572884471,9.301517666883097,-2.3266635361272904e-06,4.395459012668745,-0.017608973102755922,-0.003885067202131975,0.07008878638609062
77,10.054082602469146,12.814854802455844,9.651594443929984,8.92344141863579e-06,3.1678465327741785,-0.012333956106705363,0.002693797403979856,0.029961261629193436
78,9.909472820657887,12.338998190878858,9.676765740025974,-3.0125608966890035e-06,4.520835605194176,-0.016401864519652413,0.0017554066956954207,0.0510713342119308
79,9.898923356244755,12.499150599144468,9.292201712399574,2.244796574185576e-06,3.559604952261258,-0.013470785375004396,0.00018946415424629225,0.02961443020776576
80,9.82428876707108,12.488515484703852,9.650833375260696,-9.672771203720754e-07,3.082465828928773,-0.01171663287344249,-0.00028721345138893505,0.020509362775590595
81,10.027797051843644,12.715972221082737,9.698361725139566,4.341485824039243e-06,3.373682041608574,-0.012235194530689754,0.0020638594251709166,0.0495040588300037
82,10.01480125636584,12.696594436456888,9.772098676736102,8.070024067914646e-06,3.2589101909076796,-0.011570407032678184,0.002397773171996637,0.02588670189047648
83,9.994741715494365,12.547692531535471,9.1061359455341,-5.2816755880353295e-06,3.752887646260103,-0.010936642156454889,0.00696981843041084,0.05745811619286941
84,9.887450608883261,12.509919810209787,9.331823076149297,1.5214667087510807e-06,3.5006895132579787,-0.013316465144211866,0.00012361351651827624,0.029784531663289315
85,10.005628105144028,12.752356960859048,10.217390353816786,9.21355610539652e-08,3.1238247470557092,-0.013520699066489512,-0.0016311895583734767,0.043872340359122325
86,9.927345003126934,12.67295425226709,9.736604881294696,-1.6088310734107588e-07,3.188591665010957,-0.014948486565441302,-0.002752416980665854,0.03849297233469904
87,10.04293757375422,12.678168243626915,10.293348502386122,-1.9179153429698778e-07,3.4319989885577096,-0.013096522223110288,-0.0012326961795905231,0.02541988470275386
88,9.709066695396748,12.10642316388034,9.651391307015952,3.2666434750032717e-06,4.322742484401191,-0.012401558336895943,0.008061257293632289,0.03762431780241238
89,10.037864830475872,12.66203848015091,10.181477971307014,-6.189843195615012e-07,3.3300201573485126,-0.008946079982768501,0.005336101566277191,0.04864760267475213
90,9.88203367672698,12.51179125889414,9.424331769834776,-1.0504301614467237e-06,3.193106739031334,-0.00982865638868204,0.0016737727837326678,0.05585587151732904
91,9.84536636914461,12.488172425558172,9.358256030283869,-1.0640204151540617e-06,3.061615785518061,-0.00912065728381024,0.0018496844634161224,0.05566844125447752
92,9.895875558507429,12.55366706966921,9.879750695402182,-2.3310439124488803e-06,2.9940852914144633,-0.008520474637173148,0.002856702187141523,0.04228354044852806
93,9.977913510986813,12.57465365699097,9.244934160084345,-1.431188748089817e-06,3.635624795418827,-0.012157720167798043,0.0023765085937698387,0.026736572707228363
94,9.532009048172347,12.073002168245106,8.712941149364704,-1.427342676912142e-06,3.199292318857474,-0.01224337688190015,-0.0018797918808310884,0.04803204636049871
95,9.728396679398468,12.127130806053882,9.633814610149775,2.617736850877297e-06,4.246271634013637,-0.013013672142006,0.007534516706327573,0.0394646117808376
96,10.126931419742244,12.969474442937456,10.364584863809588,-2.073077255893153e-06,2.8528054224316746,-0.01014650179889602,0.004239147750723926,0.0925709759973711
97,10.120890020325795,12.869863706517815,9.71337903307258,-4.468991264312404e-06,3.1803785551234403,-0.009958899544185985,0.004878880365930475,0.05121653274990384
98,10.030444971922345,12.649176301822516,8.806420587368947,-7.571112406403168e-06,3.686719639774744,-0.012428920722922692,0.006007059322709013,0.03301484727970455
99,10.010487232003806,12.814485723283315,9.67326734566139,-8.019011023629801e-07,2.870428840874729,-0.01040116090746498,0.0026244147186498673,0.09489996848516224
100,10.012988093421646,12.796338316070042,9.657326664933622,-7.233596650531719e-07,2.8554342218638986,-0.010689783191419637,0.0025005775916252105,0.09243933192234093
101,10.030106636786416,12.643735116470143,8.80363069144623,-7.434910989665155e-06,3.678123286314435,-0.011395211622807933,0.005901665431457636,0.03105711968330369
102,9.817565525810368,12.271326689793304,10.616800664217884,1.0796603919776003e-06,3.7845004177582746,-0.011434994915029084,0.0013144755302518937,0.06725367099753647
103,9.842086452817677,12.132021293563712,10.75484966948632,-4.437289205614976e-06,4.880686302566658,-0.015154886384987147,0.005961950680116184,0.0828810513227467
104,9.653922553681484,11.924318134222382,11.005548019825335,-9.429445906529464e-07,4.910697685970288,-0.018423456701526397,0.0011079929512899656,0.07207851205925986
105,10.12053325106868,12.85682462371524,10.468172625840229,-1.3213796371392682e-06,3.196472093728236,-0.012259088348734737,0.000428526284048332,0.012380480947993848
106,9.644671438629588,11.960006902615463,10.905789671035365,-1.478743776952372e-06,4.929729027465664,-0.0193234203909095,0.0010427608448248288,0.06206577971142881
107,9.969269222851693,12.750480239233042,9.759052487076483,1.3178939088475965e-06,2.9490121746194107,-0.009441915067819114,0.006344270290956916,0.05180661330692253
108,10.237138002671747,12.885393979625144,10.898767570919516,-1.656414356553586e-06,4.116555623758842,-0.01857318251012957,-0.0016065507502403473,0.014654077741472383
109,10.065955265739404,12.799596905238351,10.35463798646002,1.5805409100409628e-06,3.1758774383147057,-0.011741663997242684,0.0018059345369020664,0.04068210865511088
110,10.247220710748897,13.082005546710928,11.2601986822683,1.1428882128681729e-06,3.254795074189577,-0.014837984878494232,-0.0018193380099326064,0.02252826044011956
111,9.835214698611976,12.418480620515892,10.009179195703714,-1.5286438553463929e-06,3.5680589190268375,-0.01351113981671366,0.0011636451267333515,0.0388913644533858
112,9.813739446380717,12.356129471008025,10.008194653525765,-1.237294389012514e-06,3.6679606701100016,-0.012921218313439104,0.0005241534719683996,0.039013886930651706
113,10.23884040679715,12.941404301622825,10.087403781398551,-2.6726997026865306e-06,3.9026852231795264,-0.015968114837233625,0.003435378561350016,0.052778772782092115
114,9.583744205653398,12.053659423415374,9.960879274376804,3.9053264003282276e-06,3.1197580005580887,-0.008214345590997232,0.00017929412572598364,0.058374659625189285
115,9.861053320591903,12.415830806798713,9.989062240424554,-1.6659368715912854e-06,3.706313209069532,-0.012905231057958072,0.001113290403102865,0.030624805654663856
116,9.617618564961532,11.884794361977924,10.492214795191073,-4.758167170285301e-06,4.925213796651337,-0.016750592942482528,0.0033554139793988587,0.07023558070550351
117,9.799262240715606,12.313095007164064,10.287388500300844,9.97937357818967e-07,3.859849258320161,-0.0136702662451629,0.0015172514478058556,0.033230037559407156
118,10.195320790014469,12.885442818469803,10.077525729372804,-2.551687612592451e-06,3.865030961076066,-0.01579038594194226,0.0031908392258265914,0.05155919977690655
119,10.240682824300572,12.93952448923284,10.078086342967822,-2.6514641322456483e-06,3.906695442999127,-0.015706728515746254,0.003452473000708431,0.05291759415076911
120,9.962916853831478,12.585870952198924,8.354927279298899,-9.01875003370259e-06,3.68215120549904,-0.012344851253170922,0.005869674352033152,0.018692105299189386
121,10.352525287234704,13.2705258759707,10.644029513540309,-4.579568617999116e-06,3.005217455725134,-0.011935855395166143,0.0029467802110079316,0.03673768633707987
122,10.240059960065032,12.93721452333828,10.072846970160708,-2.6415116894513284e-06,3.903412957326936,-0.015462132704026715,0.0034321909118440845,0.052492777220794734
123,10.230810126647231,12.930523007420632,10.070110499485573,-2.120568379187512e-06,3.912618451112895,-0.01618601973588068,0.002849278846202595,0.05807966421410826
124,10.143629031193877,12.805985755701196,10.461801781531436,-1.6139610760470323e-06,3.8007224308331087,-0.01702761623236629,-0.0011884067284146484,0.07203016289310578
125,10.2308970354657,12.930531772239242,10.068664912564724,-2.128847615099987e-06,3.9133823934935648,-0.01619274900817252,0.002848718001980071,0.05813332614494264
126,9.777217143808198,12.229315767843252,10.585745812100187,3.3677426979115516e-06,4.177687115810768,-0.015031913451450968,0.002051449619291195,0.02248962430844416
127,10.357943498455176,13.062305188662888,11.042023018401498,-1.156025797391556e-06,3.6989525962763823,-0.0126427863785671,0.004899482128994259,0.023198634340669436
128,10.170846953368308,12.848710741795792,9.774789671491485,-3.2588528466475504e-06,3.9120411279237097,-0.015596171830377512,0.0034207400009424447,0.052720396643428646
129,10.183559027095804,12.847028772099817,9.776082819270448,-3.1848759495566214e-06,3.914140808071721,-0.015573103165926224,0.003437502329748896,0.05148416605488679
130,9.887337010382188,12.440690332167112,8.36129027590814,-8.628269246982675e-06,3.906199409391841,-0.012824448176576048,0.0061333921111709185,0.02844210358101079
131,9.778732394017604,12.22278963670022,10.530570750402829,5.511995198409306e-06,3.9322734039020335,-0.013166084529065758,0.000370672709971975,0.020699312874285294
132,9.59583969073301,11.850781449732697,10.845610684994286,-2.4004038237036908e-06,4.944225508184734,-0.01698143961878484,0.003014179844430887,0.06652648937980526
133,10.323832421176526,13.092292915371956,10.238068548535196,-3.3169667364630824e-06,3.62092395723561,-0.014785748864107289,0.00280167708533434,0.059729269982564205
134,10.417184757818337,13.20254098356771,10.263290688189093,-6.0888091244875815e-06,3.5814118304600697,-0.012878691239313338,0.004978832193244116,0.04290019249023628
135,10.126054396634508,12.76758761172899,10.820810054795068,1.3347909679343365e-06,3.8385268256516745,-0.013999679902234573,0.0036716277556599897,0.03114272439255713
136,9.865406722143325,12.322976755904664,8.438431289208413,-6.549528217777245e-06,4.259759251327789,-0.012565341209135238,0.008027780453095558,0.02266317947474582
137,10.104480860566465,12.695553494014613,10.913305964379155,2.6869566431569385e-06,3.8704779185010336,-0.013468942118918192,0.003969154760702012,0.029648673236091327
138,9.187741928576605,11.201767550922971,10.228896370049917,5.792887697577063e-06,5.308891423376664,-0.014174116188266197,0.0018446643926404895,0.024342271981165925
139,9.724122490862863,12.019405002965998,10.962078784210972,3.855926079938564e-06,4.644836259067191,-0.015078146744411464,0.0030329808002838195,0.0264290818512796
140,9.859626756609655,12.314157066724391,8.471302876443154,-6.423112206798501e-06,4.2713479134546954,-0.013206792103479942,0.007875606686584876,0.02265427484513079
141,10.435791214968209,13.243357620795996,10.117458751240818,-7.300958850867688e-06,3.540680775110704,-0.01326635125169952,0.004806675825515469,0.044790680738646144
142,9.469293473249627,11.712137535259314,10.82288814553618,-6.315754426707661e-06,4.266343407560184,-0.012103200180580202,0.001651075729571666,0.0676627440334854
143,10.185675266558878,12.917268849909732,10.974601707806306,2.922621249641691e-06,3.5467185770465597,-0.013587417840950676,0.0034831694308762188,0.02795177287992613
144,10.271412856271311,13.005749414469868,10.960647331096585,5.121389884941398e-07,3.6405539344461673,-0.012492355835927648,0.00521135975415939,0.037565222388209335
145,9.956942487054972,12.429696400074429,8.846055714244793,-5.280929274663057e-06,4.243758447177915,-0.012116477011338878,0.008151462190330095,0.02206319705097796
146,10.319283338299693,13.093439506041072,11.282542587060204,1.3939930432075347e-06,3.548730686176,-0.012549574265003064,0.004763800509760493,0.0399250295368406
147,10.083177713501115,12.646085603909691,9.97189610861081,-7.717341397239537e-06,4.110701254293614,-0.01357756782068706,0.005536781277993411,0.04077299994094326
148,9.418235213601971,11.582666091517458,10.873368918382123,-2.5929816347511938e-06,5.190050786336785,-0.017259525198455805,0.004200831790069018,0.07990807905291403
149,10.148084784068708,12.599323713831891,10.687898255222784,3.758977584606608e-06,5.116232521763665,-0.02242463447511886,-7.025787917862205e-05,0.02019683462552057
150,9.89008633498986,12.520579295366735,10.04736171158239,5.06459926707047e-07,3.542604950329467,-0.016082825689532003,-0.0035859750307611657,0.0704530157329451
151,9.93908860868811,12.3891939486495,9.618983360775013,-8.140089269317812e-07,4.742453721664728,-0.020714555864118352,-0.0014711493210842023,0.018709967666409765
152,9.378549829316585,11.509255463283852,11.202982665297228,-5.39286749109576e-06,4.805724301254614,-0.013591804859139116,-0.001058993438775514,0.044695840655088984
153,9.612475496511337,11.905977498907182,11.052184841190536,-7.390216693243143e-07,4.873954043023156,-0.01846437536717413,4.4595837871436866e-05,0.061725459980332326
154,9.927756855736703,12.629842406407027,8.615433118899364,4.1025564387313165e-06,2.895807025725259,-0.00775688218593943,0.004294179660404485,0.017802063499961163
155,9.519442180762535,11.757716401341568,10.99673505249012,-1.0084125618337342e-06,4.4892380474008355,-0.013862134582840796,-0.0005126284715035105,0.0475407371416618
156,9.448964773544576,11.700128638423497,10.906228727701814,-1.6034033618035425e-06,4.656694711730922,-0.016246927668924535,-0.0003849364974523451,0.04992315724960454
157,9.439335087293824,11.68800551948936,10.89763289035382,-1.6543096531368646e-06,4.643899592503069,-0.01611633485382253,-0.0004102330746350001,0.0492280806804893
158,10.159175696260515,12.76090168563852,10.120424884185054,1.5983692234039276e-06,4.334744342942047,-0.020501622543717457,-0.0035420243078278877,0.03917004997905947
159,9.471857505259862,11.828464360190305,10.523793263664588,1.961858023519325e-06,4.123690013598772,-0.015178660256453287,-0.001086531993747783,0.0586385307367865
160,10.058129209563498,12.664139796113464,9.282105537788672,-4.327867221344157e-06,3.5314617842126257,-0.011666755761917266,0.002563404231769187,0.011755359404872934
161,9.872280782376253,12.491193588103416,10.715910820516225,-1.3765251976963194e-06,2.858091070872501,-0.0064802159173870015,0.00322700612121594,0.04232062203737232
162,10.042935636637695,12.779372685967656,9.052660030392206,1.2965722189334293e-07,2.9948805479827816,-0.01026707338807384,0.0020885352669683483,0.03945835936879496
163,9.97499424228373,12.741424776604308,9.146400321005174,-3.2328313842069625e-07,2.7700444108596343,-0.010378703892651504,-0.0007001145180974772,0.0358498927808652
164,10.079284285727091,12.948441086505484,9.607433685591221,-1.899509528348986e-06,2.5616746938132136,-0.010496463402023575,-0.0018688964779559275,0.0187813964490956
165,9.777684856400777,12.269060177195923,8.763087940701963,4.06490775604194e-06,3.8716240202570096,-0.01515855248009669,-0.0010349327461210036,0.015518101790747384
166,9.813961105886355,12.536699129543486,9.202488214794405,2.344829209521606e-06,2.8977071560621206,-0.010850626148733377,0.0015776536634871613,0.03834523116909369
167,10.012460897544535,12.677144221399535,9.843567323689483,-6.649849768053803e-07,3.385729568990792,-0.013619832762894772,-0.0005127315152281282,0.03364329968460812
168,9.847850158071843,12.217993530858424,10.211423769476513,-1.2810685470369398e-07,4.628978988629154,-0.017614620534542172,0.0013230409445347336,0.04146120558375445
169,9.830456247292878,12.211629950987328,10.168980456576593,2.68635642872298e-07,4.51485537128542,-0.016786227746341097,0.0013121350287617103,0.039306941930508946
170,10.031900419641364,12.609000686655122,9.555412298866612,-2.2773392520316022e-06,3.9382722236772456,-0.016258797670533037,-0.0014423715187899706,0.08993953523594826
171,9.817038609993777,12.143992346750068,9.463685209833448,2.605658263794245e-06,4.870218104599578,-0.018953220003978432,-0.0003795917298327904,0.028215570002675085
172,10.042301043988603,12.800563998729803,9.059887807988813,2.7534987501588304e-07,2.9607072218847623,-0.012630126176216727,-0.002390722335339175,0.015564574199092546
173,9.813542812124943,12.137727666951896,9.480762640925857,2.683819578016828e-06,4.867661525439017,-0.01910681385737909,-0.00035950607789909505,0.02900082959184204
174,10.191248244747532,12.714836773931731,9.75835686406763,-3.2539597930704713e-06,4.384088599656196,-0.01853568528829621,-0.0016622152522867495,0.1052087001449555
175,9.810401580746978,12.109027894188886,9.455437638809032,3.074255019571461e-06,4.902093892593085,-0.01845227239138749,-0.00027342925350463477,0.02598718583849855
176,10.23058366680152,13.081938057413096,9.788572218627088,2.9104198231830702e-06,2.9291349673164313,-0.012719941907709297,-0.002271193481026689,0.060728917547868445
177,9.997186534096576,12.728901496022068,8.6670598086963,2.4629013581598964e-07,3.056284470075765,-0.01096599243783994,0.0030740122081779533,0.011109782007248548
178,10.147315548514277,12.785302666186931,9.177368471227277,2.234736451094046e-07,4.0857135725348,-0.016946794258403425,0.001847303830671974,0.1286334209882482
179,9.803282340029718,12.403801636387865,8.572618476134169,-2.0721923704060014e-06,3.6001295679058423,-0.014179257492781892,0.0011287726319662494,0.0827494802840397
180,9.919653305674837,12.551890753438611,9.756203419227,6.109344219156772e-07,3.1974461924289552,-0.011700500746817048,-0.0010230233054706302,0.04837682808174914
181,9.919104962523715,12.612560991703592,9.961392367080636,1.300073908081136e-06,2.9128960701259485,-0.01015838505062938,-0.00030217641167446223,0.05628676571731822
182,9.260598990066693,11.403201506363317,8.884959542836045,-1.0881639439258625e-06,4.4743902401002575,-0.008419972360825645,0.005316131701436978,0.08392684094711755
183,9.155458125034954,11.323994550350532,8.614635050313936,-4.702808203134815e-06,4.2201632035362895,-0.013233043408398357,-0.0038373693374341073,0.03242283629652997
184,9.933195240751955,12.575463077015648,9.674238002237754,-8.498359630099488e-07,3.1817747301783332,-0.009329689461920553,0.004745102026242086,0.017465057681019254
185,10.00295523842516,12.740331284523824,10.076700155197932,1.2709905457049342e-06,2.7001788710334695,-0.006603779641900835,0.0041704601401371605,0.02560175219958232
186,9.263037985147532,11.431011131533216,8.934724088213496,-4.482556464179291e-06,4.016807732087623,-0.009552474222537632,-0.003339861930424736,0.04518439405953381
187,9.912104535307376,12.446293930515608,10.144239518111196,-3.4374957918756895e-06,3.774852386833373,-0.01222624166125201,0.003905869802040989,0.012840933939219245
188,9.825924467023821,12.125500028100918,10.318679125887083,-6.5172193075790485e-06,5.216047959032212,-0.020033040356316683,0.004083438042834012,0.04953732145571267
189,9.862647512871643,12.160202620600014,10.349277002391004,-6.9458221797255554e-06,5.271981147688008,-0.02025158278455637,0.004029848440663313,0.04422048293990437
190,9.859822780550287,12.372655860666358,10.226498633397451,-3.787062464443015e-06,3.7997108912860047,-0.012045763101975028,0.0030385699050121764,0.023406985622733138
191,9.920293294556586,12.492123178603409,9.762435661855703,-2.475126691895368e-06,3.7997296399589624,-0.014187866363592112,0.002110556642460253,0.05948969640797762
192,9.90254545463166,12.572565331393257,9.905979950207447,-1.7642476534134816e-06,3.201939933905754,-0.011915521567683902,0.0002342814009282314,0.052045980172998024
193,9.890582352756445,12.215366575658102,10.231000332946431,-6.00003375362425e-06,5.045564504336521,-0.01841427640443942,0.003528886409160099,0.03952652363154113
194,9.767437155743776,12.417205178163291,9.10468707148119,-6.1403438885643775e-06,2.81725990494301,-0.008141570121317627,0.0007702729012987859,0.0838054522051138
195,9.855820932557567,12.340831027298798,10.249117237651836,-3.724008683803268e-06,3.720395701234695,-0.010938834499565762,0.003090763102960144,0.025833831765079543
196,10.082141156140995,12.698830695425768,10.39635094078072,-4.068435362118895e-06,3.9864705764045825,-0.017900780188858892,-0.0029384434205641857,0.05694381858192921
197,10.208360331442464,12.875619168113912,10.306455253197583,-3.7499443952602615e-06,3.8840640114417906,-0.016522603723466645,0.0009535340430836713,0.04113802893899544
198,10.414224842570048,13.154530574136162,10.28315935375209,-3.3038718522930173e-06,4.059941368385951,-0.018643059923567785,-0.0002657537101820916,0.03870176966445709
199,9.661213335853008,12.184756390648356,9.941363774999067,-2.7355841235920377e-06,2.9069603380397946,-0.005592794128456837,0.004106947278287198,0.05628709305363082
200,10.064795729947244,12.671191608701845,9.834637882553665,2.8294008760845226e-07,3.7381098834625015,-0.0099231724685735,0.008607739628036175,0.06409123077846493
201,10.05429192983232,12.641778499135652,9.82552783333264,5.324614576900529e-07,3.737980872817128,-0.012363916688230558,0.0032396154129343494,0.06502889716278709
202,9.14603435533945,11.058539884968948,8.673356320332637,-1.972842625612091e-06,5.733174815685988,-0.013115573155421669,0.007445027011601725,0.02965596835837446
203,9.943157311473673,12.707509062868324,9.848778143195544,-4.487817189487978e-06,2.964134674737357,-0.011587760059671125,0.001812230709382378,0.017698171446184893
204,9.955808809407799,12.687533371639985,10.62662036552696,1.8218954573376915e-06,2.903205090999619,-0.009655052132690654,0.0033189298996423875,0.02035382049646662
205,9.884854101597519,12.258091109091392,9.878818361135245,-4.594303908336013e-06,4.5058011655159635,-0.013603582084817895,0.005442145758267644,0.05153429623642071
206,9.854495904917279,12.226176862777432,9.808218960793598,-4.5375729146496135e-06,4.48078719177519,-0.013655576735599952,0.004941844188886296,0.050434384185799784
207,9.713608366354352,12.10908719211958,10.427541794726492,-4.0158341431906193e-07,4.203659024999325,-0.013011924110879576,0.005864882854148266,0.029276564761149773
208,10.402174794444509,13.14120248655304,10.308578367447806,-3.3552633875034727e-06,4.040542524283753,-0.01846425938052036,-0.00019714575376158976,0.03883983756623741
209,10.246480552134422,13.20861364327962,10.66682302811984,-9.163509864585797e-07,2.3405574630983876,-0.005085354228074209,0.008470010394032416,0.02750124165272849
210,10.395160299120056,13.128119870263529,10.299990556177011,-3.305069754317962e-06,4.019533558791885,-0.01849056820010471,-0.0002010542011205878,0.0388987592059589
211,9.217622716211991,11.153736420994104,8.55133412469333,-2.002993497693314e-06,5.433852144277197,-0.009955976940632029,0.006459376537352448,0.019836308622078067
212,9.62853686451563,11.725364929544288,10.767482165104871,4.3993008086134364e-06,5.737664110502711,-0.016844432346000554,0.008877109255752776,0.031571158100903614
213,9.918819694683297,12.450848165444118,10.53969573559943,-6.882559401522937e-06,3.894181783134268,-0.0122075353092158,0.006867255866835378,0.07123613394629537
214,10.019056378731111,12.550678914969328,10.55369756648358,-6.139293371463604e-06,4.080602004599298,-0.013726840660575468,0.0049449480645228526,0.0591745859453516
215,9.933980552008931,12.538904029390658,10.458468403225766,-2.1940378370383425e-07,3.5155270978691884,-0.010792631313588198,0.004232543361538797,0.03961053002896777
216,10.046211173768093,12.613727376524308,10.685306794718358,-6.384769358054002e-06,3.979292031083368,-0.013763663297070449,0.005101179842062484,0.06242590177647109
217,9.222875806871608,11.22428424368534,8.753343886060875,-1.6778845383686102e-06,5.235616248959547,-0.012189106915436452,0.0059902698301189244,0.0010672352618618377
218,9.484282582158077,11.760082782646334,9.20296643679886,-2.180099319255275e-06,4.186359647587426,-0.009022335333679642,0.0050199533609074296,0.031216653817369655
219,10.294484626253263,12.921976178437932,11.09529500448553,-7.126397617920033e-06,4.076495584470468,-0.016841266605508526,0.00046416410688946905,0.034777320255535704
220,9.548640907151414,11.85221537966012,9.352862092384647,-2.5714938389531583e-06,4.178583681942071,-0.009593717691100383,0.004657735808095651,0.03142677876709951
221,9.445255371326056,11.662404275430845,8.78940857614449,-1.5479182157068572e-06,4.384925681190878,-0.009485145530838702,0.005373774461612528,0.029286678535627744
222,9.557616673646768,11.774938258396896,9.529705590314245,-1.6448324874223348e-07,4.6598721687161815,-0.010998134796991686,0.006187467534967654,0.029667147495489165
223,9.296825749151516,11.479762215934985,9.615306580560752,-4.294214988315093e-06,3.944031540226924,-0.004679992737664333,0.005379058565795174,0.005708219355837166
224,9.67716723119194,11.842745837622225,10.771076339563786,-3.2383382069480974e-06,5.114380273656782,-0.012992497029648931,0.007942735154544151,0.021500752999682425
225,9.32117145130543,11.376445768432715,9.256091620089448,1.2230305808442235e-06,5.0090297291999235,-0.010072312846309536,0.008891898046452624,0.03220696562299971
226,9.97719446546883,12.439700358729104,9.762608005253066,-1.4478855235113396e-06,4.250569619201816,-0.0119071476189366,0.008694791375513225,0.06798719390943286
227,9.21095535842886,11.220494396683828,8.9104456959415,-6.997921358358144e-07,5.424376438603424,-0.012081508529482764,0.007836782477118446,0.02738200673885855
228,9.300861028225485,11.345260331447967,9.234914401049261,1.259824302096916e-06,5.039463037134285,-0.010205991221307107,0.008809492787011127,0.031713094082506346
229,9.712997750158967,12.010268945649225,10.328443348024512,-3.4404603480973377e-06,4.597176695453447,-0.013068078725713366,0.004715802107554573,0.05883943741102112
230,9.453949702975063,11.59344152627772,9.486328736323047,1.4390400593985297e-07,4.873213222771142,-0.010970353405685336,0.007701568894131356,0.03190344248776233
231,9.727594522090468,12.078448105620112,10.398829236549766,4.054833946473083e-06,4.148783398862873,-0.011306867347700988,0.004658917132866973,0.01857777362730519
232,9.445380954988893,11.574335633193972,9.46530813942783,3.783279669009875e-08,4.940145584195964,-0.01146237972706554,0.007660792320256301,0.03198672211972027
233,9.461985957290008,11.571630284470602,9.518287419365608,2.2424511782699618e-07,4.918707745978325,-0.010228167241505775,0.008560088684094042,0.029130050037880103
234,9.963902998540362,12.35446233682709,9.65136347908408,-1.1607150063358466e-06,4.514902866488691,-0.014211630167163028,0.005529388410736481,0.04404689238071035
235,9.76817577813291,12.031911915988172,10.62982956567478,1.412616140310825e-06,4.900376236637522,-0.014305361630021492,0.0066242138457955225,0.038118610285667424
236,9.259478913790414,11.250604024398523,9.133260420860275,-6.392918058896784e-07,5.501427505771529,-0.012361075379025916,0.007312629309746133,0.028093724948358018
237,9.457107238957722,11.536973084044597,9.77160095889206,2.978527258811812e-07,5.328466138290395,-0.012503779713386272,0.007214021422024427,0.029596172636957595
238,9.430230792908242,11.616090896694203,9.935261395117708,-2.6887118271707796e-06,4.485804141541321,-0.009363060149328141,0.005071926393921214,0.028112335215166075
239,9.779565778100457,12.091668362728363,10.288033974745812,-5.658982391007591e-06,5.135384581601321,-0.02055655133481033,0.0016478008180584882,0.0664636507774489
240,9.691300500744983,11.913437538668813,10.125672346024112,-3.725165349924659e-06,4.793816447793979,-0.01262518313735178,0.00575895158077421,0.026543554532218263
241,9.779245300499792,12.09091042342908,10.28583782348834,-5.678520085183673e-06,5.148266094186836,-0.02074403595776443,0.0015676461704071908,0.06688624885568556
242,9.653034799690694,12.223332402785651,11.154224633979648,4.799528985775343e-06,2.7676031818805846,-0.004367075447492552,0.007202903554310333,0.02586998403770431
243,9.489500835092183,11.753405965658844,8.545116924471971,-2.3807765584862672e-06,4.2078194952745775,-0.01095340868770102,0.004721547132758304,0.07705082939968702
244,9.448858971124615,11.757981395917732,8.544182419195767,-2.6045004813713034e-06,4.131735467949959,-0.01211137957965708,0.004197273520975909,0.05912364339166318
245,9.45973477766275,11.76164620013545,8.560387752174481,-2.564138722169429e-06,4.113399685614423,-0.011431973801816528,0.004198680592493864,0.058037226615514755
246,9.69191891240163,12.19869456354443,9.061547062938933,-4.325648612812666e-06,3.253918141641229,-0.009278818952439165,-0.0008200172089155223,0.04079200241695973
247,9.13660415371946,11.043974325351233,9.401311563867122,-3.509582002852507e-06,5.342822459924624,-0.009930089156821423,0.001601532684822984,0.06102234963549905
248,9.912053512349914,12.613794605809687,9.153847805159883,2.2784653216247124e-06,3.3438416941340714,-0.014941936282027064,-0.0018327178509301317,0.05614982124190731
249,9.901405535822683,12.73716436867573,10.149775873731674,1.4622169236981968e-06,2.161033427379811,-0.005431310690005804,0.003117852738807576,0.04800661614802408
250,9.491634598988659,11.964431110783432,9.513872315581029,-1.9408924759049237e-06,3.433125019958784,-0.010756407460246769,0.0022559020160023823,0.052207139255215994
251,10.003121291739667,12.681106990203451,9.044318572592111,-4.021498037418093e-06,3.4709607154106004,-0.014037219385203272,0.0008193302953465819,0.04983836008612706
252,10.009054827142702,12.677388323401738,9.015394182231386,-4.132544724593461e-06,3.512076534229495,-0.014182759159459282,0.00097557625430629,0.04547852156817611
253,9.845817024066099,12.391707894512674,7.987032641724456,-3.8191706101105595e-07,3.7566084084957456,-0.012960636243036325,0.002840014818612384,0.0029256249512321017
254,9.366237779873453,11.357023756119752,9.088791179091428,1.168532186757304e-06,5.462666531436599,-0.012354538154350954,0.005645479997067637,0.05803779416624947
255,10.017318343227522,12.800724368000932,8.466503144679137,-2.295619123134816e-06,2.69933086380197,-0.009128940390684029,0.00023192075690005873,0.013867781287247832
256,9.36755929365248,11.3616828423697,9.08899573011022,1.1690861136036142e-06,5.451639587512858,-0.012301958150927668,0.005642596433375663,0.057667472649067464
257,9.174250707243784,11.3794485094621,11.365434381312904,7.404243469298628e-06,3.57692603220077,-0.0010701768865856787,0.009413469892290239,0.09460667987510357
258,9.58421014964128,12.138702993464046,10.763525583681565,1.630419659878412e-06,2.9985885224966937,-0.008013316531835223,0.002881607174939671,0.05021195221048323
259,9.384585579325076,11.412825673296595,9.096156800269693,1.071146402521415e-06,5.29164518829902,-0.011576870669150951,0.0054888145287296485,0.056543538330210086
260,9.504338092252793,11.987460742070532,9.036146651010405,8.091723851506431e-07,2.736030276815608,-0.004215617183831684,0.0023358372729215147,0.021139032199461075
261,9.241833601927064,11.499203051669102,9.471668878114315,4.06614523434117e-06,3.315527971067731,-0.0032250186133157294,0.00034795553552164444,0.014675037339539345
262,9.826484873718128,12.458294525659008,9.746108019129037,1.2674825478114386e-06,2.878468647076607,-0.00763686865084716,0.00240889983876593,0.034287762777724766
263,10.037792014319756,12.663784185986875,8.709356103767673,4.1653961442061054e-07,3.556576885511223,-0.013930216524673453,-0.0005717700366766635,0.02914559100976683
264,9.684732168793563,12.102283651510934,10.358110372657476,-2.3449461939233395e-06,4.1580438695918,-0.018149538780939868,-0.004413958336220821,0.06052436977856637
265,9.837627709253592,12.328781517373343,9.737692462295312,2.1235244129354506e-06,3.8947602447303016,-0.0149840295105112,-0.0014191693658716074,0.07526507031020135
266,9.851605787398709,12.563706369560784,9.207709739932028,9.37014063963618e-07,3.028536521132894,-0.0125531030769409,-0.0008050524794222595,0.07700004123396026
267,9.83350639072837,12.317406070805443,9.839306245045842,2.5343334908695142e-06,3.9345969886264895,-0.015493995157256609,-0.0014638718887639403,0.08333850958272856
268,9.91584327053313,12.40269922149836,8.83644965667827,-3.171338824205116e-06,4.217768509485794,-0.018282976488208025,-0.0027270897606821503,0.011183075174716088
269,9.635278757596197,12.042877429300656,9.489687248251002,8.954831907005328e-07,3.8284570191940057,-0.01197512990130548,0.0005955908464372059,0.07805009783085143
270,9.707382102610088,12.116162243509088,9.436474523432103,1.049308850177735e-06,3.845656509126127,-0.010991895488934537,0.0013234517583134374,0.07296952647216713
271,9.940044612323025,12.672465174266666,8.999563167582878,1.1158087605714122e-06,3.123974343143073,-0.01344236827670648,-0.0018145463441021688,0.06285170303519835
272,9.809483350612512,12.297790005850237,9.520420869835501,4.053692997308893e-06,3.657406069428796,-0.00908390562974164,0.006016809304196629,0.08931543793921452
273,9.742941731902082,12.186299464854072,9.581183529005013,-2.109875864140131e-06,4.336329253921913,-0.016998553427437703,0.0010492227563477586,0.0639720024069419
274,9.569714535308604,11.945496177036912,10.471928804822095,-1.12973798277928e-06,4.174016641234761,-0.016115154987320558,-0.003035741985235093,0.036468958107485835
275,9.66360576275399,12.081308007528644,9.50389948234075,3.9428070614187323e-07,3.700989845212817,-0.010296563437021794,0.0006605798814024559,0.07607002291885417
276,9.827089989473892,12.304106044550403,9.36366946815286,2.2802457906332284e-06,3.8747614792441927,-0.011680883642677492,0.003445166835434196,0.06359570076771408
277,9.741473468399304,12.239230623478376,9.896732084946736,-7.243248665059576e-07,3.6680431730873297,-0.01359927448584293,-0.0002972904988246389,0.050055094586337966
278,9.698387347913588,12.12694683702955,9.543319440143309,-8.661621156026458e-07,4.126155471253857,-0.014919700022512831,0.0008614953557823096,0.06979796879313373
279,9.628534551662009,12.032988990266944,9.572740888145244,7.493107073409511e-07,3.859850810353904,-0.012171142108105128,0.00029000780379639674,0.07512049315221064
280,9.55918836826204,11.70761790309798,11.443690583141192,9.885834716078173e-06,5.69388310714749,-0.018990321943040095,0.007461302829364462,0.03870208035970014
281,9.677228362073686,12.059812190240224,9.721216997209165,-2.080322732454161e-06,4.535713995489894,-0.018435299997109727,-0.0006857225706590298,0.061860272343091875
282,9.898102610505733,12.19352278446395,10.7821010586259,3.843717386672885e-06,4.948480841582001,-0.014926432671329176,0.0070676650213466925,0.04121640366820638
283,9.760009039650484,12.221011323763047,9.668477479471768,2.7623119822432114e-06,3.9945054164764633,-0.013738907114501566,0.003056001539445812,0.08159543095007253
284,9.7008061241774,12.072681576251258,10.034971771886818,-2.790603164298669e-06,4.679620322400711,-0.019241474571963457,8.520449949749825e-05,0.06796354378857178
285,10.105914278970104,12.700845586289391,10.29822821629726,-3.3128070190072646e-06,3.9146323415964592,-0.01386574412714435,0.004683096852456775,0.017594711711235764
286,10.044329466342512,12.718289020506392,9.282272428762903,-1.6428895109575604e-06,3.269631538375689,-0.01108425280611828,0.0025087948150477515,0.06430180505240114
287,9.770462115711565,12.219702203467964,9.698477375534257,2.3872154368200044e-06,4.025845322178719,-0.013734138894596334,0.0030012793997689175,0.07731644274251241
288,10.076416485615496,12.725773059409407,9.357977682145789,-1.9010874925511595e-06,3.7493016034944016,-0.013942999118044674,0.004615422832398645,0.03380075901290945
289,9.775476004306983,12.202149961608878,9.700282862634984,3.0984845217727347e-06,4.092732319364075,-0.01364788340724886,0.003331444083543149,0.0779950896024885
290,9.714220334697021,12.05582083008172,10.04431793814744,-2.4572631579797603e-06,4.728548798321502,-0.01818050349672615,3.529207418634351e-05,0.0651258359843032
291,9.953927290807831,12.473478206404232,10.560345100320005,-1.327387824009663e-06,4.056441236083087,-0.014963518753043402,0.0011655390357540995,0.05942911527708795
292,9.728749278653783,12.313513541186666,9.258094349388516,-2.6113758170763964e-06,3.00073996607055,-0.009563964510040164,0.0005636007228403564,0.016439220255047477
293,9.77305410071642,12.179765226971025,10.13686665319592,-3.134921027434829e-06,4.550556650578232,-0.017827766831206182,0.0010310802133579504,0.06060677152519887
294,9.776908448415782,12.193217604035173,9.702511046798621,3.2286467322475894e-06,4.134249254739464,-0.013373924344833275,0.003406658458146654,0.07716043573153251
295,9.925999475917083,12.425223148366031,9.295422298021743,-5.732860520043184e-06,3.9313875950769055,-0.0132313220010168,0.002468276035404662,0.08232125141916566
296,9.764905531612394,12.088382080843568,9.689008946306759,4.362058872100173e-06,4.941212471051466,-0.017282368603773274,0.0044194755807152545,0.03473452810458881
297,9.619480905397326,11.771864025831208,10.700685567231488,3.584242007049623e-06,5.289258572779522,-0.016729639911167535,0.0037873883409550754,0.05132808615079565
298,9.619250042972087,11.771231820340486,10.70252329826,3.5902637327021957e-06,5.290365567667477,-0.016729067607195638,0.003793339765669204,0.05134746386025959
299,9.84993969267012,12.191601161654567,11.24215918282718,-5.730451263415389e-06,4.7395068990854226,-0.019198441752466752,-0.002252798239523202,0.0365341024409293
300,9.53474942516392,11.632213169348615,10.54111691620326,3.1554259948778717e-06,5.63735308507275,-0.019236862697627297,0.004162994311730664,0.05747311837153336
301,9.786442700755998,12.088012057997602,9.79255464882356,3.921345050701083e-06,5.002783019770657,-0.017825982448070352,0.0035227235253467546,0.03537664308805085
302,9.544919191218574,11.91361272396134,10.396547427373685,-2.0707246908192174e-07,4.199254711579324,-0.01730159934108019,-0.0037816661661762368,0.0249469858054832
303,9.773114422667192,12.189636657196582,10.039548835388729,-3.520201678511519e-06,4.52922358008492,-0.018081696063650576,0.000803658436133534,0.06157767335033242
304,9.805877377327553,12.271075290502248,9.814957429517122,4.171971638782345e-06,4.315927569265883,-0.015040667700823188,0.006324840913421477,0.019293799794473415
305,10.044399365139132,12.71411738833846,9.224444736771048,-9.907249021924218e-07,3.5186140812123874,-0.01387837085968186,0.001853520913815976,0.07641303582973237
306,9.451068959002582,11.559863375237644,10.37376841977784,2.173314088245318e-06,5.286888618796124,-0.015555004803951736,0.0013648675580037327,0.055837362854168925
307,9.748329165929269,12.026476730587328,11.193659570421008,2.3787217724438347e-06,4.97517028090824,-0.016222423401605124,0.003562924398157432,0.04663955123455179
308,9.608789220365352,11.82419626811564,10.696455224967988,1.799172974883168e-06,5.171574327561482,-0.017921824668956334,0.0025465288284807147,0.0580417162512883
309,9.549854673087957,11.708698753439052,9.891613856423657,-2.4322850167024e-06,5.4438069035843,-0.021955777934259475,-0.0025968577790423768,0.06128703692600671
310,9.71929658431799,11.915030546305342,11.28250477901935,5.418154227082526e-06,5.45014294949666,-0.018110591287270935,0.005001571320672863,0.04461687355442007
311,9.55561476716794,11.707336358768256,10.527388387286866,4.1634650188597715e-06,5.123263670562562,-0.013792812762050468,0.004766736958090815,0.04636439158137592
312,9.454461466468247,11.571481604452227,10.893815321540313,5.879351953337662e-06,4.8583655758522895,-0.011930880532844954,0.0018833350426057235,0.04640356721295224
313,9.995679443332973,12.466925139830131,9.1702625749725,4.558066107078497e-06,4.47525453062716,-0.016653094587284083,0.002990455933393724,0.01700748125854827
314,9.558001400973689,11.721339212125612,9.94599940403922,-2.1111604648332356e-06,5.421648522904979,-0.021579037485838844,-0.0023563071082980834,0.06004560948318152
315,9.787095389593725,12.08921713893612,9.72289910314066,4.035079163326803e-06,5.011926527726584,-0.017966088324052904,0.0035124382249373787,0.034745453414243996
316,9.501228922991043,11.61483713361809,10.556543832698864,2.2481104599407424e-06,5.336634113357786,-0.016780841397587058,-1.84103548560334e-05,0.05232755487831149
317,9.569393017439094,11.881667196145331,10.1181202346803,6.989243973842077e-06,4.310583242938196,-0.012330496423057688,0.005994925026410591,0.030200529400969244
318,9.757915003749444,12.038513356887044,9.843553569151645,3.405937532121761e-06,5.021352719370812,-0.017237756898657787,0.0028395969215273984,0.035079384552545514
319,9.598050270612031,11.78487899030895,9.92547633892791,-1.005915321960875e-06,5.341456908978144,-0.020709344889209936,-0.0013154070381950903,0.05504410346395296
320,9.745678934220024,12.048254437952815,9.675994702065791,3.057706684481787e-06,4.946091171871719,-0.017039348020860698,0.002725575192661758,0.03459841241187217
321,9.744795276372944,11.987241616148092,10.916212777522466,2.660369449713042e-06,5.221534066230908,-0.018236784935018128,0.0028982856790799546,0.030363546735239444
322,9.886037116929216,12.312093162469775,10.114655827599424,1.02202849578753e-06,4.508779859144398,-0.01719566288779335,0.00033713331338766075,0.030518501218459167
323,9.828215844419745,12.213386359148734,9.972647201101262,3.4535119538180133e-06,4.692302865847715,-0.019274709119816623,-0.0010081584576041277,0.0322291718164264
324,9.958333589026639,12.38985709429927,10.806840528510335,4.968707429731867e-06,4.244666022489592,-0.01148006102911008,0.00804027605343732,0.040160327629831745
325,9.555514428519604,11.84953545396181,9.953300252005269,-1.6474338401462051e-06,4.843090904163328,-0.019870844102077775,-0.001757683336338461,0.06895810645707857
326,9.990251974040415,12.515054738185915,10.005855399056296,6.592940340687606e-06,4.2352996444869895,-0.01826472824543064,-0.0007918560366695507,0.01616750299008051
327,9.613435021962424,11.800995256358686,9.905272374664525,-1.463990605365408e-06,5.330723502005184,-0.0206454304392405,-0.0017174802927567255,0.053923176139328205
328,9.738038095854195,12.035964770828324,9.66503076216037,3.083713066972086e-06,4.961268272261759,-0.017129361049830507,0.0026395484523678383,0.034876838382477716
329,9.761453899687941,12.023673976064313,9.952673837446973,3.6718607356908887e-06,5.084712086300334,-0.017454360565086292,0.002862437161508352,0.03560494363051218
330,10.171559717775182,12.778425266414322,10.817913560831732,-6.362223828085542e-06,3.9249651509367807,-0.013236024881958014,0.004736978230465147,0.05345626055277673
331,9.613491374493714,11.801005558374408,9.906059507836453,-1.460202743550326e-06,5.330891515409634,-0.020643716027936534,-0.0017133351712865508,0.053921563719561395
332,9.722748531632885,11.926833812559575,11.229890262443195,5.224378599753355e-06,5.411605656159054,-0.018221707557241677,0.004785242733376216,0.04676704584732694
333,9.703686939482173,11.981578277439944,11.059879812848928,6.817226936919275e-06,5.049895489536183,-0.016539062876568037,0.005343180194110432,0.04030509527778425
334,9.741315046169957,12.035328501621535,9.66130545184377,3.151665642090491e-06,4.980738869169487,-0.017134580018350415,0.002697031790962327,0.034044917566883534
335,9.70121492600945,11.910193354102844,10.234879828567262,1.559448731103042e-06,5.3069841917849025,-0.01877684650821917,0.0006786960377980138,0.04697093410853832
336,9.723802982903615,11.930656159225563,11.166501820452806,5.1814098123632345e-06,5.3632561293236,-0.0183721544958408,0.004713539618655968,0.04446914423494457
337,9.73817154339922,11.955651997037895,11.177457610377212,5.07292416639905e-06,5.357177920801508,-0.017944962533616163,0.004841578507344901,0.04585095598444604
338,9.735858307043525,11.95301673320829,11.17057741779304,5.068183465828678e-06,5.358031416303424,-0.01796799255108385,0.0048324285496674415,0.04600568010933136
339,10.06503842411104,12.585443316959436,10.041849472301072,2.124444443282499e-06,4.190593645166198,-0.0140255704078052,0.00594045728611995,0.03096130215618953
340,9.525640399375309,11.697226733837825,11.54913829308036,9.288630925391889e-06,5.4808843636781965,-0.018855942368925713,0.005068423475029743,0.04590304657091542
341,9.58192947724292,11.830244901371222,9.959366371873003,1.2596435181658358e-06,4.963356472896037,-0.017591028961480605,0.0005431821373892004,0.04856900904847668
342,9.840414323401772,12.241178814477372,9.99548592635172,3.402073409746996e-06,4.707020555686645,-0.019165901972296846,-0.0006829067477701189,0.034527279686537016
343,9.61952712451163,11.827030230629422,9.887996854935427,-1.2556565178250984e-06,5.280008316798238,-0.020947541212943392,-0.001753432925423416,0.05485463274899048
344,9.796797152566205,12.04026615910116,10.949078130439576,5.749475225503755e-06,5.189458846223297,-0.017303352390964734,0.003788203072036035,0.04083950715888855
345,9.726919340022869,11.930955923525184,11.099901023510942,4.764841844179087e-06,5.464308631221249,-0.01955473653519224,0.005029414584676115,0.04995463039201916
346,9.51469113536836,11.67605166218558,8.82179907674199,-2.4877571545608425e-06,5.569942307376943,-0.02370434929611533,-0.0053425091322958276,0.0484771616696818
347,9.656749344894704,11.89342746605479,9.925325683102864,-2.3559587773285258e-07,5.186777514631018,-0.02033693868266349,-0.0013757503221301232,0.05094907246874508
348,9.629081097822922,11.762547876375908,9.999425836583477,9.712491322722494e-07,5.365976968448483,-0.018400321286705053,-0.001311623939696134,0.06126269984008484
349,9.640785611887814,11.793391618565142,11.346443915582157,6.776381362212185e-06,5.564243623273847,-0.018179688186266776,0.005287751843532954,0.045255332041655126
350,9.694762541246563,11.890784161150831,11.052328858862646,4.773287948755353e-06,5.487600144408345,-0.01976094238020986,0.005066474797492344,0.05210415372207476
351,9.703103309251008,11.914802501421455,9.551358232306152,2.2039398047841913e-06,5.312992108683679,-0.018528731087834528,0.0017195775928288215,0.03635599059354746
352,10.073100876064744,12.55756219015086,10.405584349179009,1.8893849335542807e-06,4.221576092766338,-0.012191097066129426,0.008735879273034767,0.052193820450835926
353,9.72354654541063,11.9219182838548,11.08206579770342,4.895332953014736e-06,5.466565233579412,-0.019314950263889866,0.0050208425112328306,0.049243630803861446
354,9.414589614492456,11.45584700055648,10.441220781284573,3.1472812652076557e-06,5.4167739049384975,-0.015181758450405772,0.0015084765637504048,0.04132322497144375
355,10.138732767719418,12.698667661577163,10.071595633791116,1.3280575904479175e-06,4.054128147097984,-0.01295120882674416,0.006610619045983199,0.02837948409011524
356,9.714239979845704,11.9106593512723,11.197197164728752,5.321564440750492e-06,5.426818827254198,-0.01815474838962348,0.0047554897078381664,0.04655546673225874
357,9.665022811725713,11.906121600370485,9.910628253402312,-2.5981752063801154e-07,5.153935030285948,-0.020299758994532548,-0.001332011099837,0.053501441902249786
358,9.74531714918573,11.965158388647612,11.25740989675581,5.951794237812636e-06,5.411357454193334,-0.019011947638235195,0.004918903899636319,0.0479798733138277
359,9.544382111586822,11.651910184522828,11.933571325632109,3.5068555693222646e-06,5.425485848643902,-0.016926614171269876,0.0012369104508163015,0.0614280341452419
360,9.855149838806977,12.248252521509489,11.049423446854354,2.9889032096253716e-06,4.508475770538949,-0.01434536429159527,0.007303989015344544,0.04041251034595173
361,9.911490537623532,12.445102290910786,9.44373444017095,-1.92318175936834e-06,3.991437614852366,-0.014893831064787888,0.002049730352838919,0.02609130393557578
362,9.770439999354123,12.037718495046985,10.983210175740162,4.761219477817847e-06,5.196687501860734,-0.018389352007109755,0.004485129167105765,0.044670659642132654
363,9.378376389943089,11.496397331542031,10.4221223563905,5.071529637880792e-06,5.373743176231248,-0.016432732089255477,0.006215834016331223,0.06389828087049468
364,9.524089710451035,11.609513039747544,11.66499227712712,9.358569647733448e-06,5.652528433734448,-0.016458104676507365,0.005482883091116908,0.03784442661247263
365,9.590527966594422,11.824880475061544,10.23754818956291,4.30381917175559e-06,5.098928015134043,-0.017262858362442117,0.0030767872373174826,0.04977262386302821
366,9.60760577438467,12.069812121629267,9.515525382345587,8.550008749764595e-07,3.6493979088139152,-0.012818249841674288,-0.0007283519005847354,0.09283946084606381
367,9.84731303237212,12.220243887058244,11.109222933954063,2.754428458819419e-06,4.566490769569741,-0.013807405715440356,0.007225171161611566,0.04018456835944056
368,9.666307324401341,11.908608343899749,11.278838263231185,5.423832822206676e-07,5.023763854962727,-0.01709600575812598,0.0030672787386911964,0.06578849613343013
369,9.442873514734249,11.545341571523622,10.512206699024627,6.180381562747936e-06,5.484553273496717,-0.0183917610762704,0.0007508962063120704,0.04096904196818845
370,9.751468063794714,11.971930978402863,11.164614589823453,4.837925976906942e-06,5.3481921770654886,-0.017890538915492027,0.004672774581806406,0.04484884734212725
371,9.492409515150152,11.628739819249253,10.454281568516857,5.817901427378334e-06,5.3955552899087085,-0.01834443632134862,0.0006760045342413829,0.0403280307555725
372,9.515480613180493,11.59786117893074,11.703893932427846,9.681100384727702e-06,5.74581238749489,-0.017539699214586674,0.005709778294347291,0.036226270078409895
373,9.848155253057552,12.229905309743472,11.119950018196302,3.0168145033808026e-06,4.536961362023315,-0.013971297949736384,0.007199662392823971,0.04024566112117367
374,9.74660799235218,11.958150417870376,11.190147075468907,4.749996014900156e-06,5.3899754834200815,-0.018177915116154013,0.0044773212439538435,0.04555881583997801
375,9.995691878081939,12.743332951939616,9.890032183610703,5.273022900011719e-07,2.7919501713858317,-0.009688318311747594,-0.0004674322357673195,0.030388458216779612
376,9.738554655330049,12.237244200448597,10.465913037531427,7.277850171623671e-07,3.7164931519943214,-0.012416222289495654,0.002693646463177326,0.07445511850601295
377,9.700275302714385,12.084007446851103,10.335267691385813,2.066079891684161e-06,3.9790641929025647,-0.012155755476948017,9.10258226733162e-05,0.04956797656967367
378,9.817708952148225,12.503150949044336,9.668196127488306,1.8109411268783793e-06,2.6774605882319893,-0.006844939187740005,0.0023154186030668114,0.040321882661195435
379,9.926287047443022,12.366522449321367,10.028355470569156,5.205640989467867e-06,4.470244949665914,-0.015956485970889382,0.003354359623896666,0.05899851369335185
380,9.59301008405758,11.8068771736557,9.600867686220584,1.873462328007442e-06,5.006396895345656,-0.015396179310520708,0.003317010333505694,0.0799816209430074
381,9.507299281116548,11.585601709092984,10.0021998790147,2.195615532492239e-06,5.440632784714312,-0.01577149659730983,0.004473836976969951,0.0957771208483413
382,9.637323292239534,11.958457258567313,9.467473430156147,2.4513978616788212e-06,4.369336227356458,-0.013616435252425525,0.004147993581093931,0.04127881675244222
383,9.749540453346736,12.109492354598231,10.11974162069948,3.984462298183187e-06,4.6226896327482,-0.016023725822443866,0.00431328401895609,0.04970478484757207
384,9.767584983621743,12.16142137660136,9.661122381864194,6.17861214466595e-07,4.004541500388948,-0.010806923668541793,0.004106345431134914,0.05583562063088898
385,9.607316432307346,11.896341026768466,9.571954873930967,2.4626159450377214e-06,4.599586821466428,-0.014382842271431096,0.004412621765667342,0.048089789175972925
386,9.62685388819511,11.905061146024495,9.57665770108867,2.2053079490825847e-06,4.705430277585991,-0.015327231084818463,0.004502139573387939,0.05032504734251268
387,9.964637875011654,12.444736488333248,10.39805613458594,5.009225664640532e-06,4.2980413770485075,-0.01549757985600806,0.0023837211763071044,0.05118815202459835
388,9.795190996739581,12.177986842285575,11.087172119600304,3.2178781572959618e-06,4.274833865119724,-0.01381999102466988,0.0013350160740496992,0.012230629278117754
389,9.715689468859987,12.080928817922588,10.058182570349178,3.7648687230735422e-06,4.532764284212504,-0.015756097691780466,0.003958064797477656,0.04806426205097523
390,9.635410052013054,11.922475379686556,9.565798671780149,2.168300922574992e-06,4.68070316264128,-0.015526518095306186,0.004429314048227075,0.049153903755823375
391,9.272947372926192,11.292486596751903,11.59344826644528,-3.4834333120108904e-06,5.205747845735506,-0.012148113910155288,0.0032819273491012687,0.04747117961264037
392,9.748606818773055,12.116975219919816,10.134772599660293,3.948103618186571e-06,4.591441745828821,-0.015962981347964398,0.00424819592146947,0.04977697245442298
393,9.404785773460068,11.671298490195875,11.062465345315776,5.332724283765033e-07,4.524904380567208,-0.015454246681110824,0.0016109215698197482,0.03989459444959014
394,9.7516930924728,12.0956291378389,10.072790665637031,3.7996904677261872e-06,4.515243904207432,-0.014629997463164832,0.0042578250488160795,0.04536292942844189
395,9.468689319684973,11.700583099835802,10.381523873729089,2.8708690420377574e-06,4.201288690786097,-0.00896702144943827,0.004470033689273104,0.05829636773785962
396,10.101168011550168,12.564703164034189,10.117267777822544,4.505151606895829e-06,4.585069045960447,-0.018414631737572067,0.0007500667222421378,0.028197084261341585
397,9.894936061765893,12.338985236092388,10.31310844187178,4.666857618116668e-06,4.392706181577245,-0.01564774033960451,0.002985288713639403,0.05073283890171123
398,9.753140626821097,12.121729062587194,10.130296434661634,3.92229081197132e-06,4.591523405566231,-0.015949021820426564,0.004232362314571059,0.04985327918262221
399,9.465425411607994,11.501983318892048,10.78108071198214,-9.866628085012879e-07,5.5408267156180155,-0.013951920850328365,0.006938278180834917,0.0294444576085414
400,9.454449047633556,11.557311843121424,10.605158217827208,9.612511246195366e-07,5.071443890942408,-0.012225850375175672,0.006244939875178292,0.034412950811193284
401,9.600351375482838,11.851802331060345,9.714798533084942,1.9203289930277485e-06,4.765738442872944,-0.014709012004956407,0.004741710301672564,0.0474163364263119
402,9.597069634853293,11.843885868653809,9.716220512699657,1.9279179063662902e-06,4.790756685804433,-0.014819254105463982,0.0047895811141931205,0.04827163475223792
403,9.787928217236033,12.270502803998758,9.955766654331168,1.7172383937068082e-06,3.662136574645384,-0.010426883616665446,0.0031434909668677704,0.03535325008464709
404,9.72491996889987,12.152296092798554,9.660822908418485,1.632268367018732e-06,3.816093823281745,-0.010524432860603936,0.002924625877714552,0.014950848918444969
405,10.118924521681944,12.6044603685659,9.883817311378149,4.069021683971017e-06,4.420884417164092,-0.017528536168152656,0.00016467129136630578,0.02785819529709932
406,9.899904438985327,12.341348892728334,10.13904527423129,5.4068028953177005e-06,4.4530949674925635,-0.01705054015204239,0.003100097565713165,0.05994587768007993
407,9.848316708088765,12.298096645765828,10.064342454468637,4.615485488541489e-06,4.258193600911584,-0.014955336278801318,0.003095697866547413,0.05074741428605475
408,9.282748676203882,11.548230979217688,10.332834432329976,4.79620004065481e-06,3.877515290778192,-0.010078021961575643,0.0006436106508889965,0.05626126409417791
409,9.872482918191047,12.291753991568116,10.178675106199853,5.280561310088094e-06,4.255222124244975,-0.014311051080731664,0.0029074383543241404,0.050323711575740754
410,9.656495708224904,12.00748260630799,9.67006585071583,2.0452177957514205e-06,4.226581003966587,-0.01320623328598976,0.004431078241943245,0.035793394706416605
411,9.545203337712806,11.644557974447387,9.734175128493694,-1.8702919274840537e-07,5.687699466825185,-0.020104607544048164,0.0015763225516684269,0.03718193699385322
412,9.816467423028847,12.216129422912228,10.201081105352948,5.202345910601741e-06,4.541358772069955,-0.016925171916505385,0.0031610769669500748,0.04729816887451886
413,9.517416612650765,11.581766332773048,9.694832087188942,-5.464713972805087e-07,5.837593230752061,-0.019459381256514505,0.0014518870572623865,0.03828938534823762
414,9.591153400884814,11.814763329006963,10.098438798055216,1.4766201723909956e-06,4.803909679596344,-0.013985166756325489,0.005481378685502758,0.04993989845793226
415,9.592578739052092,11.815004506583318,10.098354860622496,1.4650225333763135e-06,4.803605466443528,-0.013874248450401194,0.00547079043149749,0.04988892122429701
416,9.59707823413492,11.827575803571166,10.052295855580423,6.066202465271979e-06,4.738903600317723,-0.012557779296969752,0.004930891466411642,0.036891704999198895
417,9.17335113400853,11.120159590772069,11.060002280912803,-1.392142431158084e-06,5.459283299808667,-0.009254019653630947,0.005236406286839634,0.03504201617728101
418,9.612203744892632,11.90896097635826,10.043492356712076,5.231708611783023e-06,4.517782999824638,-0.012588074082051766,0.004760409192887796,0.06542520158934176
419,10.11675452933399,12.69348067509234,10.062144661399488,5.851430952021198e-06,3.977812366961581,-0.014976698012743466,0.002233288799150758,0.03320168506505439
420,9.289716474798254,11.382490451586346,11.435284437528448,5.936935957115976e-06,4.929615882625091,-0.011948354512912714,0.004380514373813489,0.04497001130193895
421,9.620005131435978,11.855616399233568,10.007988660994185,1.3441927630126363e-06,4.7546182454903025,-0.014009385256409388,0.005415761461821626,0.05018729169496703
422,9.721523238750683,12.182130678553282,10.675643425150207,2.063708636238632e-07,3.5951668792542626,-0.011380156661367448,-0.0007462942093490831,0.020852501047716965
423,9.818015552381722,12.555724659713963,9.329135930532372,-1.6747238812037406e-06,2.906051984316929,-0.011688203468826748,0.0004606647056577887,0.020810153091512015
424,9.876659367988045,12.597388640375828,9.387920140612746,-1.1330968281937932e-06,2.8116976112666574,-0.009801340822799208,0.0005294291862764497,0.023146033164292732
425,10.265050745697035,12.946739820472631,9.217672680319286,-4.700902829279645e-07,4.021099532574966,-0.017327256425401907,0.0004391126671423598,0.019640203928256817
426,9.591664273549416,12.027145060223178,9.43184904129692,-1.2209650707750078e-06,3.5374597802035224,-0.009797051543355416,0.0013115381141794056,0.04521976175526447
427,9.97556095898466,12.451240314594246,9.095342640851973,-1.7730982306322463e-06,4.1036231385298345,-0.014100213663122694,0.001933649272353256,0.055324107480818355
428,9.766901259413123,12.408065952952027,10.150724205169348,-1.7332742739056537e-07,2.9038573376333323,-0.009798381590385727,-0.0009473405182404464,0.01729078167391139
429,9.910510525012471,12.474639769784712,9.636988445969578,-3.848539530248319e-06,3.8497736581550943,-0.014524899897135773,0.002181071648938244,0.06742073576671478
430,10.100629054790211,12.853802984343512,10.39308372236476,5.034853288036938e-06,3.2591036297284983,-0.012944260513374758,0.0014638346523739305,0.021781352728601627
431,9.594472663322868,12.067670400146666,9.475527969723437,2.5164995138524e-06,3.5954196717950717,-0.010786532943419962,0.004625020449591185,0.020673365664685264
432,9.939875080910397,12.511665179935951,9.420694361918653,6.442135879661198e-09,3.3630547093646443,-0.01003302164582648,0.0019654684458987916,0.045871401984355686
433,9.594349562476872,12.067389927177905,9.47570349249884,2.5172616899201e-06,3.59716570589457,-0.010834941584130913,0.004631422898717603,0.020673597594055577
434,9.594549850300153,12.067558203827222,9.475826864070527,2.5172881711655115e-06,3.596762767362636,-0.010845693460400492,0.004628469266053505,0.020703509496443617
435,9.594276972055384,12.059772803301632,9.474482185528224,2.598274492181531e-06,3.6080623177472737,-0.010469574811612398,0.004661315517759978,0.019285654562424898
436,9.578500533251718,12.038861687435666,9.465390427899703,2.70767738222022e-06,3.606717941413065,-0.010621933338705852,0.004685521902923745,0.019841110582174182
437,9.595584639420856,12.05869905759866,9.482319521801386,2.5717974211456197e-06,3.6089102054515703,-0.010099744950250128,0.0046405773567077,0.01931785247689826
438,9.664295175855193,12.29166920277615,8.737281208616722,-4.225925238381655e-07,3.064913816167069,-0.011829921044960124,-0.00063787157548162,0.054873447251281654
439,10.28220158539307,12.805053050171905,9.75224081940808,2.8576706562526767e-06,4.894228630126813,-0.02013295168733144,0.00362544851446558,0.04055411165953687
440,9.904496946259389,12.222288388174595,10.43374834897786,-1.3756778083769595e-06,5.096817505224388,-0.01875788780023252,0.00393062076518572,0.05309963345760271
441,9.926748745525842,12.240164183863913,10.452152897578928,-1.352297414388732e-06,5.026573894968452,-0.017507625633440396,0.003818522881109749,0.05334880629429881
442,9.90272794598487,12.186031598099392,10.454288100675242,-1.430025944844663e-06,5.310339303087827,-0.01989048474626438,0.00438516297476962,0.053190662230253705
443,9.66357294074563,12.253044083977812,9.228211187133763,-1.1157197854585015e-06,2.7264118442475014,-0.00659055675028828,0.0016321751576450962,0.07169362485407871
444,9.939104455865944,12.413777202311142,9.654945388653864,-3.223629480902274e-06,4.161806421298685,-0.016853434082260657,-0.0018277873250869897,0.009620037366800935
445,9.707124182935344,12.085245674957031,10.29586426753088,3.903637277293893e-06,3.861566539830428,-0.007608141589010645,0.008898929030538572,0.05661181085578846
446,10.15622344339278,12.784958319551484,9.978835838701837,2.710461757555863e-06,3.995783842820285,-0.01595809247865003,0.0006457083928724464,0.0304946632373514
447,10.034768700053286,12.627070975007754,8.656631338860906,1.0922842715025348e-06,3.784175250260768,-0.014634771484689854,0.0009006980788077104,0.008099653486030492
448,9.698755294703819,12.117141497192796,8.553777096569632,-2.188784858499375e-06,3.6891998226123,-0.011215517299607444,-0.0007265852054850207,0.049671055947936096
449,9.78309826229223,12.308199674540152,9.642786352484869,8.334004584854661e-07,3.5918254146125475,-0.013029966108502149,0.0002088102220479944,0.052790006794985994
450,9.763150377642049,12.259618827980708,9.608205465846329,8.324621186303991e-07,3.6680250493678574,-0.012155530367672227,0.0004932777835980914,0.045927191993435645
451,9.700550269464518,12.31765537279514,10.200700641614898,2.9126195373617342e-06,2.6971273654410632,-0.006820592979210241,-0.00029008027999651975,0.042799277763314166
452,9.690009202815965,12.316104330765972,10.158678786269114,2.853421176637015e-06,2.7390613282848526,-0.00852660781653479,-0.00020691948122889296,0.04329280499095791
453,9.753515064533916,12.412780364153374,9.319154931889402,1.1900586053339187e-06,3.0268769047766915,-0.011839956585697677,-0.0008452546105740007,0.03828765163412896
454,9.83850028941389,12.344063798575492,8.85770063479324,2.2401701519100975e-06,3.8303767121321863,-0.01210912048453962,0.004246229656002003,0.007191545340593519
455,9.920623729362926,12.615483682985891,10.192330341927628,2.051595330193719e-06,2.692051731375249,-0.007366056007937682,0.0017901457410217257,0.0352279067809193
456,9.63892905257959,12.243651904457488,9.564165225730957,2.3448820673161847e-06,2.8517872017312293,-0.008806255587584785,3.962910037916961e-05,0.04634098137969581
457,9.871464141947675,12.349502970072953,9.025091423038972,-3.094598482707662e-07,4.148081050504642,-0.013715103837129324,0.0037337501107265474,0.014114167911491069
458,9.888193201124464,12.364853916614578,8.978908382526228,-8.826027905462863e-08,4.273265981262126,-0.015034434652723644,0.004165575928461838,0.015531240848117188
459,9.920482478168385,12.568616716770878,9.8727025451259,-2.446245360593383e-07,2.822083257829781,-0.006061563338120631,0.004501392551773337,0.032362105603863954
460,9.689028167253566,12.330064455986696,9.35281009782742,-3.069159437720671e-06,2.6166102721582187,-0.006861077205703864,0.002439221827050312,0.03220893946214902
461,9.8638032861757,12.456515093631802,8.854293705238696,-1.8215990719160036e-06,3.5464805051376667,-0.010926560186607724,0.005956001456046417,0.04020091596363735
462,9.882671807102895,12.59117015413876,9.084126709872274,-3.7000779709586192e-06,2.934848500346109,-0.01016172333030517,0.0029662275752576936,0.016720430858960425
463,9.839175432690405,12.428129454811026,8.927250222022717,-1.7875003580948167e-06,3.441155257188357,-0.009817922501153747,0.005466035656876216,0.0370745336421834
464,10.048938561971514,12.763735028290895,9.278360425686772,1.768806987205506e-06,3.427282223238408,-0.012811593751116316,0.003035347454810841,0.025134206547778384
465,9.802471282857757,12.23132972557666,9.567313318433618,-6.221057032591316e-07,3.9338813037254594,-0.011436877437347878,0.003062047451445074,0.02077823315010341
466,10.276595253401805,12.898931677851444,9.136190812341095,1.931392976932241e-06,4.34185553110272,-0.015253779895036231,0.008668309349345496,0.02212147366840969
467,9.859729372926564,12.447746697542923,8.85995837012868,-1.8116283665881237e-06,3.5457541906047485,-0.010747172664691915,0.005871704617251934,0.0394057117392147
468,9.63842075658532,11.955105072205946,11.023136755998928,7.425775793121288e-06,4.07655324230452,-0.010357856681148532,0.003682716134402691,0.02532668227942706
469,9.94612587296383,12.557831581039569,9.2198656064825,-6.610189752766157e-06,3.37365001180678,-0.00868548408854988,0.008272965511334274,0.05652978426957586
470,10.017432433624942,12.644346179730157,9.835893076163925,3.1490745606562507e-06,3.6113730775313706,-0.010539505965933851,0.006976123953787477,0.027511460939590785
471,10.017680633355011,12.64877760726551,9.83051342666024,3.165365353112414e-06,3.6171584171757583,-0.0107012283562559,0.007005158297637171,0.02771546158285627
472,9.86285821345784,12.499467999780018,9.421736727229336,-1.8906729255714752e-06,3.3075737758714614,-0.012777713662443351,0.0010774346317747137,0.026617103879999535
473,9.778495074889127,12.18749766519646,9.47422970530099,-8.687971213167303e-07,4.0995891724603215,-0.013128247583799097,0.0025329660801866856,0.02172414665809272
474,9.820986891591978,12.428930860073937,9.95276629813709,-3.739642676114325e-06,3.0503670558748532,-0.008280149339087078,0.004373783514576425,0.04352884010273343
475,9.716533798453701,12.090688634233402,10.494699215060514,4.5194872010673215e-06,3.870562394392131,-0.009761015409793981,0.00332369775226977,0.02192711070310233
476,9.503088523832432,11.855306925568566,11.476480281949424,4.428078436585608e-06,3.7303797449141785,-0.008401514567948347,0.004040181650894295,0.05297372032315027
477,10.021268159333792,12.651987836322917,9.847235675048749,3.2168247359080565e-06,3.634523578280655,-0.011014768737633882,0.007070324644895625,0.02683770090264796
478,10.093750277548107,12.519045192535696,9.845406845355207,-2.33742029095852e-06,4.948231091756931,-0.019472156496004873,0.002855092244957167,0.016535889969120393
479,10.109080300797446,12.77397939482404,8.829880515145671,-2.1262350305972182e-06,3.5146841109228877,-0.009901239554405694,0.0079689214338549,0.023256971501412448
480,9.897462941534204,12.403813617001346,9.050298369301576,-7.263353505689267e-06,3.8922046444875327,-0.012736763135334554,0.0048244277916028285,0.02629892984674775
481,10.016308862878244,12.639570003985384,9.814728439292873,3.1373552563659675e-06,3.6214640634189608,-0.011169330951035832,0.006986343845514834,0.02642990401369441
482,9.8462584096876,12.442981749366856,8.596493349063362,4.960850159840953e-06,3.3998869688484024,-0.013199221766910588,0.00014929341601140989,0.08600325451013
483,9.853441852269613,12.453118018392733,8.574204685058966,4.884115417663059e-06,3.4316594324564464,-0.012895011130136556,0.00023934227357359872,0.0862696665671531
484,9.855161773113021,12.463927526364577,8.662671489350599,4.636319532499968e-06,3.380863570038092,-0.012502628766491976,0.0001836278274579551,0.08326892458018112
485,9.848391054108276,12.450359208416126,8.633147416637415,4.986968507966656e-06,3.376214292618073,-0.012704815637333186,0.00020863692656826612,0.08655876800892742
486,9.526861093206877,11.823721771425982,8.9404955038366,-4.520020702861018e-06,3.959264432288269,-0.010462414705558455,-0.00022588196065914516,0.0061964553699711475
487,9.65880357419144,12.199891645103316,9.493475632705222,3.744246404365416e-06,3.1754008058115657,-0.00884381571932423,0.0029554638995601505,0.1402445533799834
488,9.833483548479363,12.536621006265742,9.312160511939592,-1.539381410610804e-06,2.6625208850934605,-0.008690529651549768,-0.0005949154090807373,0.04064207904677519
489,9.795354195848034,12.42135015826482,9.44310591804392,9.520155735222481e-07,2.959131711144475,-0.007992323217814942,0.0020655059519375917,0.09391536064823475
490,9.80792382926407,12.453587528841082,9.161188962236288,-3.921520996773386e-08,2.7512075862976135,-0.005936271026653506,0.0033965269516418456,0.04238000309741291
491,10.077006473838862,12.938671809444456,9.500716424214138,-2.669110028668101e-06,2.7836124076586124,-0.01150521599529748,0.000513486053229579,0.08437966790757143
492,9.800386092820496,12.416449981240577,9.429096582808633,8.877602014383508e-07,2.9657961570287346,-0.008126271035309177,0.001988249720422705,0.09200352144965626
493,9.92688210527199,12.612524712304989,9.317707491453021,1.03208998152514e-06,3.167455278473428,-0.011105635705553202,0.0010686574508649105,0.05962244608200351
494,10.233491020125664,12.914745600759613,9.69874544121065,3.394297348856976e-07,3.7899811720077032,-0.013849844309922732,0.0039178123866242184,0.03901267879888196
495,10.233794081783586,12.916689794278769,9.694414512006544,3.376380977148023e-07,3.7927159691637895,-0.014176712110398226,0.003921324485032396,0.0392034095335501
496,9.766624382461028,12.168730312067334,10.847944017292104,-1.9764998620433606e-06,4.0579755838008635,-0.013255227089272766,-3.3847507765887973e-05,0.08549741658369409
497,9.827445034192639,12.318767004137724,10.381762536833588,1.7170326331023452e-06,4.08698136439129,-0.015192214032754628,0.0012301512962100468,0.07488813052354448
498,10.275509419492128,12.95264716821989,9.796436563837357,6.900086148843688e-07,3.9882508441969313,-0.015070948504884114,0.004063144458934001,0.03170589171356658
499,10.104839080331644,12.663426911881212,9.810956147258311,8.213295712903909e-07,4.366891710621394,-0.017030208408356534,0.0029616294273498377,0.043094002229005314
500,9.780473728353263,12.329575580157226,9.869082813422693,-1.8777430605956497e-07,3.358844486124976,-0.008813910275710476,0.006267779949186609,0.024086118868188105
501,9.854499945530181,12.349712159352183,10.456458735879858,2.0538128283482357e-06,4.169989793723289,-0.016169332188408707,0.00121269301502821,0.07825020002341623
502,10.051730238107329,12.651193011285756,10.157593093374592,1.134452316042026e-06,4.05371323262855,-0.017072954365842812,-0.0005453762165188295,0.06359094652208028
503,10.276348848590212,12.953693938824534,9.796995529934192,6.878832196912718e-07,3.9896678136677894,-0.015042222146763326,0.004080277476745251,0.031384144845727824
504,10.133049271893372,12.831763560013613,9.703787111599837,7.852250455633356e-07,3.5310780399046786,-0.015366848820628751,-0.0017840842680997534,0.03469838846443071
505,10.264192057938114,12.93342348615313,9.786251412370218,6.601429145432545e-07,3.9701685969943727,-0.015364058957536435,0.0038968899834590943,0.03256112953821289
506,9.84111278699899,12.287108812957817,10.747628395560344,3.0414965829616756e-06,4.379219678218391,-0.017064386426105166,0.0019669934385090314,0.09523725067635673
507,9.534821669765794,11.795528111319587,9.896108615609178,-1.6344650136090783e-06,4.161092125571235,-0.010749403425447654,-9.826664869078191e-05,0.016942596464223393
508,10.319901469491622,12.912971576847468,10.015084877446432,-8.433283137451771e-07,4.460785177444009,-0.01713098774484244,0.003969741213272219,0.0416601856626135
509,10.326262060933368,12.900337085245052,10.04526712630502,-9.828063530733672e-07,4.542329959461965,-0.016983463025176476,0.004955215546762376,0.04088577861222532
510,9.880758057827366,12.389533052520685,10.30144616948074,5.100440067865371e-06,4.187051922953952,-0.015844350418514716,0.0026967988896247283,0.07821397914240762
511,9.884635765390884,12.396065677186511,10.287789442955706,5.014009866927042e-06,4.174615840182199,-0.015782618956835744,0.002625059203286473,0.07738916463923765
512,10.319863247000752,12.903747971549132,10.018565124063787,-8.13434254525048e-07,4.483345684914045,-0.016816518207865245,0.0048461124690611125,0.040027588215762744
513,10.271110279657576,13.002720174378029,9.83592102845843,1.4975703532431613e-07,3.964362516647228,-0.019224286537231055,-0.0026876351106590625,0.044514179228084594
514,10.029464692667773,12.629896552796357,9.627898914789007,2.0843144740057267e-06,4.0384633104538485,-0.015891615834778817,0.0027276400853593,0.037594474902569966
515,10.317235327316828,13.075123312392842,9.781991334817581,-4.3078291078325075e-07,3.939269155479628,-0.01963504345731996,-0.003321695752134332,0.04059060804056689
516,10.345181057858028,12.925292460442606,10.052467968211026,-1.0974514652151723e-06,4.625891873502049,-0.01812880265945408,0.005110959524872619,0.042336702233202315
517,10.210714067963403,12.907915388848712,9.906536656171086,9.099169757770085e-07,3.9972198041755287,-0.01868644076450028,-0.0018573950854913032,0.04965170966033623
518,10.567620618272066,13.408455333769378,9.934677425297863,2.00254295798485e-06,3.5589740865020194,-0.012636417452796976,0.005707062727580885,0.04434948707703889
519,10.228170530022531,12.924291336533502,9.896902855457581,1.3570602968127112e-06,4.054595261854324,-0.019212782392474044,-0.0018794120740813884,0.051556959296119254
520,9.851420787994629,12.344993689307366,10.325582675271423,5.367585428459614e-06,4.186220141134157,-0.015450970423091704,0.003060578187282988,0.07988677537591847
521,10.241691531562306,12.803402987403476,10.044086931186516,-8.369928760094097e-07,4.496520823325763,-0.017047497034415895,0.003925712240464277,0.046312137032848755
522,10.545737689946549,13.367832027447218,9.94202319612078,1.8118960913295467e-06,3.621921116639309,-0.012932578005072836,0.0055874625856429105,0.04448125969280827
523,10.230587253790114,12.790359980046889,10.052096260570096,-6.60455530877378e-07,4.487691914101214,-0.017002071454212838,0.0039010967933803178,0.04726742798510966
524,10.583644149971928,13.424681516499556,9.93189533946819,1.92078730912335e-06,3.651738888501975,-0.013463918269652556,0.0061068317880048255,0.03832613578960234
525,9.734975017984311,12.21851008281763,9.49708559497243,1.4090720471582631e-06,3.8198160063453312,-0.014056210463475508,-0.0005914613092916979,0.04630152479858492
526,9.697463512761558,12.117978539820813,10.408359369735749,6.092309159342069e-06,4.2986001628480235,-0.01586876798484033,0.0024200729420397974,0.08862531495265936
527,9.516811530204858,11.800111003178571,10.109738039557868,-1.0495364340657862e-06,3.943410968402449,-0.007748875120455307,0.004610631419110084,0.03518587084431034
528,10.17272361017946,12.778612527374973,9.839616164496988,-8.461488774902352e-07,3.9537529566728895,-0.014364975106620494,0.0027351479056621744,0.03716453247779209
529,9.69924108568253,12.12045530656709,10.397124330074922,6.010025115733144e-06,4.286607523989479,-0.015705982084717324,0.0024588354548283186,0.08800700174521789
530,10.583252559286558,13.424177730665978,9.931712517538786,1.9213708493886835e-06,3.6526964387082974,-0.013481868024496049,0.006096720815390913,0.03834167368266434
531,10.390554864609316,13.165130925012749,9.793913500199784,1.54530591710753e-06,3.8299732818603425,-0.014671149824628558,0.005055767059001286,0.033399165786805005
532,10.234872819200357,12.941900637624071,9.903827531705511,1.6233788776681287e-06,4.06678483510018,-0.019798773578280332,-0.002437208891292957,0.0532966809394512
533,9.744706798249032,12.271677262431943,10.045560665842332,1.057001782114878e-06,3.5766774548943925,-0.011403978096653913,0.004594941083981884,0.056873736681317025
534,9.882905489204918,12.46449343264025,9.921384342496472,1.5792111011669506e-06,3.7079340280613295,-0.014851800963540373,-0.0009901772338025026,0.046065769355328946
535,10.170421874896023,12.78640480132784,9.88036681458115,-4.900742000580267e-07,3.9372054561104712,-0.014606218540862198,0.002296767686016753,0.038409489767203514
536,9.833223306249108,12.303377798529796,10.284077874048275,4.260092457367787e-06,4.329102285812096,-0.016528505473309398,0.0026288219454544707,0.0749480843269254
537,9.779980941860703,12.274644466967654,9.81436669071706,3.2584591353648433e-06,3.764404154648018,-0.011836057045556124,0.004160240521991739,0.05982921157308638
538,9.385795040578495,11.658800162191476,11.579393026711902,-8.420072413058908e-06,3.672342600497924,-0.005284111969032799,0.006139807586506855,0.04055606234868925
539,9.912211076570529,12.403877403861546,10.107957740575973,-2.4814877099723947e-06,4.433856023574058,-0.019113329534605338,-0.0003926977971529661,0.06240220408864086
540,10.154035421229365,12.829121339085948,10.257275746277358,2.7123181750748115e-06,3.776530077536437,-0.01732187500314694,-0.0020493800534056913,0.04986674713975064
541,9.977453670211208,12.565807164775467,10.011978615146312,9.131680801950337e-07,3.7720712872056006,-0.014860265518227935,-0.0010173060353219493,0.027300906377361295
542,9.763205092060293,12.317447318089831,11.725543365437598,-9.33517418033009e-06,2.888201491398715,-0.0025339258388169736,0.008803433231841545,0.03435962050082762
543,9.923066194539537,12.437633766135102,10.241869491863058,3.979946711962332e-06,4.248078439456462,-0.01616356143030485,0.003044227144001624,0.0705631544739806
544,10.165994552524287,12.89468036977308,10.31842281882202,2.7824186783736195e-06,3.552516418855576,-0.015409938091546477,-0.0014490392449044592,0.04206441804708308
545,10.12526718231749,12.747629712978172,10.054574024530227,-3.1162488836082907e-06,3.918997372226342,-0.01577581043115601,0.0007762467491630592,0.0469800580341124
546,10.101165889109671,12.60818782920729,10.191054838752809,-3.846608211315383e-06,4.3115057660296,-0.014490840451002074,0.005010891109394111,0.033916163527152425
547,10.225480414803902,12.923978337232167,9.51382935944618,2.4474400215491334e-06,3.947163750613647,-0.016097605135019816,0.003156817355039379,0.03459525067982294
548,9.949548603539473,12.474698112583448,10.131338256703694,-1.647302948296146e-06,4.331330745077192,-0.018689283093747164,-0.0006164697832980598,0.06040849505542055
549,10.205296881081624,12.894981631037233,9.521580112175453,2.69821506243124e-06,3.9582243092645495,-0.01597168934926614,0.003348227722639942,0.03572782439083902
550,10.275261008314796,12.937324418146924,10.152065935800124,-1.2137735569991306e-06,4.0589902568625025,-0.015979641822148526,0.003408003768029684,0.04918320918654023
551,9.859928930061258,12.202117050641174,10.312230912051737,-6.636707124074668e-06,4.639492756093686,-0.015074900227264628,0.004386752678470007,0.03213960118314941
552,10.564438897037574,13.394377440085012,10.225161728182703,1.213842690926905e-06,3.631525245154267,-0.01327857453650351,0.005197110331541832,0.03737631407577376
553,10.328687440852736,13.02397746557714,9.824984138512722,1.1561535890957788e-06,4.015052376485032,-0.017110707025401684,0.0004644298712970065,0.045727893453398206
554,10.117719995919543,12.765768673344716,10.003628177271446,2.195058080276104e-06,3.6465209452313423,-0.01104307868850418,0.007147186101953491,0.052813674846112296
555,10.783403279171342,13.675197201276555,10.23406645325829,4.23723706544273e-07,3.5774328741529375,-0.011577367965093998,0.008584850780615617,0.029830168652489303
556,9.900001176022126,12.368029268191428,10.019702975657246,2.7323357440648435e-06,4.129259014316221,-0.013010232354188868,0.004092342859932797,0.06057479868217503
557,10.3314669366213,13.02180508176776,9.815137230620637,1.176476499093283e-06,4.004208348343713,-0.017110149030316935,0.00045992389382392985,0.04504544021983119
558,9.948597300006572,12.314897841641898,10.406932264691449,-7.963628969668574e-06,4.583105535937756,-0.014624833767039975,0.0044415608704500105,0.028300786269789435
559,10.12581419176097,12.742101945595918,9.32244803788069,1.694570776337862e-06,3.604200566500768,-0.012043807868828908,0.0027225949571375047,0.010403297300132938
560,10.168549608152873,12.881222966006693,10.248884107751854,3.032107166551758e-06,3.7977996429085703,-0.01791964090364045,-0.002009243191537749,0.05302813073531867
561,10.1263323977301,12.82064054870214,9.522155603495328,1.963491566268086e-06,3.571225029089294,-0.012593016027551418,0.0037373297564984847,0.038888485025256325
562,10.186120595330378,12.81425420040221,9.691468205674648,5.066824052665116e-07,3.962695206809408,-0.014343473756957738,0.004084426296569949,0.030796549898397495
563,9.914014207971286,12.39214434829912,10.175998037311365,1.5797279342957443e-06,4.332145540114069,-0.015548652803490845,0.00434787760533624,0.0663259832008353
564,9.769572575686464,12.084507810174324,10.092929811908204,5.423815014040671e-06,4.519492452269077,-0.012211888025862852,0.006734092795467406,0.07232021494797375
565,10.376635501568764,13.072158181440118,9.896739409641597,9.648547227544401e-07,4.120217339373887,-0.018181174649625407,-0.0003110842942581145,0.04734849240420131
566,9.831490348009767,12.185496904475931,10.461628803884508,-7.676564351391175e-06,4.777910898782596,-0.018401884531351973,0.0014407573037885876,0.04862086747024376
567,10.188203674753504,12.806314905005005,9.625385316648005,2.072877098097596e-07,3.9822439409047914,-0.01391951122590272,0.004806844302671077,0.028160946780764015
568,9.761868661935129,12.129272216111776,10.359782150789616,-5.343759051451647e-06,4.755516865297881,-0.020001836761760188,-0.0007640662827691813,0.06599466828877432
569,10.499094934106528,13.359958969694729,10.71577471931581,5.795227930001755e-07,3.449831423564669,-0.016266181211397363,-0.0019689442016996876,0.04443296242608249
570,10.133213389297987,12.82768209927217,9.50112823433194,2.123441061648122e-06,3.6160062702904954,-0.012974639634721155,0.0036809824431097505,0.03868749950780964
571,9.968678143158979,12.528285072157988,9.936729438022885,1.968028144606108e-06,3.8780969592647665,-0.01401850214500332,0.0010821994828008148,0.05863961980921782
572,10.242228181515044,12.954095017725042,9.49258594418747,5.007107765556407e-06,3.8915330185670625,-0.01685695206723505,0.0010528522306811274,0.05922649292467884
573,10.146476289660413,12.815976442313028,9.555764869147918,1.3917112120544322e-06,3.7050435138410114,-0.013024892937277368,0.004085539563576614,0.035395840595214965
574,10.375619199820909,13.068019498967844,9.89944425533987,9.729500941063641e-07,4.120034725118728,-0.018054526567523516,-0.0003048718399894963,0.047151080540076565
575,10.186426111708265,12.903828568916554,9.748077227302725,3.407828389180173e-06,3.544981184721683,-0.014237824958648894,0.0013175241707952844,0.04539495175083495
576,10.13005174993191,12.790388829010151,9.560423456473208,1.2476405377211542e-06,3.6877183422482904,-0.0124857700871889,0.004292924349120134,0.03499999997428356
577,9.76770324004595,12.09033847200218,10.06739023029791,4.962793351924376e-06,4.444083633418133,-0.011450188278915963,0.006885568102637105,0.0694875141801083
578,10.375880943516515,13.080467887955216,9.903385142142005,9.409759424961977e-07,4.119424120701959,-0.01871866671244824,-0.00030966084371270676,0.04885960597491101
579,9.909573001746761,12.40111833693182,9.629868385115897,3.2539896474514473e-06,4.105858133588765,-0.013387154083902494,0.004603662750183885,0.0730786334914472
580,9.88367291652868,12.300932842106594,10.171543786121305,-4.046300929928285e-06,4.481298053745391,-0.01482651633105878,0.0051495525646126005,0.03458398996757088
581,10.332660512213566,13.164056062766878,10.489551391290718,3.3669219632983107e-06,3.325838501621543,-0.011231472003048509,0.0078058233890304606,0.04124622240854409
582,9.74201936052342,12.046607120192746,10.094387588715495,5.253256390483973e-06,4.4722924865896765,-0.011299363718849247,0.007012535133422879,0.07201171270775716
583,9.400673924801845,11.66987131020822,10.832126702229834,4.644297984800353e-06,4.209609562886519,-0.013616224783258413,-0.001133952281183041,0.04184587926475469
584,10.264410591583012,12.916623808218835,9.70884915922715,1.914820883725692e-07,3.9305280554916897,-0.013585600674440396,0.005313861813993799,0.028280162661446125
585,10.165608348181667,12.773974186212024,9.607460677701802,-2.6742731483462217e-07,4.072047495516783,-0.01490607103467987,0.004680420311502354,0.029762668315200615
586,10.206844459928144,12.893530015082902,9.284500661148483,3.5847179099688873e-06,3.9825762655840977,-0.01638900583505278,0.0031068314719662686,0.03489414794321333
587,10.388301670458622,13.089368141848984,9.850903704779233,-1.361327588914799e-07,3.911122724243412,-0.013679588459085136,0.006178262867944893,0.02992700105159365
588,10.063641642572945,12.610191287240182,9.91879914569263,-2.535929768828936e-06,4.070180441324467,-0.01364319168405522,0.004255447417829907,0.03266752679071154
589,9.692509425493045,11.961148933931447,10.154305066971776,5.951170316295773e-06,4.514388879036623,-0.010797115468991484,0.007302284225848525,0.07699448665177061
590,10.162820076672467,12.771085087497756,9.604518418852894,-2.6454083462876364e-07,4.069696498359102,-0.015069424196015896,0.004662497015219237,0.029918366559319055
591,10.189533408339486,12.87129091303376,9.362287824118775,2.955855847171517e-06,3.9029915479811073,-0.015424319781704112,0.003387483779116937,0.0350380122899698
592,10.375632921568236,13.076647321702326,9.89881957080184,9.360591646442246e-07,4.112232266032221,-0.018556858054197448,-0.0003157617342179102,0.050271634180022826
593,10.23167870614686,12.9291356200776,9.278716240748832,3.5807114342017116e-06,3.9822632947122703,-0.016565876181282115,0.003116531574163461,0.034240921915819726
594,9.756774277982524,12.164311789991524,10.450331942484572,-5.143779883371026e-06,4.57968750695849,-0.019199312529945563,-0.0017479649185644043,0.05746817033092165
595,10.17223250876822,12.745232032231344,9.632595722826974,-1.218380964297619e-06,4.279701159626338,-0.01624687539666652,0.004994768405669918,0.02676387412858089
596,9.562652861255076,11.758381842468689,10.287781646559848,8.09594645829183e-06,4.527406871373332,-0.009018812884144918,0.007843988726453503,0.09114354565481757
597,10.155115272864377,12.792247813203613,9.58153497351383,5.162510997638544e-07,3.89779143733044,-0.01410558930166302,0.0043905071779040674,0.03250056264272143
598,9.70453388813032,11.993354972380624,10.052143905574033,5.2504102398010544e-06,4.4951190692819445,-0.011455421370071913,0.006749911193380836,0.07185816716581547
599,10.013682308534465,12.626865261987616,9.293717573184477,9.84105919706837e-07,3.8889426610933655,-0.015506364763601751,0.0020213843283277766,0.043880852453450886
600,9.726214587765952,12.279812627192308,8.529642678022526,9.690072964231992e-07,3.051418685572367,-0.00767348684992224,0.003465532921201189,0.06540522232282209
601,9.675162597309093,12.400087599937647,9.111144687353013,3.2697142306872126e-06,2.270159239250954,-0.00544862832273447,0.0028715323183569584,0.033822366303286666
602,9.830058928791356,12.374582762963383,9.478591756368372,2.6554210105976417e-06,3.3906715931644684,-0.009179876571583673,0.0045283493318818546,0.05238677089922478
603,9.745605517759726,12.258551146423114,9.563620446088661,3.424104500313604e-06,3.1615031105679643,-0.006270151740166459,0.005681371055930682,0.056298875271268665
604,9.834884724560204,12.437341634242582,9.497023527271047,2.156214490948684e-06,3.385733824485785,-0.010637848648902009,0.003781270578456128,0.053812889546505704
605,9.997810150202291,12.610040934944752,9.311765380215245,1.088155943268252e-06,3.844271977344456,-0.015074178506396134,0.0021776123521509063,0.04476253587331556
606,9.830221765479724,12.431101858542444,9.503764280112089,2.154938696551355e-06,3.4132408918008177,-0.011666358079785517,0.0038595560256984456,0.0549564828620145
607,10.04836031000142,12.663623592245097,9.254286144541286,7.567740852967466e-07,3.9865406061337025,-0.016450619183682614,0.0016800523225641037,0.04195452219088741
608,9.611373512028225,11.999340317647434,9.346841848728397,1.1937283336641698e-06,3.50975362479616,-0.0072097663399443455,0.0033701125145674023,0.061531369232993245
609,9.878087642476077,12.494430686396624,9.258381902059428,2.727700460644706e-06,3.379461708943135,-0.01090293151845911,0.004811032527529824,0.06369673979463415
610,9.958064023097624,12.573899907342428,9.256458141382128,1.8019643441983437e-06,3.664604202184425,-0.013508657890939515,0.0033404238371855747,0.05348450846058912
611,9.859644981429613,12.44159500300082,9.35136508509272,1.2735496602944874e-07,3.465369596013153,-0.011388056081518322,0.002690445737220712,0.05669605217155708
612,9.968277089397654,12.584036990625126,9.182435430396952,2.4248611047503177e-06,3.7233871070179494,-0.013342856864269184,0.0036535159669631497,0.05035034267404671
613,9.582000505232903,11.826095976099268,9.664962321590808,3.2134731205714767e-06,4.309266747388104,-0.01090677771886236,0.0020451526306834843,0.01967881149523286
614,9.957155417394134,12.574349391367516,9.17414958589463,2.420126138834106e-06,3.6778070470541646,-0.012886934825297658,0.0036258088308349697,0.04917485412603348
615,9.576687323712077,11.95664818244414,9.58781386774037,1.6934156307293436e-06,4.003210566455395,-0.012413336534071643,0.0016900150663872089,0.04851140885331534
616,10.14424089667858,12.732726711644684,10.108428740204134,1.502304692678385e-06,4.3554027210343955,-0.018267338921866775,0.00259478414264154,0.05717816457206721
617,10.111012566897614,12.630938842247827,9.415683141398034,-7.894703168395309e-07,4.1857612613239645,-0.015220405356767167,0.002661660333300564,0.07235961936906844
618,10.162196093895272,12.7261971637498,10.135502716162964,1.9338834575121422e-06,4.436523482714368,-0.01850466796825004,0.0024601553971509973,0.049914367245002686
619,9.97009493589122,12.585973211950892,9.186780987931854,2.4275727752309455e-06,3.7226169784003615,-0.0132790148263844,0.003657894742148973,0.05010781760402216
620,9.97624209916697,12.599211208209088,9.902310946389333,6.746600879957109e-06,3.683532081678516,-0.01342130358458048,0.002467978943518746,0.029791794446977903
621,10.110271544191948,12.627766515860682,9.414659360757229,-7.699482576094285e-07,4.184048759976205,-0.014977122833730878,0.0026670816077553517,0.07213653283085801
622,10.16227490562301,12.725529205086335,10.142785996713911,1.935504758934496e-06,4.448713958424061,-0.018624230818163473,0.0024735155227177796,0.05042633491636364
623,9.63779843632191,12.152016819648004,9.316567513923596,1.4427348909845142e-07,3.0373728635933697,-0.006990356978075877,0.0007612271393402539,0.059301387793550736
624,9.596954961232337,11.998238864800989,9.842314415758624,2.4545553117713408e-06,3.823458102236233,-0.01283954960538054,0.0004693611462496029,0.024321993680586195
625,9.664998415588293,12.040597494802476,9.985112145799635,2.5127053814561e-06,4.43480037918768,-0.016844551754032933,-0.0003756111666469268,0.015312014911278364
626,9.917024998983536,12.441779236055664,9.88292119728112,-6.582334782866348e-07,4.103725823438745,-0.015119560995637956,0.003675971310505907,0.07325962089241257
627,9.796331390495636,12.296618526249189,9.687463836699694,1.462692138275918e-06,3.9252117711037102,-0.01386805556089251,0.00157718618497854,0.03309166446456092
628,10.071136276681854,12.60076337839532,10.527288404395032,7.801026738334642e-06,4.308356953721028,-0.01629330148771735,0.004735892798464223,0.036104480076780174
629,9.793504095558514,12.265082558592178,9.736639600233746,9.191694416297277e-07,3.8835930921690847,-0.013367954194472132,0.0018475449918232336,0.0443909883176592
630,10.168358471516722,12.95693529384164,8.832071331183988,1.8269650387442396e-06,3.0884096562123053,-0.009496675471551525,0.006337887243599797,0.017265793315206918
631,10.542299498197709,13.400102118743977,11.141124784054858,-1.755012457903334e-06,3.599529833765762,-0.01664825975662259,-0.00048414822200270615,0.030765071105894985
632,9.791929977448142,12.237132578025644,8.57833897244641,-4.5378805671749586e-07,4.318185457767372,-0.016718369954911525,0.001660638211681882,0.046230226756785855
633,9.55242518235558,11.990096282271402,9.581525216012997,3.567819053151003e-06,3.5548654319883104,-0.012010414641075448,-0.00023402014438168555,0.08028177118325555
634,9.939766870583393,12.622423424068458,10.180934709890105,5.53885041198137e-07,3.1174926768387197,-0.010362489116128377,0.003663469369021622,0.09433265117761933
635,9.643840011402268,12.118172250057553,9.561275370367015,4.355621576147688e-06,3.47275901697748,-0.010476584829857576,0.0007122939131471928,0.011946762749272838
636,9.796437132124703,12.248173923056802,8.611820882183954,-4.1319733800173313e-07,4.2847010991256855,-0.016499909025759853,0.0016388031458546923,0.04576769943926438
637,9.683933496819437,12.0109784667125,10.518956040969606,2.2380752774638795e-06,4.683264868251703,-0.017254583039064176,-0.0002324516649079506,0.04951981740522546
638,9.646157445799524,11.953046625035538,10.481247757862857,2.4666710024506436e-06,4.838613507595014,-0.019341911397460932,-0.00035164555250992414,0.05196126048374322
639,9.853702502681333,12.3064394979763,8.871354313191617,-6.307559811110532e-07,4.293050803822208,-0.016321394164078615,0.0012237277727902424,0.04448647434142657
640,9.980054282687172,12.587323323718214,9.407774235787246,1.2034230649582609e-06,3.5310607480743768,-0.012337402164918658,0.0011468801520747537,0.03248444905691432
641,9.679537215312,12.195140027041363,8.764865005777404,-6.27569657365757e-07,3.5754724028278293,-0.012437732165408992,0.0017427256007457887,0.0954847237121512
642,9.794056333699448,12.239225113501544,8.593869419907062,-4.4108851107497987e-07,4.312862955639073,-0.016626749510575432,0.001647126883957802,0.04604019215043706
643,9.901667299342442,12.432697795414102,9.35756584470824,4.434069929102675e-06,3.796039098065485,-0.012897150122121856,0.001436241296634887,0.03676813775088504
644,10.599416286949134,13.592637269987312,9.577120738142662,-4.298757435370453e-06,3.1252704481389566,-0.013307687841410216,0.00271719912154812,0.06016515388554481
645,9.897534756263644,12.430965494562534,9.360616741279465,4.482974608324121e-06,3.8495862744799183,-0.014244327736720692,0.0013870300990610363,0.03934065082136398
646,9.665179857890788,11.89624617374134,9.742833026335383,1.2347372568800984e-06,4.864024158212965,-0.013272131991211574,0.005670094347827467,0.04304843268141842
647,9.56356574697952,12.02836783911768,10.138814058796704,-3.898088080493505e-08,3.128518065852947,-0.007795563958276811,-0.0005529506774994259,0.019584224621832055
648,9.84465131132022,12.459677866440575,9.545626277203024,9.672236840305397e-08,3.5052759016215456,-0.013433441667984894,0.0007007928815652609,0.03472993644427452
649,9.781411044514021,12.209520949865968,8.603016318371772,-4.7247250749667866e-07,4.336205055547146,-0.016636789621463356,0.0014835061869988156,0.04464809494934486
650,10.347229780909952,13.119146643600818,10.865566699231069,-5.3835867106874755e-06,3.5780813558942173,-0.014081635894288146,0.0020645485443393724,0.040315592389235405
651,9.73175942867443,12.205751900581234,9.14333333914168,5.239543014745511e-06,3.80469422542984,-0.012526021123888375,0.0004732948218680057,0.044251147336225816
652,9.493904643784417,11.8527612011406,8.477758719817519,9.344959671329885e-06,3.8922710764364306,-0.011924837955209,-0.0001416613827470675,0.045772082620824245
653,9.71841645948112,12.19563184438559,9.123085512508856,5.422184319046433e-06,3.811472381721592,-0.014181140147653024,0.0004019350378501852,0.04632032429601279
654,10.347005985887336,13.192853372605066,10.8414351074055,-5.708399939229683e-06,3.261643629780971,-0.012736296914129887,0.0026289897917883037,0.04305770692044336
655,9.93728679246663,12.5791586107823,9.235735935525938,4.5448353271978915e-07,3.321549371134191,-0.010609505440903718,0.002287876849908862,0.030273334021015785
656,9.77136749305559,12.196917399850731,8.565019258680278,-3.7154776954721777e-07,4.341468978718353,-0.01673164930519111,0.0014016493795328908,0.04497410584711457
657,10.361495739932748,13.147542870174298,10.883162614091264,-5.5104922467076385e-06,3.543893901236659,-0.014127582638957524,0.001988168202430721,0.04051388562519312
658,9.745906698731378,12.024581983282276,10.131734351190785,1.9503903894876183e-07,4.79874567926436,-0.015347061407269416,0.004609647226304203,0.02834609687968034
659,9.71714027838212,12.159517311584125,8.332871024455427,-1.1771415560694945e-07,4.2019133690003505,-0.016082401292961117,0.001716200649323452,0.04724212135974476
660,9.859103928899032,12.35922029806604,9.486426881211264,3.443159329035057e-06,3.8382108244451527,-0.01366730524103291,0.0003389915525202888,0.03358237741902774
661,9.997215266255205,12.65365327260117,10.318005217216946,-2.019217631289495e-06,3.353386396728296,-0.012462733288686882,0.0016076276602475677,0.06086616377228099
662,9.711796793860612,12.001705789630948,9.307479399185725,1.7308530637307894e-06,4.780616280379113,-0.014843288186592833,0.004211569828599215,0.04114263581613005
663,10.347377368615255,13.119458333369602,10.866190808574526,-5.385862602416879e-06,3.57804554269438,-0.014122040989963404,0.0020644277950239496,0.04034785462110283
664,9.83383498962049,12.388890494615197,8.978021669149431,7.13732460619219e-06,3.6167091214472658,-0.0134601582037193,-9.527134917740885e-05,0.0430193365514316
665,9.7193340425906,12.151433532644482,8.329457757622313,-1.2924300982772972e-07,4.173608520098389,-0.015087140686769918,0.0017094198325006875,0.04520724258345048
666,10.253569393544018,12.98434390523948,10.590018065818748,-4.602176398381384e-06,3.6661247868416145,-0.014164485021550408,0.0023105954787551375,0.040734925635321266
667,9.714027616691501,12.133728920165648,8.335709960600028,-3.0796595585176507e-07,4.203410728718235,-0.015616644846444748,0.0015742655439861305,0.05042655740238344
668,9.727892509973682,12.183985912553032,8.344657162233352,1.1124179952731992e-08,4.147532736004933,-0.015320450893337192,0.001582877633322223,0.047348479786990666
669,9.743145302644415,12.187707113403537,8.382506896504285,-2.4157497612972755e-08,4.162443474019663,-0.01491774384870244,0.0014955932381508497,0.046155833272706365
670,9.8604568530672,12.326288626711982,9.541679371667676,3.820468784530262e-06,4.009479243639865,-0.014293766303804994,0.00030679303556059665,0.038038563371103784
671,9.539368819180421,11.677623503683158,8.807458157687298,3.895618732299898e-06,5.4551986895157345,-0.016349971031960286,0.005853499603651932,0.024008545339702186
672,9.533424439605557,11.671860926022344,8.800568296914228,3.929857821567797e-06,5.484561894542732,-0.017005397007320372,0.005862821279793998,0.024913577243215315
673,10.281637394602395,13.049934766852996,10.526788489295935,-4.464169157897567e-06,3.549814156569348,-0.013995840401483536,0.0023505020803134117,0.04115993828287646
674,10.311727783055732,13.255588093437762,10.536000514563693,-6.801695024176077e-06,2.83346281392655,-0.012425030747496428,0.0010256064496741964,0.05329564022268428
675,9.675263382226237,12.159200655208984,9.02043928037656,5.379360204225422e-06,3.585582148055424,-0.012208992764705362,0.0005409467870730008,0.04387918439538866
676,10.162661669528385,12.806423214262626,10.512537710824953,-5.678722117685508e-06,3.680825064249304,-0.01322756590915694,0.0024314678483237035,0.029279927020211215
677,9.897722728589164,12.32957422863055,10.460284957287303,7.893980517546677e-07,4.581004308765156,-0.017729850071126846,0.002219108224154083,0.016922175686059207
678,9.436415887307074,11.518362538817533,8.585936952543085,4.948339657379528e-06,5.688566457569201,-0.01757323271619895,0.006397514837079378,0.024773635592921575
679,9.361686608829013,11.332418609438522,10.577891608720488,4.4973359144080626e-07,5.5720133609802405,-0.011760509565495026,0.006687174862631713,0.05138705193674674
680,9.431636248506209,11.506469679181446,8.713341150176642,4.6606115735484185e-06,5.681111793023212,-0.01720145450991056,0.006416041314591085,0.026475813373453793
681,10.14185674903834,12.78312394557042,10.443243430425362,-5.5738112533509825e-06,3.6440391648103736,-0.012764660941344413,0.003058830650648566,0.030451187550688413
682,10.183911368570978,12.844782027967558,10.422435836677067,-5.3703891647967145e-06,3.615690496535643,-0.012951396706237244,0.00306897323067562,0.02902355621520845
683,10.096351841153748,12.690719865757869,7.919807279195363,-2.898572869603672e-06,3.938718071741565,-0.013948347987389365,0.004255649669436301,0.1158317731399441
684,10.09426034453382,12.6592567405684,7.426992687626455,-3.0205939305192013e-06,4.164309652472372,-0.015695140117651163,0.004135235588297516,0.127384062390391
685,10.091213607537842,12.656780243328994,7.455956963139373,-2.968492169193681e-06,4.145015703491023,-0.015436701889884946,0.004106671746700976,0.126090833321204
686,10.003676182186794,12.850614167407276,10.08517881459764,8.780254127565776e-07,2.5746129565511797,-0.0087407889620243,0.0027956238345701063,0.048017181825483896
687,10.217901595316212,12.93582609171577,9.73625380365744,-9.912137138652128e-07,3.430727862291271,-0.011555482473215008,0.004561240658275968,0.020260329296729433
688,9.993663823650564,12.756311256344082,9.23774317578768,-1.926391895643971e-06,3.10725097967649,-0.011537725005766455,0.0028844822938229914,0.1039051532723568
689,10.09440257056867,12.65975337089414,7.44315511584084,-2.9691660995349075e-06,4.148832596826309,-0.015082231375348698,0.004090105111074466,0.1261810790855831
690,10.244973731274392,13.061488708411083,9.249289539197376,-2.4401370671268e-06,3.252320594369071,-0.011414062131901884,0.005553792785634577,0.08762497999961807
691,10.241123014206716,13.055577532619925,9.253502202657574,-2.4642408802906163e-06,3.2494479806597294,-0.01171606783069032,0.005514930956156183,0.08755175656703448
692,10.36659818282971,13.381613614070895,10.66781786578127,-2.0222075158639378e-06,2.546197638594788,-0.00823214901632985,0.006698467350257233,0.05719844156979035
693,9.979714750620742,12.766239584816846,8.998660542225892,-2.3866665314052216e-06,2.6844778113554386,-0.008766442836190658,0.0020847674116761506,0.010627028744526671
694,10.04898206741068,12.804770404413729,9.224114189827544,5.327179971654582e-06,3.135255341121069,-0.011980459953518346,0.0017125681158069155,0.1607543877891652
695,9.801693849785662,12.30869275812636,9.066033786180453,1.7966319131300114e-06,3.7519240517188144,-0.01188902783792717,0.002213099421336204,0.040391715816964616
696,9.787372111901725,12.394813414997971,9.414357325069757,-2.7850441358147416e-06,3.2884745540347,-0.01287085944947855,-0.0001736062673615632,0.07614544959815786
697,9.7232071163053,12.109279998027947,8.280355889938933,3.225348330526579e-06,4.313482440849793,-0.013817714799267355,0.004908384451288592,0.02536290798761687
698,9.72537531531478,12.116578816594672,8.317055809428474,3.186579148556657e-06,4.296010012403593,-0.013800760430428136,0.004795906480145207,0.025513809794046743
699,10.12682978386136,12.883182628192433,9.8461136153456,1.5551644199091996e-06,3.1351200372959664,-0.011479292954754562,0.002139916277261914,0.036134828161555645
700,10.163339508492593,12.780644534270104,9.610416658510013,-2.57936377972266e-06,3.884511129031348,-0.014926816448428016,0.0012565259193655777,0.09882708086450441
701,10.163245453414875,12.780903604686529,9.610650483019464,-2.5771671516568724e-06,3.883534989515315,-0.01492478644961789,0.0012551815355856713,0.09882585958199776
702,9.64060332509918,12.187832033218076,9.23705077255302,2.0689731442452e-06,3.3419937314714474,-0.012665576813900145,-0.002092678179053359,0.03623453821095522
703,10.103497687066051,12.813475481244351,9.59621618154839,-1.6422910522908174e-06,3.70820249344656,-0.01609170212203695,0.0010192881795360723,0.08823710792703389
704,10.068827329436788,12.777865406739386,9.526395412865325,-1.999600697955574e-06,3.669878815067507,-0.015787966169129163,0.001164502728443618,0.08623827036234444
705,9.50848382339236,11.818814283820137,9.577599612653755,2.50581808524434e-06,3.7882921074511047,-0.011654312678709138,-0.004699279824978823,0.01874536882985206
706,9.78840111176876,12.412510201528637,9.342883327342703,-2.126787461831679e-06,3.0001253981741245,-0.010367567900220184,-0.001217060568064787,0.019094957248359357
707,9.744766798912224,12.27359415873523,10.128339360731028,-2.3662409774315457e-07,3.6135603407305616,-0.012465283360670178,0.0012199950503835096,0.03898093191781563
708,9.7771725592382,12.302099641281997,9.39744465653753,-1.3876853296054063e-06,3.769341201324483,-0.0139272104569313,0.0016934742175019892,0.07455328338219104
709,9.679311083846551,12.158539020397232,9.2196272079686,-2.513005339223994e-06,3.52640819599587,-0.01083109369224952,-0.00032897419073501144,0.028312199870271112
710,9.931244890522814,12.331212297780258,8.941019438370745,-3.635140998962828e-06,4.518608489827082,-0.015691201529060422,0.00359408244784272,0.03606577096795931
711,9.382101253944063,11.565592983032763,10.457967252255887,-7.69817910354662e-06,4.785581341691447,-0.016379912898005618,0.0002019367751950425,0.07074392842155233
712,9.93475345412458,12.333708762589833,8.926573311046361,-3.6113305637626296e-06,4.532343267630804,-0.01581768716169613,0.003577493157078432,0.03620228821729795
713,9.987830031325725,12.353735040443212,9.444684777020049,-2.7720408690566265e-06,4.735622285013203,-0.017314161739156658,0.0012169816410435349,0.037820424562943794
714,9.781835826847184,12.24858304897034,9.80982522235409,-3.0074427510084436e-06,4.178092542949733,-0.015448181905769857,0.002293244447098369,0.0893803135456372
715,9.902330957488738,12.459137346606072,9.902138872001808,-2.8857500683790054e-06,3.8830824488120497,-0.013679086438089638,0.003935968665220376,0.04631293925589931
716,9.926524416941962,12.366949557620856,9.17780648093908,-3.4269623952166156e-06,4.369771764589456,-0.015206695715730623,0.0036820423603627504,0.039065712179209115
717,9.498817354442597,11.769407505015169,10.314705518983429,-6.764954477627236e-06,4.583568173093848,-0.01556202490165684,0.0013167667502888007,0.06607259969405778
718,9.91318917876775,12.582534701168589,8.96331006921666,-3.835859755484072e-06,3.0493862657901074,-0.009596454437677168,0.0015387925455009402,0.02530006214374783
719,9.506312702655892,11.789374366803056,10.3029576132715,-6.66200773886133e-06,4.519282380154861,-0.015701739892642314,0.0013168230094005168,0.06481860179760235
720,9.3948957823678,11.61150654452364,10.340263334383147,-7.624367594494871e-06,4.59953574340785,-0.012496783630875237,0.004975213654365455,0.03420311087729919
721,9.898250426599223,12.4280527015086,9.699501502212152,-2.599085284556403e-06,3.6382470998007497,-0.011751332089537004,0.0022931926551009603,0.03830722639059135
722,9.393810523282248,11.609772892174194,10.34078454120582,-7.633140459900173e-06,4.602184541014902,-0.01251258767303294,0.004981627131668547,0.03421680136583146
723,9.339007741062671,11.458615042504164,10.720167994500072,-9.264336252280068e-06,5.121234064502339,-0.0165790165928391,0.002295411014391572,0.08718939912871668
724,10.183163811068248,12.57299211513758,10.124561490976044,-4.5363275388778275e-07,5.301884974138955,-0.024037738323122816,-0.0028421805541433737,0.04083264490861458
725,9.821445733063175,12.073190401423563,10.181376879288916,-7.640172316071178e-07,5.281987483284581,-0.020001580896423607,0.00021363706224332597,0.03779341593907938
726,9.521406726459652,11.704357902623514,10.81710371795495,-7.500763167548063e-07,5.399190658445518,-0.021433979148563584,-0.002744728519134924,0.0403511514497487
727,9.373349406145174,11.550235497754558,10.483150684437549,-8.40061685658422e-06,4.883836321556762,-0.01523693525676246,0.002098673635963606,0.07436024914956688
728,9.81903481187195,12.274971009835214,10.907874509164184,-2.5029918504803006e-06,4.240076127441947,-0.014666243507807986,0.003852051909902416,0.05522763812911427
729,9.888040632510416,12.360475784038972,10.124741588215992,-4.136386926034647e-06,4.048769474431914,-0.013008997760077454,0.003281425995912626,0.05716622485672589
730,9.697763440626268,12.169939615475142,9.581657079170325,-4.775227120467123e-06,3.580181369481238,-0.010452712675052642,0.0019761940691260848,0.020703594877758694
731,9.89204552391168,12.402635910109291,10.011435910347943,-3.703725626167164e-06,3.958829705268265,-0.012949854220998125,0.0035588037373662524,0.05535196724732043
732,9.818406613966234,12.262909318424471,10.95679521785301,-2.6665511509360947e-06,4.263017790747646,-0.014483488434691764,0.004184612788880753,0.055425749730208466
733,9.88376457860034,12.359515209189212,10.177963317563812,-4.1521279894689854e-06,4.029222973523458,-0.013032888582505928,0.0032743115254497425,0.05872149901427044
734,9.313750365691028,11.470438289749858,10.499738262550547,-8.99351542474194e-06,4.889139850517791,-0.014866591482345011,0.0024433278370304466,0.07704271560803916
735,9.86021761144662,12.329649372757912,10.515330922894012,-3.5075071905655397e-06,4.15113757391849,-0.013510076512209384,0.004180592291226986,0.04530765632451589
736,9.42263795102318,11.626266812698416,10.472019681367485,-6.984843676176975e-06,4.825019169867328,-0.0151563111919492,0.001657735971512878,0.06804775159902744
737,9.802127077149912,12.325385694580868,10.613266916069389,-8.351170987806224e-07,3.463928813183851,-0.01144377197031524,7.417221162308533e-05,0.04950606263781688
738,9.804400248093382,12.245260186322298,11.027479829268858,-2.5686805975558767e-06,4.251873568909864,-0.014243208514892264,0.004361897181016972,0.06433617530453259
739,9.612167736646384,12.058404819818866,9.541084211508661,2.4826701311783247e-06,3.2059734758503873,-0.005246123756778048,0.0049572730113815675,0.05355729046565707
740,9.881359205704662,12.244276037811856,10.419072946716025,-6.892436160160111e-06,4.550334997757697,-0.014756045417268836,0.003486084806416432,0.02832938409151846
741,9.987982149700503,12.520496791279976,10.222356939490004,-2.1693547720829277e-06,4.028849770329969,-0.014651523024405089,0.002436352931379375,0.04713190455486821
742,9.801387644284485,12.12806190891484,11.13241326378443,-5.200716149988335e-06,4.708088022957956,-0.016240547031795873,0.003430281400653559,0.04642655427379645
743,9.661832354342973,12.04913444426066,11.216099137106012,-2.648126135357114e-06,4.106033795799496,-0.011324894413247397,0.0066618118638282625,0.05654812711040843
744,9.775681146253126,12.15834622163696,11.309535675615274,-3.0483646494041744e-06,4.425361540519191,-0.014828307776664464,0.004221423625796047,0.06012069445812728
745,9.628875321893391,11.970952167047,11.412496657081466,-3.12891420598177e-06,4.142807114365318,-0.01015627964747497,0.008138809253347857,0.05735782447564847
746,9.818577307521725,12.07375741675648,10.180346148772928,-7.645587604712773e-07,5.308507385591009,-0.020252016423232204,0.0002275104356187405,0.03859089733586661
747,9.708690131818344,12.247103745288753,10.295379673849782,-1.8115670290298851e-06,3.634686847352615,-0.014838745783702574,-0.0011644014233823262,0.026080637344231092
748,9.431477853876252,11.637535506166495,10.515416597562773,-6.977686878451307e-06,4.802199921019074,-0.014870321721754036,0.0018053481073157407,0.06687727417260851
749,9.956075116036905,12.343207214427848,8.956348710225996,-3.7043825637496856e-06,4.500217640419377,-0.014579877439664692,0.003763537077221872,0.02469544172863525
750,9.641513430436525,12.036417521624768,11.369034325428856,-3.062544712209702e-06,4.19867870512662,-0.011947694416293078,0.0081957097134625,0.054690327302931704
751,9.875039958901624,12.280589821098957,9.311287978856821,-6.535009203078952e-06,4.730895934169291,-0.017005743004206597,0.006266450274125952,0.06104285220620839
752,9.64027349833125,12.023985470853782,11.40175223189712,-3.0667673993145508e-06,4.20974315603722,-0.011830389037878015,0.008202816613523917,0.05455121000154713
753,9.841528091553958,12.247313708948694,9.41122674809857,-6.350643460371382e-06,4.58708689052804,-0.016442659686850974,0.00553118819153324,0.05378912532444463
754,9.40266330745805,11.578985768395038,10.536371771859352,-7.4685037216605375e-06,4.866280494921191,-0.014700276269601898,0.001992968157438196,0.06792473139584479
755,9.989224466939769,12.572192335151636,9.90452667148055,-2.8423250879189214e-06,3.5407943287786954,-0.010832705956123068,0.0034818317750485426,0.0284315984907188
756,9.854081456221062,12.257822809022835,9.361376043427315,-6.060636118936415e-06,4.577566770909969,-0.016238514839353735,0.005337468894656489,0.050600708852379384
757,9.837742909731253,12.250361554960232,9.400043899891376,-6.4178782463263915e-06,4.61363845409873,-0.016720865670425626,0.005618488831268075,0.054884349094705784
758,9.332280738090093,11.372363236097693,11.2989386147793,-1.6105947012809842e-06,5.36432113784634,-0.01765882451864284,-0.00437054277468889,0.04132446045821116
759,9.572662248393996,11.897362172440635,11.155510880213455,-4.319267948867345e-06,4.396558839107449,-0.012647006634129885,0.006435823310358135,0.058356604434370976
760,9.273562179012572,11.366334445990733,10.502626073029974,-8.973941199431584e-06,4.74542589353433,-0.008713161716025666,0.005406730665536009,0.026797563511787345
761,9.83277358312538,12.096746620273612,11.44896299541484,-9.234992911545664e-06,5.174683769524345,-0.016778839437352498,0.006264317999925657,0.06292655092438117
762,9.979265517577648,12.51680817669184,9.524995311541623,-3.1857147495222177e-06,4.1921910408568115,-0.015659696500328363,0.0033182412318668603,0.04005304572103088
763,10.061269403718368,12.570753352896295,9.461476917155807,-2.1292866971959814e-06,4.398700241180638,-0.017468262865672733,0.0030363104756657372,0.05206541740197573
764,9.499735960936373,12.015744338497791,9.278713773121982,-3.3114279571824584e-06,2.5168363538136163,-0.0024451022855668664,0.0012935114928770202,0.03787246564248964
765,9.956681196967873,12.771542766623924,9.14822500779652,5.543444718977186e-07,2.7011690073504595,-0.010127079927280784,0.0022466101652225284,0.07418072728881081
766,9.753567035556989,12.139544572671788,10.034110638975449,2.6316646958807822e-06,4.455514260924606,-0.016549101670898497,-0.0006176046823147443,0.08561576991132533
767,9.866941167015277,12.516165128501846,9.795485308831145,1.3332170111671617e-07,3.1109691984988133,-0.010650621678890096,0.002302288464836786,0.07335040686381043
768,9.777764446501855,12.213958746115496,9.974312926689471,1.651643723792578e-06,4.354759286638275,-0.017636989286085307,-0.0007703685902333894,0.07913637738352057
769,9.795726213430084,12.265849535824668,10.028859267914472,1.8193587072570223e-06,4.22191567519202,-0.016820447605783002,-0.0005708902993356328,0.06881131714831626
770,9.78817913805595,12.21584988973494,10.02729602607109,2.7692110088064633e-06,4.482397973908835,-0.0186941869133007,-0.0005961167185390436,0.06701881614853501
771,9.77642785401188,12.144142991449772,10.177686109263616,3.4358973064498175e-06,4.614438398145105,-0.01871951263774481,-0.0007600910878112857,0.06176017889387528
772,9.998080462848096,12.726384208807993,9.85006894802401,-1.690437382805842e-06,3.226451656015188,-0.012853705539494942,0.0011944944934217188,0.026307135152341704
773,9.894351370451009,12.490373831731418,10.483156237969515,-8.557892281231725e-06,3.8379266211244367,-0.01806658919453768,-0.003545583621651279,0.05819778823229316
774,10.113736079011598,12.853334155491844,9.511580299233692,1.070455421104862e-06,3.0919027966529913,-0.010989356352185328,0.0014885040460005804,0.010624560433561116
775,9.763540899476974,12.363896712065088,10.327206630866302,-1.8603689492586471e-06,3.103628906392733,-0.010357433000914351,-0.0009086130626864629,0.09761457651631557
776,9.734707637745416,12.380677134244014,9.705664600064317,4.5589163505422975e-06,2.7437714503769635,-0.005491977769083344,0.006025152248609537,0.04156851455449226
777,9.832327601839598,12.3309944879721,10.38650120462608,1.4323314476659147e-06,4.170013586932265,-0.016949717218234545,0.00011045640173056124,0.053190903145570984
778,9.828427613645525,12.323121790268678,10.397477924059382,1.4029265793782137e-06,4.193899484568732,-0.01682700689181497,0.00010483083658881806,0.054822508327409064
779,9.723965087401927,12.155331229970264,10.444042996588427,2.5929842467293676e-06,4.362044703409077,-0.01788582083396368,-0.00024395371191894753,0.056968272632769275
780,9.776789644915878,12.143552204832892,10.178438831932088,3.480729095174236e-06,4.620184724424824,-0.018807449955428383,-0.0007353825114772509,0.06227735850142384
781,9.971879362847902,12.469749761734976,10.376280769028076,2.7016117576087e-06,4.269377930551726,-0.01627708035195355,0.001962570188964642,0.04986755216051906
782,9.947745934759055,12.554723453567355,10.160222080105322,-3.5383424111474395e-06,3.4101125466414257,-0.012219846083737638,0.00022414589030913157,0.027050482510102423
783,10.002381435582734,12.658303939158433,11.082527872722336,-8.48085438965134e-06,3.634421004347858,-0.01641668336473786,-0.00339811019252692,0.04214453315549785
784,10.006224280851136,12.666369736027136,11.105195042772117,-8.70008393017296e-06,3.647771161359079,-0.016845650365426516,-0.0034876776537440474,0.04186176560317476
785,9.958172153669487,12.58338977258517,10.166974290982711,-3.5417173707357604e-06,3.451788503648229,-0.012597539534267815,3.716959337586503e-05,0.021770207955252887
786,9.842046588435958,12.386188819175706,9.943104628845418,-4.645679106419083e-06,3.5035948099277885,-0.012059072505666547,0.0011023716450446763,0.031477852452215294
787,9.788721545265412,12.174508973151376,10.187681214367814,2.9301889316109887e-06,4.408026960007279,-0.01618748701436835,-0.0006415197546625931,0.06089298972150209
788,9.744751102294327,12.068410476421215,9.650283748766723,5.350267778988884e-06,4.70369482623854,-0.016802170591209052,0.0017000431219783634,0.03005421578454312
789,9.844965309607781,12.270529762170476,10.167837217622738,-3.1251834270598276e-07,4.5296343192341855,-0.018922021607641587,-0.0018388904335072125,0.09436775800018155
790,9.789070799971567,12.137656205024962,10.228526988578928,3.610201524883764e-06,4.7021898492085015,-0.01800544318308679,-0.0008827730896523001,0.06509161920172397
791,9.773016556042062,12.145424049277588,9.705083102501096,3.75180667769186e-06,4.5763496424382,-0.016930643800903478,0.0011348720589811434,0.03758335578833062
792,9.961955534243538,12.60584006170531,11.280134398027664,2.510341595955327e-06,3.287484903980926,-0.008591287729489522,0.007989724033030284,0.035515498300415865
793,9.761286755766209,12.17261219345475,9.671703460934719,4.618194117205607e-06,4.405153593259101,-0.016027884132687346,0.0018240042432378376,0.034702739677637234
794,9.786923140792261,12.184122196368095,9.75967862017828,3.4435909044863303e-06,4.424076397256267,-0.015699643002121615,0.001370876043792526,0.029483282010003765
795,9.815767539763364,12.228510058323463,9.939768572096686,3.909363421395528e-06,4.310932449282203,-0.015932430681868087,-0.0005856880640264252,0.07728586720057554
796,9.978311960913405,12.646675754816812,11.377451473028827,2.424623475679723e-06,3.169762320382067,-0.007688854193254773,0.008760446793578585,0.03315151859812643
797,9.858650503466437,12.43160972238286,9.978740764973589,-5.934293159007857e-06,3.7707121431010937,-0.01593746818893399,-0.0020325403391743655,0.04552920255020257
798,9.864134769989125,12.437990179293166,9.97669576245208,-5.965949225302426e-06,3.7796475915838705,-0.01644256821666088,-0.001908463474813986,0.04850457098380295
799,9.74274714773628,12.070364533538816,9.594049753756867,5.690173798951269e-06,4.705122631539255,-0.01723208492746556,0.0015774836411212353,0.029874921704440817
800,9.742184544542166,12.063877701475215,9.599554234424424,5.626086008162581e-06,4.723698206676401,-0.016690901361035692,0.0015470214259107754,0.028787533498333674
801,9.865381642840616,12.430444982201958,9.723816024627489,-6.376598305961208e-06,3.7522611762315305,-0.016033827684111816,-0.0029688461241260114,0.0454911868287487
802,9.798871272096648,12.1342956504152,10.896839651520557,2.865524506674457e-06,4.726626958714837,-0.018590252513054684,-0.0029458922840033533,0.04906238510392825
803,9.76422433757396,12.103694774743056,9.556059147994976,5.2430164749295135e-06,4.689936848285282,-0.017509596069464388,0.0012915139197915834,0.027010817799552778
804,9.948962766983072,12.603646301475427,10.156524855383864,-3.3684867581701063e-06,3.423221223576535,-0.013167209862909438,8.252923423989705e-05,0.024346757834503664
805,9.78451572958195,12.21525189563924,10.550936623042269,4.602444541336403e-06,4.3678303022673255,-0.01697343101910624,0.0010251243235149996,0.05474549480178875
806,9.738721926224837,12.054628566286492,9.662290404055224,5.595203061489752e-06,4.744250565924987,-0.016652979913751826,0.0014722891069417349,0.030080150573843733
807,9.792897840311808,12.112299329110602,10.960697199101688,3.1805575006194285e-06,4.881575084384309,-0.020354152841381593,-0.0032257111431648147,0.048715126797382706
808,9.757739949937886,12.14953070207768,10.160344552345183,4.019772167453421e-06,4.678553794350567,-0.01925300652012406,-0.0004931892065593412,0.06423216985186946
809,9.633608940322182,11.827524769025922,10.93581048154474,5.477142830640428e-06,5.285459386608038,-0.01956662017978225,9.794715160229749e-05,0.05927443259568095
810,9.793273550738183,12.116693277833336,10.964285318049964,3.1022625502685126e-06,4.868839091511799,-0.020294332030149183,-0.003133168630701299,0.048759615988469174
811,9.795612458886431,12.120929273397442,10.96470244258964,3.0674732076307835e-06,4.862736069681299,-0.020304992195679713,-0.0031805008667646385,0.04860558567344888
812,9.741444714697783,12.058297020121064,9.65070243305997,5.670116800295956e-06,4.760255379143953,-0.016981378748405888,0.0014671404662427148,0.030101981949449477
813,9.615163502025757,11.792906881245234,11.008337917466188,5.732181850830194e-06,5.326447222322655,-0.019103895066586503,0.0002245995888823368,0.06146119187864061
814,9.75448682620343,12.082136975014182,9.608401395766611,5.763897560651445e-06,4.834396635364191,-0.018770354126717056,0.0013767104293513415,0.030356937381712468
815,9.595700343035613,11.749827903577437,11.005104745543838,6.237676847776918e-06,5.454731400885681,-0.02000130834302518,0.0001724988528766352,0.06325742910839607
816,9.801949111289412,12.116143815111023,11.099283871166175,2.908138965996217e-06,4.893552593063638,-0.02048100555587104,-0.0036301293799515977,0.04599101814323642
817,9.799827388561738,12.265919368868405,8.798124257119442,2.9766670779969685e-06,4.475588013895041,-0.0199698801573182,-0.0017615199720666895,0.08545162204863521
818,9.583303757564957,12.175818503795425,9.865758048261647,-8.307932908025153e-07,2.8011476379308657,-0.00926726318924336,-0.0013774810272794633,0.021698446992287453
819,9.727385314889377,12.078233058283924,9.634253978752554,5.499504457488336e-06,4.7139936247033525,-0.018181231715220604,0.0014793799105952174,0.025134951611501116
820,9.671668434031512,11.940554729429792,10.415519934185832,-1.1311065616038062e-06,5.020915214067907,-0.01793849161147657,0.001973686527143306,0.04783621002547404
821,9.900611718823583,12.434909996442014,10.21256232186254,2.234380156822967e-06,3.9409921603074465,-0.014191102911258966,0.001429035011638232,0.03314364577726412
822,9.899602335801072,12.433063334005302,10.214163777990168,2.2255636409393415e-06,3.9392531894065206,-0.014113705447256025,0.0014318269958021783,0.03312704039621364
823,9.586193497210735,11.72789985087424,11.032516130951864,6.474975921744175e-06,5.537982133093456,-0.020701671862747805,0.0001815973232091152,0.06364005633522304
824,9.912853385215328,12.544612798783904,11.513255932743654,2.4258269518955753e-06,3.1421528129163128,-0.0066909958139219905,0.00805835952485894,0.028888934267419
825,9.502190917518256,11.568805631762334,11.350662237397888,7.682799167529864e-06,5.744574456256573,-0.018909168226776213,0.0007256246776136677,0.07342876054525957
826,9.758468742895648,12.150483497909722,10.152375019974924,3.857736719195886e-06,4.665702005534411,-0.019042466095058365,-0.0004719499472583216,0.06355125987421231
827,9.737536146143876,11.902056578687416,11.170088993830596,3.89841455021602e-06,5.5839603201372805,-0.02324029651139082,-0.005092947133334085,0.033151568859958624
828,9.930512142708062,12.472971993086764,10.849215739963332,-7.367231047518422e-06,4.025072647016379,-0.01684856336733226,-0.0009826920682521104,0.013988261150531894
829,9.990129896588188,12.648431143710466,10.752465283965416,-8.318347561710295e-06,3.488428674677254,-0.014900035702246303,-0.0012110709085715687,0.020658283297012314
830,9.809998046518997,12.154567161396953,11.231217548179105,1.6777860091800231e-06,4.506347284499128,-0.01486370177113739,0.002387404002569245,0.04367926555692176
831,9.704590083229144,11.875156122542467,11.133751161752503,3.7339089732614174e-06,5.578669349157501,-0.02339854036216514,-0.004380615045268621,0.033293336854690846
832,9.70116353774542,11.867676020020076,11.164213673236675,3.897144741005564e-06,5.61551741482063,-0.023598102566806785,-0.004526475661911289,0.03340515431356195
833,9.433492436944409,11.623772052089976,9.645569889422744,-1.5563995811562737e-07,5.106142495635622,-0.018199312436026044,0.000427665339758139,0.048949760016322154
834,9.463582560523369,11.663698789763616,9.724073799971869,8.63277053915693e-08,5.082720751945238,-0.017986987844480884,0.0005411531279742476,0.049253914488652475
835,9.707917729765706,11.888246915918613,11.09119321483534,3.6140981677540686e-06,5.533041322743641,-0.023359633104539104,-0.004280423064005848,0.034280474610774506
836,9.698543822190391,11.989849612959008,10.331321556589216,1.8891487380495752e-06,4.852631671729382,-0.01716106478258756,0.0014174794693609693,0.0503973444822962
837,9.688082176071775,11.92420094502199,11.09075989929384,4.260560699752976e-06,5.137528395991217,-0.019460053325334147,-0.000666277594859389,0.026948174811434328
838,9.711262874094757,12.009073596990351,10.354904365811317,1.5444709517258371e-06,4.817952393255106,-0.01663131673035651,0.0017773691913556648,0.04953884455787022
839,9.454826701227459,11.68909161452989,9.571514827487293,-3.6094366047498324e-07,4.9758131434123225,-0.01860960451802772,0.0005894564617400194,0.050473279880689365
840,9.638554469703472,11.91932228328774,9.865889738499208,-1.9263303753565114e-06,4.924564786108149,-0.019621559948133964,-0.0016285928857619305,0.03229193095194951
841,9.71131691971224,12.00719441559208,10.360462980577717,1.5540153167763116e-06,4.830072827076732,-0.016439572033154243,0.0017839844931325784,0.049109362729625655
842,9.84607775136153,12.223023717246765,10.547398050496469,-5.058190344415257e-07,4.303025527214775,-0.014530422848485776,0.0002065888429337287,0.028355340948049403
843,9.707517580864765,11.932618763664395,10.797218628557925,2.7852262542300395e-06,5.252882546708558,-0.020370019692645767,-0.00169780112247395,0.040176420525615
844,9.955074983510393,12.509769782783897,10.602850892841508,-7.588083218191252e-07,3.8137471136045136,-0.015165128190879982,-0.0012947546035730875,0.028878446159313263
845,9.101085724261711,11.32138092969456,9.447372507412599,-1.1487138863324093e-07,2.9331753363452946,0.0023799817335278285,0.0020576472372458338,0.04010021730383348
846,9.43472845898045,11.754194210369064,11.092925943470464,-6.51851756221141e-06,3.445966403959128,-0.002156537426788341,0.009755377718286757,0.03141728374218013
847,9.589058436593403,12.126551292232186,9.476435453898304,4.033251217587748e-06,3.0894240318797017,-0.009972749567480373,0.0006305310152966452,0.07099291983573947
848,9.630782474057192,12.149288123177088,9.942973511486597,-3.1626093540119955e-06,2.8028844162697863,-0.004826677731146759,0.002380119589671612,0.06866879044956546
849,9.665005035218117,12.125197224630814,8.383002991696886,4.31669072989202e-06,3.7548903630074504,-0.014076749944170092,-0.0036417036477394936,0.059068678950583875
850,9.452027063228883,11.961922163388024,10.26519747597076,1.3318522237443335e-06,2.41745093890536,-0.0017870968741473398,0.004336319389811659,0.047374189772259295
851,9.611522248218819,11.957969477962168,11.1536294679333,-2.139400749345101e-06,4.2108456574320225,-0.01274473497451363,0.002521367690092527,0.0637511937904284
852,9.669187251483674,12.069105335224052,9.627655095741883,1.9824666619424454e-06,4.204438325501185,-0.01392124383877484,0.002914500114155923,0.05893975742437752
853,9.739631488412726,12.265737987926586,10.202383768741171,8.943912450708199e-07,3.3123168838742836,-0.007124427524986609,0.006394824247849454,0.024587709604044255
854,9.593612924790301,11.953513822614909,11.091360184881236,-2.714625634353355e-06,4.1869999964067794,-0.01286183809103029,0.002957543345148724,0.06450015964278467
855,9.825539798653912,12.446202132065416,10.07028107913746,-1.1426281551637005e-07,3.2319478635045447,-0.011889613167425116,-0.001149569626902264,0.1076471674342476
856,9.700256258009972,12.21563525102996,9.508177268933117,1.1661076258930418e-06,3.5077668910766433,-0.011596739073499838,0.000853022872949138,0.06440510916707463
857,9.788168634883315,12.44544043812518,10.532756115645173,7.321757281626037e-07,2.570434909956477,-0.0031093066932051487,0.006790328419391363,0.03636571424015644
858,9.840704600173288,12.4063597731791,9.609674011453652,-2.7800320820714944e-06,3.5822904967884943,-0.01300870542984698,0.002271258560972684,0.043963918487394955
859,9.660331897176919,11.931872334670324,9.368011610721094,4.249663011733398e-06,5.2222400272027665,-0.02103350862334236,-3.3732804524636006e-05,0.033999251051628515
860,9.709870635935289,12.276876025528203,8.64948088154276,-1.3360108917130122e-06,2.9662357375567,-0.006831294425626467,0.0024676333108512778,0.02927780377564998
861,9.838283449276677,12.486728611063263,9.34086362283754,-1.3516163011426669e-06,3.047386042115406,-0.009796389806889714,0.0004246793740276403,0.06445578884650584
862,9.943153642780963,12.686021177282427,8.928834463153077,1.1499154580596277e-06,2.734561932702148,-0.008346106993667085,0.001437150001387818,0.04275693418451257
863,9.759854065730153,12.187073429284249,11.311639746031847,-5.067019777000416e-07,4.231366603302663,-0.017242624889425087,-0.0043040316055018455,0.036641054612021384
864,9.683336943848996,12.3074026843153,8.54897443377436,-1.182997972986694e-06,2.958751015054613,-0.008936876824052704,0.002828267481884396,0.05153303950415999
865,9.761071301507663,12.188662543844984,11.306594599080464,-5.16361756555228e-07,4.230952616937832,-0.01722703641656221,-0.004273824518811914,0.036822501232004125
866,9.67928690530499,12.222785783269549,8.771575516991964,-6.287989451280828e-07,2.7569753666330024,-0.003704637395106028,0.004219607499635212,0.03904975216685215
867,9.817401915146197,12.32256219536376,11.343281476383453,-2.086282155731045e-06,3.9472220841467154,-0.011796656432079042,0.008453435149470119,0.06525348525175885
868,9.968940751150456,12.496383335974944,10.5102429807985,-2.487893861556612e-06,3.9983915684055344,-0.012340555787877516,0.005329086945760113,0.07341467427607481
869,9.907676220175421,12.426110454554696,10.84702603959622,-2.3255291935925833e-06,3.9777046307464454,-0.012120666683478692,0.006592206898044856,0.07011524667746726
870,9.824442574731766,12.466255817443864,8.750009794514845,-4.188281855084629e-06,3.312256865228264,-0.01346304398134527,-0.0016367820328705015,0.01549665267574454
871,9.971031331830456,12.634898634069753,9.372291105228458,-1.4872699569013631e-06,3.3531043738198942,-0.011995564327385294,0.0019197231616921696,0.040693449338717
872,9.709169664647783,12.199469438770825,8.16367465831455,-4.016051663447521e-06,3.356416125089835,-0.007210324816208528,0.00679036316477037,0.020014108572789367
873,9.79040840410557,12.27553957985225,11.303669970495218,-1.869781156521224e-06,3.9757909771145368,-0.01144792994540006,0.008093991191031174,0.06276918941738069
874,9.961605477540088,12.63140817006432,9.389606259080791,-1.4617122461237762e-06,3.354383325560371,-0.012581922266891248,0.001812980309410378,0.043073955908736
875,9.96497022604945,12.653278463847403,9.366118841090158,-1.3895233439356168e-06,3.330315155572855,-0.012755386731062494,0.0016281428126867802,0.04333111954178087
876,9.953540613446783,12.516911025819796,9.310342637012447,-1.7600455954796074e-06,3.8999382980410378,-0.015692835749989708,-0.0010146614816687288,0.016282705508695566
877,9.772291168088678,12.258859323721165,11.611110188268936,-1.6321148730211806e-06,3.9397460217193303,-0.011108533522867092,0.009062524714862135,0.06741474385949121
878,9.921109581620382,12.457187502781125,10.69152367637397,-2.312311692868941e-06,3.9611547660528537,-0.012640802795361531,0.005965006906674582,0.06827019332055075
879,9.569841466472306,11.938724410619336,8.292722358262237,-6.7611291114434435e-06,4.061213879125785,-0.01075060267459512,0.005774777587117317,0.07083045581535394
880,9.988391008000864,12.525156146500144,10.274896322601409,-2.1410755560891693e-06,4.0739123842515506,-0.013790899041333118,0.004270280242733943,0.05714936835864885
881,9.862207133872417,12.488359470731517,9.976790479399176,1.9111610278208382e-06,3.6314937308862225,-0.015119453540161948,0.00046296251840592705,0.07906042002735306
882,9.921951547650934,12.469305877056549,9.8055414541784,-5.96796118412442e-06,4.005145024774008,-0.01699997540209755,-0.000722936695334758,0.018822190357789648
883,9.76085573026358,12.398795460288566,10.409983047056338,7.103292366588784e-07,3.201706842828729,-0.013003543526882128,-0.0006830677791894906,0.07448234991986992
884,9.800240080978655,12.362076318917042,9.50372617930516,-5.975044597246871e-06,3.809762723567544,-0.014826010438396552,0.0016990548098980715,0.02626157572855028
885,9.793016642216664,12.515273931582136,10.107911033131044,2.5266837499682905e-06,2.6242869841951157,-0.008244266175414076,0.001231847106818651,0.04508179434265787
886,9.949912069518687,12.755575075014958,10.166149382993437,-9.015406567519711e-06,2.3183782265288775,-0.003669071274159129,0.006842649999836171,0.04252895279293199
887,9.690874520714813,12.1910398412343,8.92551633451141,1.0348210862181164e-06,3.2512370619466218,-0.00974248643434479,-0.0002438583189966977,0.07976659299368433
888,9.953051439606453,12.610151993340407,9.786411321911773,-1.1272533526297097e-06,3.404747167975412,-0.013740141202759563,-0.0017908542427461098,0.05119021818925831
889,9.661158990399874,12.2197949848104,10.188356045422484,-4.64024492566368e-06,3.242592175777931,-0.010696933690203914,0.0005711185657685742,0.024928933768900027
890,9.636722009187311,12.20317628607258,10.15927304268964,-5.069518106118118e-06,3.1406864216960773,-0.010183984448378435,0.0005887542351670745,0.02463289192850932
891,10.180577740167449,12.590320768055898,10.81564424731348,3.7902187408084992e-06,5.44610403919587,-0.02422050413068477,0.00010808604477903255,0.03159857339709532
892,9.678494573211728,12.235570844241607,10.169500730398273,-4.470980406030293e-06,3.2725446701674934,-0.010845428121026436,0.0006726319538319287,0.029405050891580645
893,9.477974140767111,11.768185449405642,9.356632131060294,5.182469825220447e-06,4.579251678763138,-0.018835190580124516,-0.005066793085949992,0.03651457534468423
894,10.014586431598614,12.683600754425829,9.550167709463922,-6.635766388573001e-07,3.2826273771118277,-0.013175240145868529,-0.0016165522203398417,0.07259790095207383
895,9.312043191590655,11.53026326549867,10.916578709921128,2.3299421388321193e-06,4.586244955904271,-0.016495206537967294,-0.001967048360093415,0.1427829135111045
896,9.61343991335846,11.874333816804748,9.33384878386743,5.7504769410034275e-06,5.014721249321212,-0.020241227858620425,-0.004098213682908259,0.03355612311082229
897,9.593802454560905,11.839861955411743,9.314162644398355,5.911415488542645e-06,5.072024350457189,-0.020540545845297284,-0.004205885964472379,0.03298822720815721
898,10.073707250130107,12.77580695823359,9.732746109233533,8.512174409262634e-07,3.517102289346404,-0.014570193771751214,0.0003569591432578548,0.07301700866203605
899,9.69310703390896,12.26262687380324,10.260396635229467,6.193794539110131e-06,2.954247036054028,-0.008641112073460841,-0.0008054931053420326,0.05447001968911862
900,10.155160348511528,12.603058558800456,10.375619546239877,-7.245314637065109e-07,5.11932075268325,-0.02124278916362841,0.0020060226731798,0.03957605267888495
901,10.13425047017701,12.93621139667683,9.841182274962208,-1.3422126846214586e-06,2.759094923605052,-0.010138576293166205,-0.00041845216133481886,0.03922028260609657
902,9.403452381832784,11.606085528189467,8.756359209538445,5.039001951942607e-06,4.47626981529784,-0.011748589907555803,-0.00031726785049312437,0.03273430524952901
903,10.354914354126212,13.210732575360923,10.666056508961027,-2.8815569776054225e-06,3.4017819569019876,-0.014937850657694512,0.0009083684254645822,0.028093450916887447
904,10.344224288083645,13.187017834219803,10.663013635375563,-2.7868285891418488e-06,3.4400255008030873,-0.014966739618092287,0.0008948550192351824,0.02830515721094561
905,9.75471217473943,12.120530311074592,10.720533198109615,5.305095060427116e-06,4.317302777586585,-0.01651438441894784,-0.0030774127126430417,0.02275068564698894
906,9.556014146338319,11.766989691812912,9.02334236392257,5.883656415665197e-06,5.172780413592109,-0.020486181422374336,-0.004425202524525195,0.033710316338344676
907,10.07619377770008,12.580695523408089,9.865230456266627,1.0648955897862227e-06,4.172303013322963,-0.014871548801491018,0.002639520379770146,0.1010712258886635
908,9.38953973650152,11.579658209219897,8.551354856075776,5.406689992685418e-06,4.557424726861284,-0.01312274301654586,-0.00037609614849601705,0.030848521862781697
909,9.597887712640976,11.989990315460382,10.415134598522908,-2.6087872787910315e-06,4.157021833699142,-0.015672984367494286,-0.0013320263582562932,0.03016430664781144
910,9.156162224754608,11.244413768803778,7.976487253072043,5.873657707616339e-06,4.685380229064142,-0.01286809956128989,-0.0009788945963660465,0.029753538652510896
911,9.456515607903151,11.76118051292824,10.454220081013252,1.9314594698113054e-06,4.00844027601243,-0.011510022149221533,0.0007059238434544155,0.05901583328734336
912,9.647248286235927,12.157695570392097,9.073851678648422,2.6945157771858942e-06,3.2955559402348795,-0.008958198451719843,0.002979017294722945,0.0359584144206373
913,9.351381093076192,11.490814483041609,8.483347927613028,5.64999366161216e-06,4.600988651370349,-0.013131105280450944,-0.00038708784608166874,0.03521742569188273
914,9.802570908331623,12.455891894474547,9.45587608225165,8.943223041198292e-07,2.4834578744719105,-0.004123243207723268,0.003846765747588048,0.022598375153472197
915,10.21222418617208,12.952615340092615,10.110231872205413,-1.5377474624130676e-07,3.3497834909107547,-0.013544675557169676,-0.000466819993105513,0.03099183838399669
916,9.985846942904892,12.50774082060638,10.552282178977627,2.3885753577879716e-06,4.15524453752505,-0.015680799249313176,0.0006761944690957388,0.04400783706085139
917,9.536837000599933,11.737067786620138,8.756913776893041,-4.3437953903000346e-06,5.015392833560377,-0.01663411924372986,0.00419488561755442,0.09406606603915789
918,9.534167554552477,11.756847190596242,8.790017997182993,-4.398164631984571e-06,5.030961704198027,-0.01698206315353808,0.004082414096454702,0.09640909157715623
919,9.835801297163192,12.51341867994178,8.206230923971948,-3.945662256439139e-06,3.132935438068243,-0.011406725646842196,0.0017812785685436669,0.07662377896604775
920,10.12954716131392,12.955062690860672,9.614246914730685,8.5771365599379e-06,2.487183466323048,-0.0044575655662470945,0.007654530449392227,0.014152124401643209
921,9.387775797799026,11.709186825544144,9.1790794772019,-2.9405969078689903e-06,3.0117645187833646,-0.0005258736697241872,0.005316273698493886,0.09328484257467597
922,9.935920144584404,12.418602491350397,10.013430986921046,1.5122758288188766e-06,4.469528334674822,-0.020098306513461103,-0.0023261624548506984,0.03164798904328256
923,9.919979561209518,12.455007679962277,9.85704377299058,1.888473659323364e-06,4.244200800177503,-0.019042452792638897,-0.002231718249861496,0.03022926920415031
924,9.79083577417059,12.349011570999014,9.20651496183941,-6.906905778371684e-07,3.368491021230117,-0.009442483039326799,0.002887513532007985,0.06130635626455397
925,9.93028343918902,12.410626843067504,9.99235464544615,1.2285341516826798e-06,4.463430544352012,-0.019993028944799898,-0.0021251024597068666,0.03587101568611663
926,9.932409433368917,12.401598408272886,10.065257716034354,1.4001951930801545e-06,4.512781630381669,-0.020278225335001905,-0.0024049307765063067,0.028239923806629985
927,9.352958029808654,11.573871566975278,8.53702097310652,-5.326422615072787e-06,4.430102870743934,-0.011160449453624684,0.004613388985248543,0.044206841015409434
928,9.792620925179216,12.438945258627552,9.082200699244396,-9.378774995395741e-07,3.1134671141253696,-0.009731086780533202,0.0033226970663373188,0.058181336174801326
929,9.922696121048332,12.410689992513507,10.00921402878626,1.1774048237570528e-06,4.433552776845968,-0.019553937211254015,-0.002030687422992509,0.036213811094508566
930,9.725290754008908,12.20170158583234,9.77600224333192,1.5482238357820226e-07,3.6984543536819783,-0.011073691720035715,0.004049267571064637,0.0665932305389969
931,9.614709807853359,11.885428312825113,9.609307525717117,-1.914240767540719e-06,4.675391926795162,-0.015429878741747836,0.0023743280609981243,0.045063270608035486
932,9.811896647463593,12.422644513423764,9.49295847512203,3.283124275722388e-07,3.0492261580879245,-0.006629221917449578,0.00503527563770503,0.08947520059416682
933,9.619961652034258,11.878814947884218,10.483293356960376,1.3336132619531771e-06,5.200398259612655,-0.02191119682973256,-0.002107037717327542,0.1079107443145951
934,9.678265891873668,11.957938128313154,10.247305147148548,1.050770212320078e-06,4.931955451596026,-0.019480065675192695,-0.0015944867550069762,0.09935874829739176
935,9.947369742968831,12.460855257098558,10.022003297303442,1.4303769477122569e-06,4.357094526912803,-0.019221290319887948,-0.0019960834538013845,0.03545196459176953
936,10.45785160201818,13.325953121758095,9.456201039288207,2.395978478359865e-06,3.2709762191567786,-0.014469760557198091,-0.0006893396839226391,0.09765198417077309
937,9.864806070840618,12.496033331104975,9.166284752728524,-1.2774875407042835e-06,3.548933357705768,-0.014906299614684568,-0.0005818226597846116,0.08577277762510811
938,9.719332143025818,12.043565181818224,9.985325622404803,4.6664846451233254e-07,4.699673382651853,-0.017204502252281866,-0.0006642261115894145,0.06936821110572282
939,9.297676618680276,11.401504335893517,8.187098355498408,-6.938357844328423e-06,4.9034378326754355,-0.011259274523747665,0.003740108523837604,0.04464225782318247
940,9.228626350490053,11.257882093734,8.670635497364762,-6.5692957459455125e-06,4.95726418136643,-0.009383312796520299,0.006737062206527312,0.054266226178321005
941,9.701764193235949,12.067232213589971,9.831598300630526,-9.252266115048149e-07,4.075935713220508,-0.011179530550457478,0.00285915015574854,0.02243992881362626
942,9.821894854066874,12.199212627842709,9.696367812037966,-4.515665122029654e-06,4.404806936118478,-0.015546491639418368,0.001702617961948838,0.09630648859771196
943,10.09713663881808,12.894279544920874,9.525186908314595,5.783175297084356e-06,3.070039318006875,-0.012489286735489815,0.0011007860567042362,0.03504991172487039
944,10.176927339042248,12.868146168544268,9.536928524346685,1.982499414820629e-06,3.5126975535014004,-0.013574487636711756,0.0003127360979457896,0.1369070178906317
945,9.359658889666845,11.482026500937392,8.99215681791451,-5.00620642363926e-06,4.713185824920158,-0.009880763966029112,0.005663098940835366,0.0454521340057545
946,9.567320043124827,12.007503828823644,8.576304295572832,-2.445989983406915e-06,3.8170253667906944,-0.014621869418568117,-0.001077785716640592,0.043201600003056694
947,9.362097545788362,11.485194598323572,9.023831371239218,-4.9301870585084875e-06,4.705700471189832,-0.009826527276139429,0.005738757871645555,0.04548399810945487
948,10.105298007326892,12.981965886105971,9.454860997171242,4.970460874175797e-07,2.838473554881574,-0.010450196051031957,0.004278436221435527,0.029198016197580497
949,9.630691419896449,12.051627091181365,9.121168054930385,-8.897104347815061e-07,3.8846707891793657,-0.013732221824199174,-0.0019135584245952133,0.038297869802905185
950,9.50062673356448,11.758823935598247,9.466139787168245,-2.970417564087029e-06,4.443488393859902,-0.011559503060034731,0.004686033376878681,0.0404454515754181
951,9.76603501486999,12.302674415505743,9.13540712657249,4.5764060123512483e-07,3.568673620130875,-0.012860747703584174,-0.0012845781483283296,0.03576147992560624
952,9.405416141905526,11.639792512816694,9.380803972705383,-4.503894080782592e-06,4.786265246008733,-0.01795397526069575,-0.0011375408471196455,0.02458133639437113
953,10.01141911362584,12.837124583888617,10.025908198095802,7.434327613323572e-07,2.6221464468552846,-0.00856746037545665,0.0026081764860824926,0.08333195413367997
954,9.983416799200306,12.81475095075603,10.505190691992922,1.3296225707420412e-06,2.637908308538196,-0.010165006826354524,4.46576168860039e-05,0.053321682097506026
955,10.148353254777538,12.753360081792078,9.085874882904243,3.416235457083225e-06,4.27904946378982,-0.017901188380993485,0.002014034583591149,0.1012310273715725
956,10.09145558174713,12.742479809430389,9.045120212602344,2.9173726946388683e-06,3.9752457845227,-0.016466125290370236,0.0023290718941034556,0.09824654901862415
957,10.218880784810056,12.975156778779043,8.95402622718929,4.762322142568646e-06,3.3959745643750976,-0.011990782166668795,0.0034481163613380426,0.1276896571059606
958,10.107643849841544,12.772039402577372,9.033547510952994,3.1517575381849187e-06,3.9016543945486406,-0.01589757171886686,0.0024712367987669223,0.101987040819255
959,9.266449427891631,11.702123444806492,8.998216595804013,-5.168675894616454e-07,2.0671945066579704,0.004377772759969367,0.004346663457721339,0.023996665766723463
960,9.68154653678142,12.3661633873952,10.027381353908272,1.2379226838378975e-06,2.7219871882836326,-0.00991175941253035,-0.00044316167117189114,0.07497860000916039
961,10.273602049808748,13.138056462492129,9.766676208663535,-1.8627966068261264e-06,2.910237263566416,-0.0112777358250046,0.0009340956555735982,0.039911745924799125
962,9.508185872760496,11.93993624249978,7.894943151363401,-2.2821581935881147e-06,3.208574651531471,-0.005001664043781898,0.005959432989686242,0.02295568544256908
963,10.018076079026,12.727681237051002,10.180768983330177,-1.6114535693648202e-06,3.0232013249337752,-0.00949199677769013,0.0030864881083216417,0.039907537574614106
964,9.706052143598125,12.10958740719908,9.000996673857129,-4.052654985874962e-06,3.893600109876621,-0.011523315554557488,0.00232916984306788,0.029922188867694363
965,9.999718012099146,12.793537317280112,9.790019518321323,-3.0198693943723873e-06,2.6191886828229407,-0.008312857223643819,0.0015550656261222118,0.03661845930505045
966,9.99614244835888,12.503678372657983,10.096771137289922,1.2058725930272573e-06,4.0511701368292625,-0.0163830939537341,-0.002369744806487775,0.04989038435598206
967,9.661232193580124,12.10836190556606,9.95090601473569,-5.337013506176092e-06,3.6734686020616993,-0.012385581963601467,-0.0018120863786417491,0.09046883170907491
968,9.991155928345979,12.7547118567477,9.914432459739821,6.016542038771515e-07,3.075613304047437,-0.012206031505529204,0.0009024481464216034,0.044293644345289915
969,10.129020760277983,12.70699057347688,9.745452452557501,1.8589703322801835e-06,4.013736888676377,-0.017031748014856903,-0.0022513454460739335,0.04757124940674563
970,10.13124249412609,12.698423549635176,9.706047478220807,2.0588407150919553e-06,4.044347931996208,-0.017189701754639106,-0.002333426527287721,0.04797853453655941
971,10.258174112177734,13.026101663000848,10.770547240857685,-6.286108432053454e-06,3.5187024801804134,-0.014863568230511557,0.001731017517950377,0.04293886062062206
972,10.13749348130357,12.955597549065658,9.413699616260885,3.664250600076984e-06,2.9930171845118876,-0.010876647240889556,0.002260070723421972,0.052380741342427595
973,9.062818825769284,11.172059672371203,9.710564142671075,9.792221939111741e-07,3.7186912174114246,-0.003107642331556453,-0.00037941946557783386,0.08438967041702755
974,10.078108540660557,12.796656472435286,10.088733166565454,9.247796552229266e-07,3.067545228820955,-0.010473481410980527,0.001019348116457884,0.01608046285746839
975,9.728942224977295,12.137095441142838,8.814569310612702,-4.061824297016526e-06,3.9833098011118535,-0.01236270495968748,0.002878934069207849,0.027158592171867876
976,9.39086216597626,11.65743441844052,9.189457929219415,-5.755656265414584e-06,3.7970277210336136,-0.006014229392753067,0.004866653196316654,0.01682552975372273
977,9.547319840916579,11.866259767775285,11.016167160798098,-4.7541031888768e-06,4.09885330033484,-0.011408928177689886,0.0018787308016034248,0.08403886266646393
978,9.894605101474639,12.493937526748123,10.789777078821354,-1.8531866849225325e-06,3.496398421541764,-0.011326466261214946,0.0037847679230283465,0.04076542911079339
979,9.91222169125843,12.729947251720697,10.440457687910833,-5.321284692418348e-06,2.388585940374213,-0.00630909420669655,0.0042449276716800865,0.0225511789639142
980,9.571521210467262,12.02772051873326,10.689013350372464,-4.636845498915422e-06,3.066007814379595,-0.006147378969453505,0.0016982872615813084,0.016204114628515114
981,9.964578687309542,12.46221792374069,11.758873829519862,-5.545417471701587e-06,3.875024537892641,-0.013031698589911642,0.0010377859849192762,0.05551912309391653
982,9.510375163176995,11.984951459224362,10.151260647970014,-2.120879819137974e-06,3.4721693170835444,-0.010979158354234474,0.0023079976502146504,0.06236816690488741
983,10.025761039867012,12.7196369874729,10.645480876844973,-5.705732716650334e-06,3.358596081477091,-0.01233171501535764,0.002439606931467224,0.02723471315382496
984,9.67383160798596,12.07805549358357,9.218655016598152,-2.2162498576098205e-06,3.951347795792643,-0.0107712192985591,0.0030796903485519785,0.0225960955893454
985,10.303679194475365,13.019041165097397,9.881752218712736,1.6600697037034044e-07,3.6846312574768296,-0.014613037800465786,0.002117911817303794,0.05364253674471109
986,9.956021276215132,12.560041117080331,10.299980616430636,3.6379330302259574e-07,3.601314031365556,-0.011366051524572788,0.004073940078230898,0.1147377768699825
987,9.937584761095454,12.609467846965838,9.06325409500064,-1.6800982448504598e-06,3.3907580552582486,-0.013386809499171218,0.001061047927274527,0.08101452670885481
988,10.272806652571916,13.001378373376063,9.82860889497322,2.6489379852806527e-08,3.641645219501112,-0.01438205726102993,0.0019486925741590715,0.05331533182177631
989,10.25610664752292,12.985467281919666,9.816397751805901,-7.967191487708529e-08,3.6241431210380526,-0.014096852373019771,0.001771858455212952,0.05238099405829373
990,9.724757140867828,12.15561226850162,11.474830570230264,1.1085643050039307e-06,4.236362489438566,-0.016354177710837664,-0.0009547923357439438,0.032726252098189426
991,9.901231204812774,12.430942408316152,10.481446674592442,5.197562485895268e-07,3.9300180652909726,-0.014993659742091,-0.0004404546701439771,0.026259353957351295
992,9.596429890777623,11.99875711136698,10.656513465695944,5.454630867525093e-07,3.8087900006477633,-0.0130243160460524,-0.001539534467866214,0.0260797599244474
993,9.719904764115892,12.03775817534114,9.336055919385556,-1.8112225964105303e-06,4.355588492846577,-0.013407461766609298,0.0011953177989077505,0.031197518303888352
994,9.852957280821542,12.375006586268034,8.491624211526986,-7.629273915501453e-07,3.8077224460309806,-0.014851779257769844,-0.002723543581690447,0.06690324416768904
995,9.632518871449982,11.975510657938615,9.255579899515805,2.3408746220093885e-06,4.3646363312363,-0.013635609112134336,0.002551545887425934,0.02922287741009695
996,9.609814053731725,11.894648677109128,9.658544017777793,2.0849991360174775e-06,4.1959865239339535,-0.008185114900983108,0.008048131019875495,0.04070935773893533
997,9.614999272279315,11.895597151860247,9.672656065474852,2.3080343855947233e-06,4.325691072260752,-0.009542438001490615,0.00953278328678021,0.04411305429065623
998,9.676023976872509,12.016935852803687,9.618238078137608,2.2501195434410337e-06,4.133320795370003,-0.008934215720402346,0.007590404700327327,0.04699639603820581
999,9.737115693428514,12.083504218536042,8.877610278392845,1.0167301557229733e-06,4.673535865357008,-0.017539385510478872,0.0024337450392430127,0.02816985572943025
1000,10.004011647468138,12.460048243060264,9.377711468084849,-8.487595922112275e-07,4.53625642855306,-0.014759025739502506,0.0077993295966039405,0.02599616922657976
1001,9.926033494862768,12.559219549375428,8.742797919341868,-1.4913877724642468e-06,3.489839091279986,-0.014335916204782547,-0.0024133383879533857,0.04219919480673741
1002,9.184830230281719,11.274677129632131,10.463560096328775,5.854398919324149e-06,4.341912679884035,-0.008639608021055782,-0.0029310661846264924,0.05991384404735979
1003,9.8351056718018,12.478390876784802,9.50059298606594,7.809663156814559e-07,3.032017002037252,-0.010062161107831149,-0.0008037964561804203,0.03734622469825857
1004,9.221693842859082,11.320686017766512,10.421526273082405,5.671424532498516e-06,4.316147826202252,-0.008319043300525877,-0.0028654260007708863,0.05971853452462408
1005,9.616075043446036,12.024701273448532,10.488786483707708,1.8342469527797563e-06,3.6485221686544818,-0.011149135854731916,-0.0003507896651055,0.030229642960846407
1006,9.938541179069293,12.437139374729185,9.399602074773943,-1.7142602102084128e-07,4.239638862555339,-0.013952248115465167,0.0057629244299601205,0.02858186532235161
1007,9.224454441856459,11.343848070425684,10.361289749814793,5.860247011941647e-06,4.2562371525122575,-0.009600504412691136,-0.0030596108809990115,0.06228745371963008
1008,9.97387467238116,12.642802666582204,9.176731644625978,2.837233770031838e-06,3.715114812405628,-0.01682843779457576,-0.0012704990426463353,0.028983489996418
1009,9.796182204694315,12.158490855071683,9.53528530180919,8.377541929626196e-07,4.423762113572822,-0.011972069354771743,0.008725425364967846,0.03567509557394031
1010,9.101844555802025,11.13052640786254,10.657839841053876,7.123432543093233e-06,4.613920495940401,-0.011033031498886013,-0.002930242077125934,0.07126477591460756
1011,9.89497455257704,12.306215762982172,9.173401211408937,-8.663645176949188e-08,4.5923402722787925,-0.015894907897290228,0.005607285304915974,0.026884202401633507
1012,9.182202363032093,11.260943688690348,10.562606019024177,6.537478850635096e-06,4.45103961585527,-0.00992919750609039,-0.0026763597722235266,0.06656963711379199
1013,9.299614265708534,11.438490460632334,8.674476587775196,1.384013577518359e-06,4.859015893253586,-0.016283385712485776,-0.0012535319897019233,0.050787192929809835
1014,9.434905520377594,11.793930830866625,8.615325019890722,6.942908193096264e-08,3.531280667681185,-0.011178227679251073,-0.004268313172986508,0.019284170383469097
1015,10.004452602176666,12.459791602239369,9.376073332057306,-8.529132119769074e-07,4.539380032441883,-0.014714919070384457,0.007799287180537147,0.025903583295591674
1016,9.795084104682871,12.154403999837912,9.500505003076885,9.026167174077949e-07,4.42580969842941,-0.011949230268878288,0.009008638261913855,0.03163206271894792
1017,9.803231366634142,12.178595512694203,9.503854908304366,1.0224229918858989e-06,4.391994746791671,-0.012114201963396088,0.008598104780252271,0.03167857483693459
1018,9.575536235566428,11.938600896258055,10.662070615720124,5.797259703358325e-06,4.360046653816202,-0.016615476806811382,-0.0009883332717416002,0.04548767987389915
1019,9.736521838332987,12.092693947963356,8.74059715676826,6.649336794693546e-07,4.6540984876923,-0.017615961615858447,0.0025939047101372773,0.026628465726286105
1020,9.575713200195823,11.938770284199084,10.659958421631258,5.791617955542716e-06,4.360369892496622,-0.01661657659722994,-0.0009843954698141337,0.0454669487415186
1021,9.482303929807417,11.86788289802882,11.384230785024632,2.888790850705064e-06,3.6479113014187146,-0.010480026208141008,0.0012236167408066962,0.03524075102427916
1022,9.739891899594598,12.079849785666964,9.649112978838334,1.4161590974901615e-06,4.372435668298437,-0.01106745471640574,0.0075990720026625404,0.03402106878718118
1023,9.796812655356813,12.152010991086533,9.499735909075593,7.607196594185914e-07,4.4411797918054425,-0.011922642392317532,0.009169585058572845,0.03169587523346262
1024,9.169400895735489,11.148585094014193,11.36471669425806,6.883725982998089e-06,5.276141702359931,-0.012689403110058811,0.004501577073925202,0.05257256142305959
1025,10.138905791517349,12.950587039630092,11.392376117965249,7.26169414707976e-06,3.0525124639822683,-0.010880942754335474,0.004408598713207582,0.03699452749586126
1026,9.82878266235938,12.347848476230164,9.619502717521165,3.1611325457874585e-06,3.8614642067153953,-0.014364368515851695,0.00026112881323932897,0.07969330610421532
1027,9.765480816524573,12.157922345682447,9.497693459562965,2.5665741456664746e-06,4.092686156632242,-0.013332221039423414,7.699315065919869e-05,0.020937818494850567
1028,9.705876803741848,11.90481227687002,10.252138580909149,5.8371539859988365e-06,5.693358121973543,-0.02425067617671892,-0.0007948853782200005,0.046554967231244984
1029,9.760427019941295,12.141554752710842,8.845457832296656,9.737855037858718e-07,4.561148487235203,-0.01691467416427843,0.0029651700916041124,0.02708013589061368
1030,9.796863834277902,12.152232156725349,9.500563292401493,7.584287748916537e-07,4.443267481885912,-0.011962126962053676,0.00917392253870872,0.03174990421240504
1031,9.896565084636086,12.39327268596572,8.782894604572304,3.238276906781241e-07,4.289460296659746,-0.01667706979770846,0.0027149325846418182,0.003275801230481379
1032,9.756231307653943,12.112627997021304,8.976361768866271,1.5469500605155825e-06,4.687899660961998,-0.017281559816024035,0.0026001897297333737,0.027859963884431585
1033,9.799586806216938,12.209922159868531,9.476498013105,1.8573016980391128e-06,4.394769941173944,-0.0137253209689537,0.008054111696894704,0.03571905722204784
1034,9.919122390375689,12.351832767748824,9.639405361027537,-4.0294951730058826e-07,4.307943492047105,-0.012446318171861146,0.007618441329348723,0.022209350906273864
1035,9.71621098145869,12.280434299592498,10.43452392703866,4.4222271434889266e-06,3.5580384598247186,-0.013266607000141257,0.0014952005956983714,0.0285257721698992
1036,9.951387568562224,12.359484429448544,9.59153138630755,-5.468795327799008e-07,4.409696336110513,-0.012348426704439378,0.007889627608908226,0.024403023492102452
1037,9.794060300417787,12.202393517788686,9.55589332483236,1.784660590450846e-06,4.368437554865764,-0.013228996761139634,0.007753669520910133,0.03540689320726502
1038,9.765263930888095,12.120744517178348,9.01378862701772,1.4468872333510204e-06,4.693260804154847,-0.01712979013812413,0.002782451507941718,0.02770334986445573
1039,9.897138760711197,12.517406162337856,8.894237238147142,4.7797155351072025e-06,3.4495792415398876,-0.014570604790139576,-0.0017622329556420766,0.03422423587768888
1040,10.111606537225352,12.710108191981227,9.329851360479957,5.528672560405696e-06,3.963007496846621,-0.014273081195333048,0.0051065131308104875,0.165739177603142
1041,9.965676130282167,12.60279619313564,9.969943581658821,4.049200075567597e-06,3.5414940745832437,-0.011502278589396446,0.006101532126676627,0.02958679375647129
1042,9.667081242829616,11.99166217826152,9.528934829631996,2.57417073665897e-06,4.3115702774433435,-0.014511117459127084,-0.0012596627612504925,0.02462450185594449
1043,9.705236547142457,12.20940877285792,11.083472701571637,3.6313696544537343e-06,3.5573677913823065,-0.011366913515535777,0.0027102067360944213,0.025671246444575968
1044,9.527890462014906,11.947978852157751,10.058615286647631,3.6744759889877106e-06,3.5172477093562646,-0.0108885587000246,0.0012281484224650392,0.01691209349473652
1045,9.793523589250505,12.24956480137818,9.578559661698595,3.918512645939163e-06,4.087102595082557,-0.014005050399111266,0.001068111744907368,0.032529460258030905
1046,9.770380640111618,12.248481647349234,9.871394476021349,7.5241890245267155e-06,4.2247857544963,-0.016604383277844414,0.002003496302969735,0.03710714276621094
1047,9.672507715584008,12.108346273633233,11.094973942525137,6.522192595992596e-09,3.3719117090061195,-0.008418251584900019,0.00039583140906256824,0.01958154727473825
1048,9.72670052828496,12.260630192256311,11.194645867631998,4.291124158147551e-06,3.6543447453167177,-0.012975412559234832,0.0025902653310746217,0.042058347812246016
1049,9.778324645896328,12.242169233490785,9.556045251667047,4.359105954939553e-06,4.06327991038337,-0.014896655370470718,0.0004615350780631418,0.03429145449968417
1050,9.796018223653709,12.25587800188519,9.925973848224935,5.8231914047234036e-06,4.235963748878102,-0.015114588311543511,0.0028250481113938903,0.033714016987201445
1051,9.763812899398484,12.08451994584288,8.770582879296724,-2.7655568388913e-07,4.826114171320205,-0.017278788618557216,0.0030033529666788194,0.02503655778655435
1052,9.838836937802265,12.206846811900038,10.00623200563924,5.730236381567417e-07,4.595962333468707,-0.01440582566480996,0.005075656610871014,0.034427172579405765
1053,9.757514644062383,11.964502407407686,9.6963508248532,7.146196936105011e-06,5.4176625064116255,-0.020225386296950167,-0.0003145941098667609,0.03676616038546016
1054,9.758112734059846,12.08749470299744,8.780696627599411,-2.5989797256609445e-07,4.813568768715889,-0.017653665053541656,0.0029697278857814145,0.02745052653999669
1055,9.782924198528228,12.112592841938328,8.60255542196023,-8.054629479831847e-07,4.894372667993117,-0.01872024890160229,0.0025271422963163937,0.026522991235060363
1056,9.70523680810452,12.2321330761792,9.392899681803486,6.221415087557478e-06,3.7169264902970656,-0.01525902074882078,-0.001975795372690367,0.037845088703105434
1057,9.687097846536556,12.01565930141514,9.290568896439149,1.3016074119816234e-06,4.582293431223082,-0.014600909658925215,0.004236487689312613,0.030105299918564293
1058,9.649366348410894,11.943669545368952,10.261082153781857,5.762453353480236e-06,4.636043231180775,-0.015360475743537804,0.00043888570409879746,0.0310527823365577
1059,9.77207183163753,12.235515531677695,9.576187049709581,4.417700846782544e-06,4.07066051844208,-0.014989054784714618,0.0003965762964573245,0.034546594610288556
1060,9.8492432161238,12.256597393809454,9.632482946180954,4.264643704277829e-06,4.518758995789728,-0.014445850283333957,0.0059212738280116466,0.037123385808437374
1061,9.69856811790843,12.05268484133964,9.390334119894362,1.8136588747821905e-06,4.5979344177676325,-0.015828158141630643,0.003523954628519803,0.03379480157982202
1062,9.774935754099143,12.236683232202928,9.589867870064221,4.303681996149774e-06,4.075839668611933,-0.014861136283459492,0.0005305099667557147,0.034226862354255254
1063,9.585110165708745,11.859986682663903,10.152136878915448,6.8532515501050565e-06,4.8312234530982625,-0.018090528640233836,0.00046451865440752006,0.03329510984939347
1064,9.760086255901776,12.012378451829465,9.675123195187073,6.664192234934513e-06,5.179706772031757,-0.019300357884535806,-0.00018896172192859012,0.036374061183860974
1065,10.037135822159565,12.580641761594007,9.427872540905897,-1.7508461921096558e-07,3.8607910705197153,-0.01516303855104596,-0.002030601131467655,0.032479927329501335
1066,9.818877624176007,12.439200316617343,9.708908217581541,3.3831837602885062e-06,3.168993397629706,-0.011314065940471655,0.0015028906992064863,0.07131626302771818
1067,9.704809769176805,12.250419814457192,9.08702547938493,2.1406160002942706e-06,3.529540392201235,-0.014022039444823848,-0.0007514686942525664,0.055195223001635235
1068,9.850873196100114,12.47293442786026,9.703216756818293,3.3097203984782237e-06,3.1836966681573906,-0.011255344401829627,0.0012371014798864227,0.06833909061211832
1069,9.89409013702479,12.537355957200418,9.484157877723698,5.258956708211477e-07,3.1598958062581293,-0.010764973922117315,0.0015172163627076103,0.02379271810909648
1070,10.060896250185587,12.691854786391428,9.327341473671968,-4.1677949631872513e-07,3.9925684362402247,-0.018799857028374903,-0.0028310117208334325,0.01746093772272069
1071,9.941308097642928,12.325068544788152,8.031380504234175,5.360883561512204e-06,4.981947832948941,-0.02108008665692276,0.0008243730127265227,0.1662182250697046
1072,9.990208324017905,12.334428437024858,9.188102285748034,-1.6226788357719258e-07,5.3831701507510665,-0.023379732616288444,-0.0019868027651596372,0.025390374148641665
1073,9.727394591940728,12.134166808337945,9.147948118849687,-8.249054947019687e-07,4.001560484836574,-0.013993674828854406,-0.002303229544051031,0.03772596481393959
1074,9.72481743020075,12.298285760369838,10.130042695981087,-3.7174328020981907e-07,2.88732384539202,-0.007872976052374737,-0.00033001631325581477,0.06465278411219172
1075,9.979469255151841,12.708962728696688,9.38790685441951,3.618021616885446e-07,3.3063734539752865,-0.013437839650859283,0.0016985711207782525,0.05845522697567974
1076,9.645220039389748,12.082434899350282,8.622179470040585,3.883624775232336e-06,3.9181939363278344,-0.012221405545472838,0.003904733130349265,0.057494942627422205
1077,9.959533813844079,12.523283537773068,8.65346368952654,-3.452651989129804e-06,3.9111530500411984,-0.014806363125472288,0.0012594194625008574,0.059484007014207856
1078,9.975549068121836,12.669526372493376,9.248554765777728,8.753435567823705e-07,3.478500437983179,-0.014222905921091229,0.0016087672388064357,0.06952541286676182
1079,9.975726097741063,12.668842572461658,9.24789716884927,8.775928480839535e-07,3.4776915650355944,-0.014160653671183064,0.0016153274936427132,0.06955429030273524
1080,9.99519753871964,12.325420715322473,9.200467937619806,-1.5031187567807065e-07,5.625448945553999,-0.02597167783173107,-0.002259361885315302,0.02566608552330042
1081,9.882994921656842,12.525190033291782,9.144491015196932,-2.03295924557145e-06,3.469855216123124,-0.013537953140412694,0.0011728448416276475,0.05268471241500526
1082,9.870784354908672,12.23103101873784,8.875410633241108,1.7446410547439332e-06,4.99548655633778,-0.019995211945102117,0.0008545857080894835,0.0380054097073316
1083,9.881403515894618,12.239534892810756,8.890409698892945,1.5300535199027815e-06,4.937428321190284,-0.020380018473051785,0.000834444323667921,0.040195771279781904
1084,9.878503433612025,12.2296378717,8.869032969521509,1.5096720437977795e-06,4.967893350147235,-0.020526235078220927,0.0008830763473928543,0.04043730002436936
1085,9.886547817268472,12.533975549945884,9.07172894833519,1.26491248091792e-06,3.192373629740945,-0.011444737540826888,0.0004541465611936561,0.04747450037025723
1086,9.937151579499199,12.534330820679273,8.794258017703916,-2.468070533645664e-06,3.7865792425526505,-0.01510496299505763,0.001463884394191412,0.022498107866348788
1087,9.943073394444397,12.441976879480285,9.532628961346093,3.9938641619011723e-07,4.200813434575421,-0.016297807005624373,-0.00019184332851699228,0.03157452502056935
1088,9.873044143498786,12.241487014473488,8.955792759990807,1.5571297287995042e-06,4.818459211089601,-0.019090795012226384,0.0003590929184714392,0.038121636346339666
1089,9.941350987657458,12.459306555843208,9.542860207633057,3.887071922610985e-07,4.180557161490858,-0.01664274920011117,-0.00011627752258126832,0.030734212896998465
1090,9.917817571262184,12.373306569702311,9.290543992407047,8.084551524857325e-07,4.475377073771344,-0.018096929742581463,0.0002579329157649386,0.034367556996960695
1091,9.931629298259518,12.42971245218216,9.6175640322471,4.237241948184976e-07,4.220898977433314,-0.016546038145576713,7.078867008432723e-05,0.02899510600821041
1092,9.908959530754919,12.36070269245408,9.791764036627322,5.053794786061305e-07,4.314971062098186,-0.016320520025044614,0.0005070037065981719,0.024939725588134745
1093,9.742497760547172,12.158710673594708,10.006447016967202,-9.338514808207879e-07,4.303076312595962,-0.01587071000314266,0.000991219120467486,0.03320420160260027
1094,9.876994844918707,12.20081945330564,8.817328803739079,1.636773240984041e-06,5.074269987927103,-0.02055275439649382,0.000967777677755921,0.03874309906714632
1095,9.921664838113509,12.3585334120629,9.791099335619261,6.005722825676472e-07,4.362805981492334,-0.016236057847610404,0.0003347211070006337,0.025541912950343637
1096,9.934948953276976,12.406901692837728,9.721551358493423,4.905202816090013e-07,4.282875799835394,-0.01624083451626917,0.00020690144809393671,0.027649667028955688
1097,9.98733242418859,12.514879782159836,9.419737902835692,-1.8181222485660866e-07,4.2228501538096355,-0.017572213485301674,-0.001995000368857273,0.019942648447302508
1098,9.778638054506812,12.394245682749908,9.684888171115613,4.922520093407602e-06,3.2643821637373565,-0.013031902650350091,-0.0004525186661236973,0.02738478626483737
1099,10.178849919170869,12.905120930770003,8.119662043132422,6.869394788021868e-06,3.1941912102714287,-0.011081213428391648,0.0019119741940586857,0.1028223422439487
1100,9.784869671697582,12.384428606976488,9.683322678109638,4.889017240615343e-06,3.2391846445808987,-0.011061318087849492,-0.000404508271462906,0.025013231981005468
1101,9.90206030986916,12.504692080381918,9.252654392284684,-1.2033088097559306e-06,3.388356306927476,-0.011449720293036644,0.0010157469099717263,0.032617951105336426
1102,10.013707632312173,12.566874666850769,9.212631669148838,-1.507272770845278e-06,4.337689688043734,-0.018384829063764378,0.0009046119388981647,0.03323384285211565
1103,9.88292562192055,12.37932143293778,9.009052574651253,5.11514798130877e-07,4.407616284256577,-0.018818388703944144,-0.00020038118782239231,0.037855578558523874
1104,10.012939406408972,12.571411739112548,9.201108104167197,-1.554263509738246e-06,4.326376278048586,-0.018422270270814337,0.0009313496069917868,0.03335083983835395
1105,9.936119257449029,12.421598467391386,9.621158229659224,8.659880485334517e-07,4.247737795981479,-0.016333200021382416,0.0004020363109981189,0.027456543703368013
1106,9.83708583354963,12.267581296892669,8.902127483826755,1.5667043144230912e-06,4.6012549443176445,-0.01953182721788954,-0.00017328164577679343,0.032803791591428585
1107,9.876675673259644,12.265290499841743,8.811015390943206,1.8578180335758648e-06,4.777604443293805,-0.018970107691916375,-0.00015989888556182445,0.022624739416053943
1108,9.934942916850552,12.422615392720605,9.635556905803455,8.049435875995346e-07,4.191019643001505,-0.016764426426049264,0.0003684420180458643,0.028358737442295237
1109,9.970100298796671,12.458535308337485,9.647445924296072,9.333678702929801e-07,4.241972892778961,-0.016132862133662763,0.0005316150397907437,0.026644107617125372
1110,9.8593928423935,12.167574958660802,9.053308795823336,5.062907059405254e-07,5.1185734808058925,-0.0205057085875684,0.001044457713573806,0.0030668803418937296
1111,9.930791508638409,12.42839048107906,9.67297614574776,-1.3196443666415506e-07,4.351278171187879,-0.01796720697585577,-0.0008443659129516168,0.030379940816328957
1112,9.947011313070814,12.412662717554984,9.677909983287266,6.532400720236454e-07,4.301693148657948,-0.01656688075601121,0.00037232814835996505,0.02803114568718628
1113,9.92000324121671,12.406031767224746,9.687718311798708,-2.515045950666826e-07,4.379035102488543,-0.018148873411455657,-0.0008974840635238629,0.03100152234687544
1114,9.705738678786714,12.259470402405173,10.472833284895309,1.9294903498319445e-07,3.3613590800386346,-0.012831306800736526,-0.002617192128304653,0.03217436228825424
1115,9.918579054907495,12.314180276749264,8.934723415508783,6.606640030027096e-07,4.845496076415332,-0.019901058600142487,0.0009566346608706843,0.0370936558115577
1116,9.915329938496928,12.3168068998771,9.288510240340072,1.0982736984553643e-06,4.651272281653057,-0.018370427252157904,0.0006417598988969044,0.03287813977879387
1117,10.02723923318832,12.74496685136333,9.32837629324374,-5.847706765225494e-07,3.569343358944715,-0.01628268316072215,-0.0008589710201308704,0.031082372081537413
1118,9.859901914319606,12.45194512817646,9.689510105361203,4.009675400474416e-06,3.299811658390345,-0.010978027598222764,-4.344176355535259e-05,0.01942499338911212
1119,9.997267040212494,12.587024190283904,9.453266394055674,-5.327677423479944e-09,3.9802599886179113,-0.017001330539701407,-0.00044526319750092696,0.03545338710191054
1120,10.013045368052593,12.580740459666384,9.218624217740109,-1.4398209266532128e-06,4.27780374890792,-0.018135609111359377,0.0009104463668814349,0.032723676850032246
1121,9.9538384975391,12.496140179173691,9.657461080185403,3.5690481055640404e-07,4.015099147738619,-0.015542390504189424,0.0003431509755875994,0.019290256627753216
1122,9.948591781493004,12.443663844573267,9.054799064735258,-2.815741026535637e-07,4.350447153042877,-0.01723847591754235,0.000289439969553261,0.04078308398373476
1123,9.944873922362298,12.42051247887802,9.670538234704573,5.542357488602808e-07,4.236209480404712,-0.016666386824068367,0.00035579223316083185,0.02858032232391576
1124,9.815721181566733,12.163961849005805,8.65528401367435,2.601635053615929e-06,4.844678048369553,-0.01884244235284287,0.002392918367409902,0.04539252467665274
1125,9.911895572603184,12.311191243856156,8.900108076028372,1.435522466237015e-06,4.818687539593487,-0.019688453240670933,0.0009509855627341998,0.03824822210373949
1126,9.915428805676326,12.343609646318209,9.30782449741931,1.2221387027636471e-06,4.47626407760517,-0.017341968637453537,0.0001730579651590513,0.02491860860478536
1127,9.965440761905114,12.57027758095036,9.346484026469527,-2.3735946212180253e-06,3.864783463851776,-0.015832145210533007,0.000346851785946521,0.02107396674296598
1128,9.911170689251621,12.36422111045151,9.214082084152782,1.2231720276480182e-06,4.39117685269946,-0.017072423807881064,0.0001146534096851217,0.020389956831518643
1129,9.905214749168858,12.331120453755974,9.169061157869368,3.972267201643483e-07,4.73552167024436,-0.019894538566852416,-0.00011404352660410047,0.038080476132485386
1130,9.965824893083738,12.34637869839142,10.932139796037712,-5.060149754200802e-06,5.07998834381271,-0.022738761031757704,-0.0018725357089989776,0.047070082930630974
1131,9.948527852077028,12.464081640686484,8.829228874089118,4.362325780928284e-07,4.233633477226021,-0.016823935655699396,0.00047597842137854333,0.03951091539804765
1132,9.926692806063793,12.431504822300235,9.033973816842407,1.8778271597125732e-07,4.2484566359702995,-0.016775284133631586,0.0005973166401191336,0.021682523553507197
1133,9.635890026988273,12.02241494601696,8.446071251704101,4.714931478466684e-06,3.9920296191839,-0.010569896937367302,0.0056445121633549415,0.07248752278865095
1134,9.904732653486464,12.332558567805927,9.188469112711452,3.223021392130162e-07,4.729520328204766,-0.019909409914214447,-0.00019089721547018747,0.03806837139580508
1135,9.914041252197343,12.304790580909437,8.813728433583917,1.76899183823097e-06,4.845397916023407,-0.01962226483090536,0.0012930408807110888,0.03830209706557017
1136,9.950074383033527,12.476051463673778,8.766713694500808,-1.2031845707746738e-07,4.174213894479885,-0.0162788597500742,0.0006531592169590233,0.03368375664982955
1137,9.922107657845459,12.434280915150982,9.006666926169993,6.225706207932602e-08,4.246570209112088,-0.0177287572885131,0.0005986121400702021,0.01990377568602962
1138,9.849342062148093,12.225388653012644,8.719444466790682,2.603200559531815e-06,4.736405126659272,-0.017853067610994946,0.0005114106058368914,0.023500643773653632
1139,9.923367108704078,12.349115189424236,8.801560389891465,1.2800130483822771e-06,4.671686508513953,-0.018756946849810097,0.0011274309423304945,0.03710680875681224
1140,9.891741105638928,12.277422778812202,8.781231175488454,2.0565221261859844e-06,4.8078309051415005,-0.019012468058106337,0.001023633030768598,0.033200416852324534
1141,9.849244372261056,12.225588072268112,8.71972791349989,2.5989673310910605e-06,4.735495134709821,-0.01786811654366001,0.0005081320425361002,0.023538473797428336
1142,9.920119720282774,12.31862325652756,8.852406451259531,1.6769840191435945e-06,4.84289856088452,-0.020046921052596665,0.0012746585668798609,0.03788340139158583
1143,9.907895810699243,12.29628799467765,9.00504631390618,6.857982628402463e-07,4.908852447774767,-0.01980541669724568,0.0016761202589952338,0.00409352530268109
1144,9.989080046643368,12.582336956510211,9.240717656874873,1.9266563225026195e-06,3.6789149978919538,-0.013096444204287946,0.00134862585318132,0.016589238961965527
1145,9.82005944344537,12.38573383096262,8.715514263143296,5.207457541684086e-06,3.5004761047685613,-0.011156412838524138,0.0022996212149152028,0.03061493321774624
1146,9.965355801326428,12.435054917817626,11.031195181574006,-3.1611702800634954e-06,4.363735183586241,-0.019142534586168304,-0.0033029798202830066,0.016748472231217518
1147,9.927584783412781,12.313434673036502,9.759272236705693,2.8479285138004745e-07,4.734312850952509,-0.01978640280108046,-0.0015098458274380498,0.08431348430614223
1148,9.94789853602031,12.315608823843435,10.953469892051428,-4.562313366266285e-06,5.0523176888432895,-0.021872880670285897,-0.0020658559406193425,0.0450101764204721
1149,9.909857392297285,12.3619562492195,10.448538615443676,-2.217615642593518e-06,4.522248645483383,-0.019627245113339874,-0.0025729658030279774,0.026143377821787352
1150,9.928164799158319,12.456783799458329,9.074634461969064,-1.4571270880432817e-07,4.115335840392576,-0.016042625666520722,0.00044563101299660535,0.018054458882305287
1151,9.851808917439246,12.237102018228615,8.738726106780453,2.5824312907330865e-06,4.706816478147382,-0.01782369980440751,0.0004884800362553728,0.02374771376917168
1152,9.953703502045437,12.352718429300372,9.614388718635507,7.169886761003914e-07,4.723216275157721,-0.018304987421535374,3.831180950719009e-05,0.030586863043019902
1153,9.958485742130064,12.358351588014592,10.78491656015785,-3.928781924312232e-06,4.987946671002231,-0.02245255164145496,-0.0016513151451264417,0.04388155404601157
1154,9.85445995765312,12.20099643204366,11.012319055113256,-2.135017086185677e-06,4.894898232186752,-0.020866253364670018,-0.0028054488483688425,0.03932762584130528
1155,9.935818920535661,12.490137757979554,8.845831034608084,8.849939692432683e-08,4.022457576285902,-0.015849088724877506,0.0008427997125284073,0.016082789853068484
1156,9.924851619338453,12.313950840440674,8.854305230230736,1.709295467492983e-06,4.882064681461886,-0.020017564683765508,0.0013018841290178347,0.03569546664933654
1157,9.907431129630064,12.339954165671733,9.860069501310118,-1.2103966548398715e-06,4.669331034570021,-0.020443280031208776,-0.0024460516876127353,0.06420834456000869
1158,9.983622137845819,12.317366285986626,11.078332627214806,-5.793770428306196e-06,5.308559086461839,-0.023616488179408597,-0.0021100958328037953,0.04846069021743541
1159,9.965880463186325,12.436647834687092,9.047356926711139,5.080279332555207e-07,4.4638948408743095,-0.018459315607838048,0.0005199790869354753,0.013656809960984506
1160,9.927977332146632,12.313885173053066,8.844132399484769,1.7629026644403163e-06,4.909059445291732,-0.02007114722365052,0.001326306852827502,0.0353394469091722
1161,9.950550397007408,12.476470078534874,8.760023718598141,-1.1976673419915762e-07,4.175493096159845,-0.01628399224029029,0.0006576680349093272,0.03402332330621337
1162,9.958069532483162,12.785137159554647,8.554907763653622,1.2526523696603285e-06,2.747329245165112,-0.011112031952599183,0.0007642491096978769,0.059923521746283195
1163,9.62363253479446,11.953952439360018,9.178542042392078,-5.048204185559997e-06,4.304966734572855,-0.014550834490150544,-0.00018041411194486367,0.04359910184471518
1164,10.085607914232623,12.874292113923865,10.267825858346251,-4.297717956145808e-06,2.723170801740766,-0.007348646994621232,0.004219402892194076,0.01076623264093728
1165,9.859656448581845,12.57360319013526,9.90841175614607,-6.897980195357318e-07,3.1608364316683684,-0.014437960812536392,-0.002407760686859218,0.05350404295655112
1166,9.709561293557279,12.127802157277504,9.373424554244455,-4.675733716268046e-06,4.028609027586866,-0.012999792548065225,0.00040741221154418154,0.036921861267065315
1167,9.76389063012197,12.290820008925762,9.915562470949624,-2.8292721518811426e-06,3.234276370759791,-0.009499322341433886,-0.00011208287710542376,0.06240614261737008
1168,9.815909823157623,12.451492970055371,9.863409056328301,-1.9377172352568645e-06,3.4200119670781888,-0.014754421829771106,-0.002058284281008978,0.07084020438736459
1169,9.791673297821765,12.451306281661337,9.687002633513725,-1.4654774771101576e-06,3.1503837133802737,-0.013028554482634125,-0.0012694994519610956,0.05311206932568309
1170,9.839013117187621,12.447213792058314,9.901253753399656,-1.7763733222704833e-06,3.474292807154542,-0.014381221880803952,-0.0023242658902500883,0.06635253996039081
1171,9.797798801038661,12.457717317045825,9.744605206679434,-1.4674607025936008e-06,3.0266644206954925,-0.0113381122998795,-0.0011184409581195072,0.056243462021103585
1172,9.966077199919289,12.700932799887148,9.54519920863466,9.023181405383096e-07,3.1255030126658734,-0.012361201553039904,0.0003011023967994875,0.02360963782763767
1173,9.15355748887803,11.336707829606905,9.354500462980598,-5.207750215288083e-06,4.170091992531221,-0.012725566069391896,-0.004273808383382283,0.02053452873584945
1174,9.95947942696192,12.661532032046532,9.886459619515936,-1.9814367014382136e-06,3.3458748932025095,-0.014507008565491511,-0.0009136026585962604,0.032069571902033744
1175,9.396085398851605,11.666296346906528,9.484203778946236,-4.95721503432618e-06,3.9162387521469704,-0.009992653096576348,-0.0025389630183191604,0.015127546841291237
1176,9.833759259748087,12.460441517460534,9.918203246083959,-1.9690357487568373e-06,3.441430727107257,-0.014743016759256372,-0.0022034118379819297,0.06021017074465584
1177,9.95217202948288,12.65087598083228,9.87660938902513,-1.8553182314460997e-06,3.358793770043281,-0.014519201795135144,-0.00096785731020518,0.03328233322948259
1178,9.829787846072112,12.38922047775922,10.08704394881307,9.104051952996414e-08,3.22540443668175,-0.009840354370393836,-5.374552434904325e-05,0.05891502904718496
1179,9.975022740077874,12.643968113593347,9.876565697644663,-1.7194014165005584e-06,3.391443590032095,-0.013304476886498724,-0.0009418122249425632,0.02914302993687344
1180,9.81443660198394,12.305641712468391,10.100467151803343,-2.9617190235114385e-06,4.277831231259519,-0.018741212823239428,-0.0019173782685796567,0.051030370363817176
1181,9.814289466259149,12.417924616011064,9.279098321882064,-1.045212244276262e-06,3.6219058403860513,-0.01593165827932304,-0.00201932797457291,0.049612919231136435
1182,9.803268098956021,12.302171599022936,9.924007046480906,-2.172677781679173e-06,3.8391598069788886,-0.01620189282834922,-0.00313934468408723,0.08073702355375904
1183,9.711461946937936,12.067255111327173,10.563259144665526,-4.814474486815174e-06,4.243590805174936,-0.015097070676305375,-0.0008900685072369373,0.08052762818378041
1184,9.157643930617573,11.245249385571206,9.688041758000637,2.904854288865981e-06,4.5614116075041755,-0.013479280978427663,-0.003248219262448032,0.08218937241639322
1185,9.80287671884824,12.328641696695367,9.627998002216122,1.5606554548742872e-06,3.878486606841379,-0.016001763023349977,-0.0024842722887551605,0.01298961012891526
1186,9.799892355246728,12.288558229133072,10.076149322985408,-3.0269843023921936e-06,4.257266699016288,-0.018488064198354293,-0.0019069248725712249,0.050270935746734705
1187,9.778212548681957,12.239656882766893,10.166622094578358,-3.4018084998216556e-06,4.248837022128493,-0.017741145530852147,-0.0017010911410989624,0.05609881601391829
1188,9.709600666163885,12.107184865837835,9.276535626731013,-9.243475461410676e-07,4.141113017977356,-0.016118674794762096,-0.0017649061119229337,0.016708128269484916
1189,9.819502779118949,12.257110325872002,10.393723676955004,-2.6392119165920414e-06,4.460603690524098,-0.019280303116674898,-0.0018729097093830049,0.04520036170755561
1190,9.873577352056547,12.531595872072373,8.895910408503125,1.1179278674668773e-06,3.1495882726072506,-0.01175706590196358,-0.00013114719698643915,0.01732306511527019
1191,9.720387063717885,12.27291206616599,9.368621308212894,-2.527323200659636e-06,3.6331009536493473,-0.014659976776843948,-0.0008047366710245067,0.02904600395190099
1192,9.844337243004924,12.515080134989976,10.355483783283791,-2.1116715117823795e-06,3.0729973564628725,-0.010373557038582174,0.0014181653816518949,0.06312891797257723
1193,9.986805821070105,12.708961053907345,8.671805396501233,1.2491320502109854e-08,3.0831920027881825,-0.011572518186410908,-0.00066586199461345,0.031272637171798554
1194,9.81190340411044,12.32482294481474,9.537616455832813,-9.634506688892513e-07,3.7851673690527976,-0.014387490510794724,-0.0014600832884471828,0.02620743604186053
1195,9.972269379897524,12.627686701776652,9.322794621168784,-2.868176623791678e-07,3.5731246511213,-0.015446909337699837,-0.0012277243851772969,0.035112314707883056
1196,10.25753215518915,13.178319874300882,9.62646409264088,-4.724166048280326e-06,2.6150256282859745,-0.007679229307908569,0.005221850466632512,0.023169538967913895
1197,10.293262240001882,13.21808385225714,9.602861498763728,-5.081592125565422e-06,2.61459374103532,-0.007531412137830035,0.005516802948700612,0.021748864196904475
1198,10.296805809752618,13.221984264537983,9.74395646855084,-4.608779577364155e-06,2.6172017750846073,-0.00751102438755951,0.005286804393434314,0.021064008465282984
1199,9.83046925459721,12.309595482942978,10.441838721048908,-3.153648476326204e-06,3.8329677379967286,-0.013704437476863895,-0.0008017970741050779,0.08587447248468842
1200,10.29535783550107,13.209670026472509,9.60785423332528,-5.0869520203824944e-06,2.6202095641687166,-0.007372169980029363,0.005486328570325704,0.020920334688114245
1201,9.92921092606091,12.492341176050733,11.052460139464165,-2.2161560109829046e-06,3.7584795283581247,-0.01225573121396266,0.006024761202958849,0.02620439397542165
1202,10.20945811333998,13.089138421196884,10.239984123656267,-5.622993844404016e-06,2.73831479971215,-0.007537574674334385,0.008338716296639313,0.0353983269221385
1203,9.306145839128328,11.692878862721985,11.366665831118215,4.611357519842612e-06,2.6565067963957314,-0.0018721895382493164,-0.0017112129637603364,0.032538580606177835
1204,9.884071759615264,12.571200341967684,9.952295646313484,-3.718895722905695e-07,3.2609334979863545,-0.013418158324833096,-0.0003378973014311615,0.045715727400367515
1205,9.854766488533063,12.535315432175008,9.918923805582814,-3.814032755977087e-07,3.1160731925010823,-0.012968173839339098,-0.0014167688010630177,0.04130794367449398
1206,9.960503740681325,12.722089641662372,10.558958904572606,1.066238486818998e-06,3.0894223715841385,-0.01168643855910612,0.0030132772807197946,0.046388528922675545
1207,9.885998723409198,12.583378239022355,9.817002811689365,1.195324549979084e-06,2.9786093692294964,-0.012193186905704008,-0.0034113078014972784,0.025812804010904345
1208,9.873809215211766,12.326766991291656,9.86690233248986,7.076328845533361e-06,4.3335917090025085,-0.01722562565575609,-0.0011061775616936513,0.013679907326870765
1209,10.199281775286416,13.143264665133715,9.443715222049699,3.4849998069779475e-07,2.524329076252335,-0.00977909375872666,0.0006763874849622007,0.040702471250593064
1210,9.81773969327351,12.358968950615152,10.265867442920143,-1.8783631425174596e-07,3.6870137171265416,-0.01480196971363442,-0.001869999695313462,0.017181668165389262
1211,10.030843906525496,12.700024647300587,11.032383029242624,6.345181268372916e-07,3.46912161748333,-0.013490993047382382,-0.000592348481826886,0.06706885615212937
1212,10.031217984239856,12.693410518303168,10.97222668227264,2.6955029938220075e-07,3.4536090836189377,-0.013326838795808356,-0.0006019286915643438,0.06612970179780825
1213,10.107212056006931,12.890454493585256,8.902708653597465,-3.2991491163036335e-06,2.874157096925648,-0.010171243446342631,0.0010670085241793912,0.020453229910037455
1214,10.05880250946595,12.736531170129984,9.602624693007469,5.81252364922957e-07,3.202997597990607,-0.010897712633980448,0.0008903813798849781,0.029759658786244605
1215,10.407475369957508,13.236265170099214,9.779795345182645,4.349754719833294e-06,3.2809631971574444,-0.011369994806195036,0.004926182808305054,0.05480505841273889
1216,10.412977939376104,13.245879893278603,9.779639065991095,4.356811765014e-06,3.2951830536821047,-0.011320880172055408,0.004946920016071716,0.05444220178518826
1217,10.40894917939564,13.240001689474926,9.771302355860245,4.366566074029187e-06,3.284091045407747,-0.011523517717728264,0.004909966160424032,0.053248554366137166
1218,9.922578593095661,12.496837756221426,9.495575890106768,6.203063622727391e-07,3.5081980371266432,-0.011797698089948978,0.0014881555385515557,0.03289662357568398
1219,10.36302930242417,13.09710353438988,9.636809758890772,-7.250110837217661e-06,3.6444903748793793,-0.016024661099951293,-0.002080377605954264,0.08893364636960453
1220,9.47117783574337,11.641335399180411,9.92045446164051,-4.396404358230131e-07,5.550646190309148,-0.02214891355226698,2.435012013379833e-06,0.05084059439153972
1221,9.535644637289968,11.738332248780525,9.909589101845613,-3.568689613309038e-07,5.412909271270967,-0.021591912417569577,-0.00034726791947487954,0.05644667415690356
1222,9.987436507376254,12.63348392442474,10.3249211451913,-3.4992356147229516e-06,3.757335511074477,-0.01593079688330658,0.0005792666384357506,0.08572916171509729
1223,9.817675918113887,12.265837240680082,10.533510217991928,4.73446303734392e-06,3.9110611324462377,-0.014272991637164195,-0.0021170745637550184,0.08412120148300108
1224,9.970325006223664,12.594154414136035,10.380478508565794,-6.861028837580992e-07,3.7378705871850153,-0.015461408904323952,0.0009972799013930017,0.05935141039620381
1225,9.593178081209018,11.883183579877771,9.817583566296294,2.442352246082388e-07,4.510524366066515,-0.014520067945465773,0.00016602828266745924,0.104697636755387
1226,9.589668072602645,11.876722273786788,9.842704719920315,3.9890337034962757e-07,4.573499494435503,-0.015510841456047988,0.000355775442395206,0.1099251318826249
1227,9.893866371179186,12.375125045488526,9.240984466671268,2.135664582077587e-06,3.9516579776164766,-0.013836080445961118,0.0008054688146060861,0.05191741834296872
1228,9.589487973981276,11.886473880041343,10.881921087911968,2.551680590525644e-06,4.47309088052228,-0.013519154494387176,0.003128969065350797,0.05508501933206355
1229,9.59611974254664,11.86888979523886,10.746698299539991,2.076393187703283e-06,4.48650030595727,-0.012541906346335006,0.002755023695812008,0.05181448043299063
1230,9.597901949025847,11.886675635791637,9.841161936347975,3.003232072716201e-07,4.5307199311665025,-0.014858017776477469,0.0003616414299991429,0.108904705746162
1231,9.144113431922616,11.07007510821915,11.321222909452713,1.9626135599970474e-06,5.4804888232442615,-0.016055907004262918,-0.006056456677335971,0.07949550547434132
1232,9.54022423150521,11.8073855301557,11.147507213184149,2.6190129166525234e-06,4.557484965266071,-0.013467859926158768,0.003505028335816498,0.05559769658127136
1233,9.533446252957118,11.760058551288692,9.878003943327842,-1.2794886891688876e-07,5.0790559861719675,-0.018986570382757112,0.00016004684757661098,0.07795852228587474
1234,9.754815506854426,12.133001735891904,9.464353141486699,1.25554176104824e-06,4.487346911275491,-0.016755055948170585,0.0005314273851239879,0.05161987431446757
1235,9.756013132650065,12.135106685842748,9.466029647258509,1.2441011227968085e-06,4.483030470884296,-0.016729340491802358,0.0005122662424073242,0.05152917896774931
1236,9.586772391782167,12.008850972294766,10.0896059652374,-9.807108467425366e-07,3.907212106526479,-0.013916873104609108,5.029637476620464e-06,0.07405999299095867
1237,9.76633789071088,12.294950686695255,9.887834124090023,3.46753568223781e-07,3.6225178126660618,-0.011680292935769837,0.002140737248544888,0.052835237918630734
1238,10.057793224866474,12.589968798223287,10.407884659079787,-1.4122424558361034e-07,4.062484608636429,-0.015694890789651868,-0.00021332529730169793,0.030881856034842364
1239,10.096151681212058,12.881969704401794,11.030375184397148,3.6957636600084137e-06,3.167092252468874,-0.013807888001899166,-0.000667768572579439,0.03977270994579353
1240,9.888714218829808,12.362374296760745,9.55225070956905,-3.3437307897788756e-07,4.145460256435443,-0.015942620227336862,-0.0015949974188146357,0.04257655378308
1241,9.53004851673737,11.797075948098868,10.989698584235487,2.297772030280505e-06,4.566419912322995,-0.013829117353714416,0.002920081653924032,0.061262337855020485
1242,9.981436742964384,12.470255736532144,9.282166760388886,-1.4259875505607025e-06,4.357805833279362,-0.019015364718078083,-0.001985283645507988,0.05069302990883151
1243,9.569104361653366,11.875367439564377,10.0332975436346,3.0642674191281597e-07,4.5658039319850205,-0.016247664640764454,-0.00036955891858229386,0.08270161925105701
1244,9.699991783938525,12.064203920197189,9.79486472469015,-2.4349669691793364e-07,4.499778714918057,-0.017126220740642455,-0.000882441375102684,0.07254107416685222
1245,9.688036871945222,12.122719360954449,10.291071194308552,1.819227206339032e-06,3.890321428125053,-0.012428199032739706,0.0007297622562547376,0.06119106592720247
1246,9.917865587643409,12.4219308113931,9.434838842298303,-6.780639111416687e-07,4.134821520209693,-0.01686719055137991,-0.001140348501604794,0.04822008226737992
1247,9.579894230284712,11.89168364449449,11.015786456274808,2.2461680293217312e-06,4.329991766389458,-0.014140063895647936,0.0028608029785542606,0.05171587014163964
1248,9.547398012584965,11.795327219074313,10.79332634653656,1.7635597356587863e-06,4.818101622021974,-0.015389556995587958,0.0023977106406777955,0.050085672431621486
1249,9.821808834507562,12.399817500279973,9.98349392860955,2.0729567750814125e-06,3.451402562349903,-0.011536936195874105,0.001323550010829783,0.06308461271900748
1250,9.537709552147287,11.793106068277936,10.22739983589804,4.623289319751622e-07,4.696025116158578,-0.017197055024208832,-0.0006747072456521036,0.02366046020871416
1251,9.780918177130255,12.172751112047136,9.431844726169327,1.5524867923041027e-06,4.505317198364866,-0.01768123997224346,0.00039031627564207767,0.051929122956470286
1252,9.540142621776646,11.820495815854832,11.288983806246192,2.9618081302729985e-06,4.550284398881629,-0.014364064184286335,0.004300885328443643,0.05710206753802204
1253,9.585230883217228,11.887697820534807,9.970975519701366,5.765203268927487e-07,4.507311402442107,-0.0168194393058793,-0.0003189257174082812,0.07052071670174676
1254,10.024078066875456,12.540614059393754,9.17141640804423,-1.8803053032360728e-06,4.489362419805689,-0.020509549560522304,-0.002349566891828082,0.05398055697529537
1255,9.544706572348662,11.83305925808988,11.154294453990795,2.624485919695141e-06,4.424899645944291,-0.012749852060197972,0.003935978600475237,0.05570695955466735
1256,9.599097354066226,11.886868769587794,9.98646645276243,5.864940968851439e-07,4.497625915059759,-0.015730619180443044,-0.00017805936422406448,0.06718152825976906
1257,9.97431296889855,12.465327236242285,9.224715662214136,-1.1777501443736728e-06,4.49262772445371,-0.01993070777902123,-0.001788822459770214,0.0535607105316777
1258,10.10346155504402,12.659970309681306,10.449841578716658,-2.1367678692029246e-07,4.01916140012147,-0.01569133362672272,-0.00021683641736693608,0.027267815617141287
1259,9.92642627073709,12.554247332281482,10.084043423920113,1.5848596846093988e-06,3.585302777453742,-0.01440032103615362,-0.0003453478585294153,0.03801165674205609
1260,9.926815925431466,12.55341570507894,10.090291269143613,1.5827713368343375e-06,3.5842470315466013,-0.014802701262282251,-0.0003519895460860254,0.03815075664096054
1261,10.002526771875203,12.722386153483567,9.921405608563845,-5.2916960162880264e-08,3.4406801343190594,-0.01487931298954788,-0.00022363073400693276,0.020319108610794417
1262,9.801305474203335,12.404133999052114,10.233105964460645,-1.7064256058567909e-06,3.3426306423723906,-0.012498149041493434,-0.0005642321526895307,0.018976106299249396
1263,9.652616138520196,12.233895388800832,9.498130266513037,-1.5064950521269613e-07,2.799069028424423,-0.00683356456297261,0.0003229013552645487,0.09152978421974776
1264,10.106628161369953,12.799889720090771,10.053405404064469,2.2558306106624126e-07,3.700495723875527,-0.01620698895375921,-0.0002475685015586712,0.03433244061930261
1265,9.929520172222793,12.536948946599814,10.068317572478376,1.5672102258987989e-06,3.5686193634550496,-0.01349537534147812,-0.00036754435289557325,0.03622158151600767
1266,9.523379689416176,12.042665181096678,9.935136800634622,-5.056276651025932e-07,2.9684971438716996,-0.007121419358767028,0.0035281366893854423,0.03133471789022754
1267,9.92879108913031,12.541490082736816,10.059895029656571,1.5457827598962165e-06,3.5710091583445767,-0.014159399312605375,-0.0003600851105719906,0.03622073646044727
1268,9.753572653537809,12.406810046008315,9.753233627270266,-6.814912984334206e-07,2.6753107664786286,-0.007412124891505038,0.002939480950418401,0.03661821116178575
1269,9.941061632411948,12.428722769335462,10.285399075734787,2.679401836308828e-06,4.265400481138428,-0.017883232233254942,-0.0017043745039821926,0.021523888692662703
1270,9.988424651212966,12.561156449076677,11.16008370195742,2.0358098983370837e-06,3.6630274603725774,-0.01502434106325156,-0.003516546213597071,0.05276231990721306
1271,9.467561695459954,11.752184758684525,10.38972250284966,6.2343036666202485e-06,3.922601556737889,-0.008062384391415605,0.004188311539381845,0.07228127030868656
1272,9.57143276120991,11.944377760304077,9.537737893404898,3.1665953391471995e-06,4.175143418170609,-0.01208591862153751,0.0070210272007251,0.131254094357014
1273,9.537748071892853,11.950577036564653,8.70618478465005,2.563718476010938e-06,3.5164930884613064,-0.010999448170916526,-0.003509620092732155,0.021367099065054268
1274,10.387821800331308,13.324878620757794,9.148688327363379,2.7620808338151773e-06,2.705695119489893,-0.006896544976559147,0.008645507407099256,0.007758300532832416
1275,9.964912742304781,12.363303539369983,8.358042023984186,1.4698628453927797e-07,4.704647417352426,-0.01921389570263112,-0.0012165372627454796,0.103674571528045
1276,9.997340299852471,12.397828141539252,8.260820672117775,-1.0186639182144535e-07,4.74828501578227,-0.01980132809589448,-0.0018954132120344884,0.101401681910673
1277,9.295860727006044,11.585452359626974,10.162981589251157,2.2689723686733323e-06,3.455484947981954,-0.0061226963827023285,0.0022606308886584624,0.02866173686569098
1278,9.301936832702026,11.542859332690831,10.031082050129507,1.7407894590635498e-06,3.2121352797370952,-0.0013976682855541234,0.001967781585678377,0.03042223661685216
1279,9.85674623479945,12.366972935762654,8.924449969969544,6.947535660121046e-07,4.181792302889849,-0.016880181400118415,0.00037087158238713905,0.07823045234861302
1280,9.882323132372516,12.276017944192942,9.796995438021622,7.761250872947398e-06,4.8670812571016135,-0.021172559662692863,-0.001541884840422638,0.04174614314207903
1281,9.859407996527066,12.362142757616656,8.91320881710752,8.854199699686788e-07,4.188734686686075,-0.017065810977416045,0.00041931013661029946,0.08007278160541126
1282,9.873427267823422,12.264960782754066,9.819850461859149,8.278465307271164e-06,4.8968607190677185,-0.02158639053041831,-0.0016313493865948608,0.04319036389248376
1283,10.14409758325019,12.674043406547284,9.412127955214006,-5.073722504784504e-06,4.5170483277258375,-0.019062831079868305,-0.00010591490921955157,0.03307048311096083
1284,9.859100018679753,12.361806063042945,8.913965489226864,8.857696268343793e-07,4.188384801510921,-0.01705708569200444,0.00042460926320953257,0.08003127688331849
1285,10.072882067034282,12.61199086478604,9.498817072247997,-1.2193793573202251e-06,4.396179252524246,-0.018314313093564273,0.000890589790458412,0.045674023772850104
1286,10.138057777550706,12.67379413922699,9.407259445908169,-4.962426930315715e-06,4.477009913124533,-0.018812663497319533,-0.0001415828791611303,0.03289364635960551
1287,9.82773404864128,12.506685682305395,9.168897776356026,1.9049989155568428e-06,2.6519371914256338,-0.004996215872551349,0.004942944604671995,0.043766796003787155
1288,9.912665481951453,12.394137769202324,9.729186507376768,6.866009233908501e-06,4.503318339149204,-0.01905525044214222,0.0007326714567190576,0.0569625055921496
1289,9.921672100500462,12.241611042214332,9.587812293719349,5.598571084368481e-06,5.19235169146221,-0.020919873520589983,-9.934037294594817e-05,0.046496592429433395
1290,9.726535869637242,12.43414380244756,10.278442894182426,2.9193028178728256e-06,2.482929280978063,-0.0048545470833980175,0.006746738092844956,0.05485351915373528
1291,9.404062894126522,11.896724260837225,8.938959321312925,1.976752121864926e-06,2.7270526660342536,-0.006208530965917246,-8.71285285810328e-05,0.05067190574558261
1292,9.896445958218035,12.333288992286905,9.510275338786634,5.563492612294973e-06,4.372163592110025,-0.01663251463837842,0.0009556348872819494,0.05226850197290843
1293,9.91296131288202,12.394025353123917,9.728923135930494,6.852560600388857e-06,4.5020739257093,-0.019062244051757757,0.0007317690268862147,0.05708591458467118
1294,9.927727394528382,12.322603217822502,9.870575716380852,9.197605162101862e-06,5.026629108974323,-0.023294623021777348,-0.0031870900861824163,0.02735606354060613
1295,9.877314431556762,12.254123922785546,9.81892044968188,8.674592305155232e-06,5.0204661701754265,-0.02255778065426138,-0.0018859321232765176,0.04316182234908525
1296,10.133119111458557,12.667728066347031,9.405944660311013,-4.9147769659549925e-06,4.473246367201795,-0.01877402282480897,-0.00019709929637077173,0.03289184625858656
1297,10.164336234202912,12.709701630147205,9.337458662115536,-5.505520630451379e-06,4.537306103589038,-0.019548704195793624,-7.383123504665912e-05,0.03152236550752324
1298,9.253487481867904,11.437441250394349,9.451540491007432,4.97980988285049e-06,3.471085859009789,-0.0007040178778048786,0.00363516564609649,0.03399036087350599
1299,9.842538330328864,12.291093866418532,9.31182970749161,-1.971566034969177e-06,4.301125422099544,-0.018400830259580003,-0.00344710951956989,0.03155234922512827
1300,9.863635592657994,12.340025074575674,8.887294563496283,9.686484107355562e-07,4.219640718209769,-0.01675998678985064,0.0003472113956748601,0.0782485198003367
1301,10.133362570275017,12.861624604850714,9.461040092820964,4.564926947185636e-08,3.3562626559222624,-0.012159687502529744,0.0026199037325180044,0.1100829852842129
1302,10.223900989017892,13.040676985359468,9.276851930375978,-1.8563772129995504e-06,3.425013882591356,-0.01579317366078148,-0.0009199116371622139,0.02758991175301416
1303,9.886913188028414,12.41006603040966,9.34122565813007,-9.198894431193181e-07,3.967089983894061,-0.015633332053226444,0.0014879733895030176,0.1520910084024768
1304,9.905208216039926,12.464595135328947,9.34406058377476,-1.4408291548007374e-06,3.55921735308926,-0.01333202432316796,-0.0016519782879505,0.07176739864413872
1305,9.83847606201092,12.327803354606688,9.147640693494576,-6.905477844916343e-07,4.19838822107705,-0.016562263866894918,0.00145425905552256,0.1724422024257132
1306,9.905203808568023,12.46459139400836,9.344120148902997,-1.4410315611336092e-06,3.5590993311667485,-0.01333035105491234,-0.001652511745590786,0.07177225496669555
1307,9.865909754863369,12.342950016004288,9.176724195199592,-2.564670894911126e-08,4.305554857951301,-0.0163717191008332,0.002296718140475309,0.1865626047059494
1308,9.864373075356077,12.524690490619845,9.93213464322306,1.0692281005647596e-06,2.89079068677587,-0.009411302326510699,1.1876180410461384e-05,0.032955416313480285
1309,9.813804745195085,12.264492225874536,9.652592927413085,1.9803129325054845e-06,4.087834641748872,-0.014524546823651896,4.502711537156625e-05,0.03683054952052672
1310,9.830218928630735,12.523808159276934,10.047488167949108,2.617596767105683e-06,2.453900985160779,-0.0030741749803207406,0.007034429463238567,0.04279695510530537
1311,9.871706937722488,12.571481462857006,10.097417804726469,-2.483224671290951e-07,2.984851542537154,-0.011558923615828769,-9.011282618802234e-05,0.0679643466817894
1312,10.060633337199697,12.669603968694718,11.307627179980706,9.275141444631018e-07,3.845948060007217,-0.01588513793676498,-0.0006621566336676803,0.043803158422753966
1313,9.65681354952134,12.167147980975985,10.72128459492925,3.104259636545343e-06,2.99744564586914,-0.006687929096264998,0.0006597839224537054,0.053746085042660985
1314,9.702660813009944,12.307977664386032,9.613366402152398,2.508365387717668e-06,3.2335886839454653,-0.011048661439171707,0.0029188830978789044,0.04901477975965181
1315,9.841606315287164,12.38925229518862,9.876665045049572,1.6621727097512953e-06,3.611946593443165,-0.010600909108892866,0.003958653292537036,0.08414841973024524
1316,9.73591065608312,12.220512202864978,9.694129604946294,3.3927175493911934e-06,4.092170792209385,-0.016738136703529284,6.133456266225727e-05,0.0480367227445138
1317,9.94466460021251,12.369196471335789,9.920219487254709,3.835247642818787e-06,4.830816210437488,-0.017643847718783624,0.006360399854816843,0.0324294281981106
1318,9.836148966970045,12.40404824404254,9.867488194670912,1.7109054147871466e-06,3.5001961106972077,-0.01140430244856806,0.003565576476739064,0.08319719779188021
1319,9.602032996102182,11.947790861313374,9.371388585253122,-1.996344596447665e-06,4.079468251508477,-0.009334754985877665,0.0057666088961601724,0.120307008208387
1320,9.7527951208657,12.30240986701714,9.062184708706875,-5.087425751881555e-07,3.3579106247503936,-0.010806950235240757,0.0003567282057333771,0.02898017161824661
1321,10.114219639802853,12.693635798524465,9.728974252549973,2.02097537650955e-06,4.222747801131186,-0.01729065814286783,0.0016410854057452731,0.08399712558093173
1322,9.703894952873942,12.180268099359433,9.731214429115141,5.296263070805049e-07,3.3682899550740735,-0.006924552784948981,0.004697789209567513,0.06012232005204808
1323,10.04884512745519,12.843665727203591,9.168838665157734,-4.180702018689696e-06,3.07613305813397,-0.012800906336596004,0.0005291850479406273,0.1047190683248953
1324,10.067710323531369,12.872932305933652,9.041185192532271,-4.482361217277125e-06,3.0231315687840095,-0.012824749506218168,6.884401905095112e-05,0.1092583244596413
1325,10.085004760556371,12.870691667886954,8.961506467053932,-2.9947935938097856e-06,3.3219569141147662,-0.014024224732607534,0.0017625216289937245,0.09116349319134069
1326,9.343128274310004,11.63979188651632,9.732611260750446,5.9323666747308685e-06,3.4236722454919364,-0.0042420426000849,0.005444542148517001,0.07302500673845014
1327,10.190029378007605,12.753770425781116,9.486674074781192,1.3455199878973463e-06,4.172687951368,-0.015701826692566638,0.0021460073614117696,0.07714638551256477
1328,10.065464138322838,12.864366235837313,8.940764798644247,-3.419769527693116e-06,3.1754866750585493,-0.013613773171459582,0.0008312978784493696,0.09953070292131648
1329,10.08325211941704,12.866888002256832,8.964611161380187,-2.94976975730921e-06,3.321981867441941,-0.013962759359300992,0.0017624283889054245,0.09079435480868332
1330,9.958807625348935,12.542569749377792,9.725185851549629,-1.83519748060186e-06,3.802082922657223,-0.013655416688518869,0.002798839750497811,0.06967217578400503
1331,10.092440008286015,12.830051594790326,8.989292505730077,-2.980713545441086e-06,3.2659103799965266,-0.012551684146056508,0.0016843272919201224,0.08724725509817569
1332,10.084274859793211,12.867329840191134,9.00940327009985,-2.9699912811898086e-06,3.3309433616954256,-0.013967832209673013,0.001810137627893678,0.08953205575029846
1333,10.008551876848747,12.853708276929607,8.98746941454911,-5.252061082574607e-06,2.7305654384313796,-0.011538741392592013,-0.0003554953379426057,0.01562720901721176
1334,10.005007522121955,12.704731418956506,8.606408710285669,-3.0102647893339316e-06,3.5876840866979185,-0.014957229629385983,0.0016275457119991608,0.07497018564327063
1335,10.086034474550548,12.871971136175013,8.962452872061052,-2.9938192522553703e-06,3.3239636580156127,-0.014049635549529729,0.001766632988150006,0.09140820815248953
1336,10.184812343640996,12.822367822573312,9.599752451972655,-4.510448024060811e-06,3.9693241692341985,-0.01411465312229628,0.004828098724912574,0.03683799704836489
1337,9.820659136825757,12.473558750339167,8.819847783205185,-3.0955203031539337e-06,2.940164256934256,-0.009783918850311345,0.0007720170200714218,0.02924728414799972
1338,9.798629488586535,12.436539949636568,9.873879047482111,-1.8117512676707032e-07,2.8912866448425274,-0.006273335819444351,0.005017142370973932,0.05606079835211936
1339,10.065999342228158,12.86384864421952,8.665959011030791,-2.677132690662229e-06,3.193991391699839,-0.013984550165184564,0.0002616526488101491,0.09498355134497533
1340,9.931736575140178,12.584254630060386,8.717669787588264,-2.616236043043055e-06,3.061089051771716,-0.009206979768973526,0.0014731646376622974,0.020290827476538483
1341,9.97247102839961,12.741379474740135,9.121734205834656,-4.095447068941569e-06,2.776179861262408,-0.010132797781687436,-0.00044984575558666,0.028649038178011052
1342,10.13384831842814,12.841814353328344,10.770208226645655,1.6768948421878182e-06,3.2353155885489344,-0.010924951999985598,0.0027148164349921977,0.022064421244508012
1343,10.02893588015592,12.69765691127261,9.875538665591742,-1.9269268492183588e-06,3.2575997704933877,-0.008988262161189847,0.005193260247378741,0.06604950219494893
1344,9.840024989067578,12.39867540800672,9.842416568648368,3.83902875509617e-07,3.759065435690339,-0.013820082331250174,0.0018647670875363096,0.045524153452320915
1345,9.951182158317458,12.524104247761793,9.783187484814082,1.6016618843107144e-06,4.0236002977586525,-0.01617556791613449,0.0017646782411929233,0.05936165150377672
1346,10.09047149791115,12.67263057468546,9.032388014921414,5.6008526671201385e-08,3.978643906293653,-0.015574899212762894,0.002003329274328546,0.0769402852455259
1347,10.150982867416603,12.745283863143047,10.013623549626482,1.137705934541469e-07,4.312112855306414,-0.0178747582461786,0.002826508666533643,0.05753633733088673
1348,10.186912088730203,12.799406294821488,9.824829201594461,-3.0271296489867415e-06,3.7674783550038047,-0.011111304077047864,0.007050024435585257,0.05361597990316258
1349,10.054805086483508,12.662968309239227,9.77037064752654,-3.891372873028326e-07,4.050822322923457,-0.015889946883868133,0.0027519748086471804,0.06552056080498123
1350,9.925857374216877,12.36213087474322,9.548045841527578,8.755909468204218e-07,4.55901930256662,-0.01836351614593765,0.00023450349785422055,0.0388270193177926
1351,9.81848693464094,12.427446019878012,9.267027899298002,-8.0450293908195e-08,3.4248882922662176,-0.012937105108969667,0.0009415298878547099,0.019777948944880504
1352,10.009757181704233,12.659000386128808,9.698831850298198,-1.4245398518864597e-06,3.3601384775485914,-0.010542248533701616,0.004500124480529277,0.06193303307468438
1353,10.098349927115056,12.734301335409508,10.077846686355986,-9.282725745026066e-07,3.4887298586968503,-0.010004705483887657,0.005806867500141652,0.07508435383722153
1354,9.720209861094927,12.31607867993303,9.737441972245076,-2.793135250490436e-06,3.0514585640034255,-0.007899434377315273,0.005044233499767535,0.09060130019086046
1355,9.859806032015895,12.453072200171222,10.157756747024733,-2.2965429085473715e-06,3.712531368541218,-0.013822580950851288,0.0029980689897733297,0.056907067533815
1356,9.975374987441976,12.52862056040952,9.976652644312693,-7.01101368613782e-07,3.9555409345210775,-0.013775357452766568,0.0028471283491496996,0.052110891082391864
1357,9.838882135974085,12.35616712790934,9.9144849650103,-8.256937789737525e-07,3.8508042194479577,-0.012998873899570268,0.0018058248034560937,0.04771293443098101
1358,9.857646595394204,12.45166055899816,10.16114072527644,-2.3263541573935297e-06,3.7079906702692367,-0.013823463334453287,0.003000889355725953,0.0569966853644435
1359,9.96463735667464,12.516994524716294,9.988911371846772,-7.870404638536617e-07,3.910753601145516,-0.014326822847428831,0.0027987518375916067,0.05121853591415455
1360,9.99419209797759,12.49121685746737,9.630668616550649,5.594438231619773e-07,4.184149222448975,-0.015362835669890778,0.002101896217796073,0.05542962067237968
1361,10.02101778066975,12.557676936932651,9.876117985037386,-6.547858231113184e-07,3.952439255231768,-0.013708471922681828,0.002941159261391095,0.048216744973537506
1362,9.999360899536597,12.630801643797328,11.346532188625671,4.82813809025761e-06,3.587374324838831,-0.011365194219665548,0.005123666983849012,0.04761970645846832
1363,10.0003793272786,12.613866522414355,9.42246009536404,-6.036617317129675e-06,3.6589830208813017,-0.012206114175259884,0.0037119288257962384,0.053127524889260064
1364,10.146345664100126,12.74508656297273,9.927893824598733,-3.013233746331505e-06,3.827292037658988,-0.011745360917143368,0.006239497612949404,0.049420094692961235
1365,10.021887842866736,12.5186582552342,9.49538583168144,6.124794799957511e-07,4.1703568452077,-0.015420245402109404,0.0015454625966951508,0.054514622556972155
1366,9.839366912715922,12.356582276653974,9.911521736942616,-8.11901147024701e-07,3.8589568070824423,-0.013436517754089938,0.0016317304279962188,0.04659832848055228
1367,9.836003272861134,12.3485805688576,10.04621511094194,-5.509565542719307e-07,3.9607076850264527,-0.01382890475247343,0.002590064865478126,0.05017877640860883
1368,10.224077470240816,12.858896811467712,10.370108329790948,-4.564587885601762e-06,4.201511033314471,-0.01724803579577665,0.0028986480417808264,0.04643297929796986
1369,10.139699030206488,12.7393207060799,9.916339737896099,-2.8232953517785917e-06,3.8010609149856385,-0.01144275342563702,0.006439846117114099,0.04979246075784226
1370,9.782741163297832,12.29129529351354,9.881509204325324,-6.29371090176222e-08,3.79992489992348,-0.012930896493883392,0.0015050911506371877,0.04712252250264223
1371,10.198531720479354,12.699725182307365,10.131564705674313,-1.5802929933998275e-06,4.640329856318056,-0.018397373048285943,0.0019090444489465717,0.03652613182048919
1372,9.992334709112722,12.60472436544248,9.464093177949394,-5.827501650239893e-06,3.661745161150939,-0.012297270255962906,0.003671853637981454,0.05334559623305367
1373,9.831861764905597,12.351974670604994,9.905851763525089,-9.39664212271979e-07,3.827931759133937,-0.013269514107308191,0.0016449303221291673,0.04705248726364361
1374,9.954062677580149,12.405505229325604,10.294001168994797,1.8128741225364691e-06,4.573590081865207,-0.017547505076877273,0.0036096966916014913,0.04786781729580092
1375,10.136843375516277,12.602529060438403,10.228320429716852,-5.1241389969542785e-06,4.859125645566985,-0.021875833976394848,-0.001968834331645631,0.0313231010056519
1376,9.906568641709661,12.575315434798044,9.614437980845965,-1.8144663709818712e-06,3.0916440602824475,-0.01072001856702154,0.0005531439293982822,0.05803561800737965
1377,10.130519997505877,12.59682078372067,10.230680163665047,-5.024649105449892e-06,4.826559806873974,-0.021512931752367355,-0.0019026125907783968,0.03212572565824657
1378,10.154688940500234,12.555130795474795,9.887950365979037,1.0280702616258826e-06,5.466928572780079,-0.024566925952096367,2.9937925647501203e-05,0.04069650744599249
1379,10.027062838540658,12.55621770390312,11.364258860750068,3.6255760782882545e-06,4.347121369543053,-0.017243387225799628,0.0014116397598154487,0.04162028958495695
1380,10.028292557079803,12.563505372805766,11.377181035349498,3.746410006365206e-06,4.350545214784998,-0.017683231156917716,0.001349109183634676,0.04234818766495538
1381,9.873803945178224,12.28789569926808,9.692996608646103,-6.396694879077969e-08,4.80481114957884,-0.020998186028956763,-0.0011629589316022022,0.041928819634307654
1382,10.020187359346226,12.459527055025196,11.82253189005186,5.014647196266933e-06,4.855981836512346,-0.020511180624973376,0.0014540796808835518,0.03932560106772048
1383,10.038730827305391,12.76668425436246,9.355593665880157,-1.4350381396181936e-06,3.306411492377676,-0.013991674802135827,2.5587081352897327e-05,0.05224439613768905
1384,9.81984383408617,12.14624318064844,10.64023706142972,-9.036671665141245e-06,4.597160934911897,-0.013977837468422892,0.00405974602488467,0.05967186478804121
1385,9.998997846387555,12.718283278075448,9.54183225841778,-3.652004407048816e-07,2.867927106520853,-0.009749439413954702,-0.00032455302008190055,0.03477482938263772
1386,9.778823740100423,12.184268078814736,10.497530643465144,-7.982006075236669e-06,4.176745444423832,-0.01223993439184572,0.003868285117251089,0.058648570192706376
1387,10.003961770850886,12.74762834677194,9.50985478064828,-1.5878118754287119e-07,2.835681580145173,-0.010334128836601267,-0.0001406610138750793,0.03365699491942435
1388,9.989338079046528,12.726128164118732,9.554211435361438,-3.457803812585629e-07,2.846633618886466,-0.010335055539596592,-0.0004356744878281863,0.037218793088165184
1389,9.790830712454053,12.432816421459728,8.12506793086701,5.037974493314166e-06,2.828346572729144,-0.005692449384960701,0.0064391840198971305,0.03694450223960041
1390,9.74329091383196,12.04499569016196,10.5661979139317,-9.030633174252837e-06,4.5572426043004715,-0.013466596240286392,0.004603208416507106,0.06573578393510338
1391,10.296839724337133,13.028235541322546,10.02865476670345,-4.4844563320984e-06,3.8402312381728305,-0.01454993569382966,0.004931206266792947,0.027824671118610648
1392,9.77854922944327,12.433815995541082,8.104289539800753,5.213292160450842e-06,2.8697430562544675,-0.006178043610333889,0.006589320968589798,0.038421493668725805
1393,9.142096652756663,11.301601532122444,11.452662814949866,-5.475270103338401e-06,3.7917364747387334,-0.004745116529952152,0.005266616215471899,0.06916976580842883
1394,10.39301550799962,13.153485867702718,9.92727451218817,-5.1070346501403064e-06,3.8097429705817873,-0.014526225024164766,0.004965700593747235,0.018333600297051545
1395,10.314260656594376,13.037203748213717,11.09393694013752,-1.6459362290570758e-06,3.614031956542545,-0.010750149992600403,0.009338085493820893,0.06984488079591583
1396,10.299752156737496,13.031949075894978,10.02628521391502,-4.34357204621867e-06,3.773813220357596,-0.014070323988251128,0.004716605174832033,0.02556005631510186
1397,10.300318130109218,13.033579535425597,10.032151365655148,-4.3555951023417216e-06,3.78520922221386,-0.014467217462570042,0.004741845910998782,0.02544698046558698
1398,9.860864704513018,12.4814691101868,9.720972476778755,-9.964658713232793e-07,3.077774009030936,-0.008158246212826611,0.004426645471601575,0.09756518311713457
1399,10.29912098736724,13.031138023551671,10.026952945574262,-4.327896694862772e-06,3.769075020748639,-0.014007415803336096,0.004705299625772257,0.025520234567047197
1400,9.73237119859984,12.080766332282892,10.379317539623475,-7.611585487235474e-06,4.47930323567419,-0.013400326837318214,0.005181064476872277,0.07135804701068013
1401,10.011998289099274,12.550242410940845,9.69691795925042,1.4347735151117706e-06,4.153038980959252,-0.01667235645485255,0.00019636517233532873,0.022967923399358003
1402,10.045780037957908,12.691674559705469,9.58855991662147,3.5280274775413595e-06,3.801165582533139,-0.016808279774394155,-0.0006981844910644969,0.042639348009203104
1403,10.03607216926236,12.587079072276826,10.009811292226626,1.2936261974441051e-06,3.979276962753519,-0.016360317259403227,-0.0018587576081051645,0.01897374251325004
1404,9.98233508870999,12.561496711018982,9.264016977638606,-2.1867625014365872e-06,3.7443499860368714,-0.014979867149226028,-0.002042433472698436,0.142185233219704
1405,9.865795984278025,12.423536129025043,9.49618971857957,-1.8238041748826135e-06,3.653057693066916,-0.014208293063182494,-0.0009008922915620162,0.1066407312137708
1406,9.987407346186957,12.628413280558668,9.91386156676515,-5.662938927003567e-07,3.341734431391624,-0.013487370752963978,-0.002353490464875743,0.05705444153719149
1407,9.961534566596308,12.436070713540223,10.160500177627302,3.1829045306821844e-06,4.432849461943206,-0.018305893716430932,0.0003738949869026144,0.04101528866814294
1408,9.871964978328181,12.495874068025604,9.399735529531938,-1.696744898192458e-06,3.516015911174362,-0.015435419122269528,-0.0020455897088514164,0.103812582429712
1409,9.9453623944364,12.535034218071369,9.837220379301336,2.0666681613811846e-07,3.4754743981367815,-0.013124565321791912,-0.002243889633762962,0.045484366445789966
1410,10.115485512891834,12.670684157654827,10.165893997361511,1.7977278899148244e-06,4.129536461127614,-0.017760503990003677,-0.0028116231517977502,0.012330723242644911
1411,9.913636752825138,12.300520848544206,10.910539173098424,3.728925448090712e-06,4.77112776961508,-0.019549869330902792,-0.0014663727560984526,0.009435062528986701
1412,10.05201126590889,12.63847617533414,10.06058736198496,-1.816184591429125e-08,3.680617424827069,-0.013698174123848885,0.00011558471280281304,0.03251076093345802
1413,10.138173727471951,12.58063539904094,10.220930716900856,2.8153464638015715e-06,4.917884222690811,-0.020492422387474153,5.4970217809283736e-05,0.03578934939517672
1414,10.129620039699802,12.834297372673808,9.528970732050293,2.461339357348521e-06,3.674639886741891,-0.01586404800729708,-0.0007369848898418605,0.04787494542997898
1415,9.723531300361817,12.175081475833528,9.623083103708838,1.0199348287528608e-06,3.827430151268884,-0.012123632285764303,0.0023309769240373317,0.07617933988158629
1416,9.691385625402205,12.1276158099873,9.592509627949994,1.3104776506263135e-06,3.909792014825815,-0.0123330138528856,0.00286227852382861,0.0912972442775886
1417,10.127635371343615,12.832166915060542,9.529496616010828,2.4273540883951368e-06,3.669798186731182,-0.01608202675337911,-0.0007620414295712335,0.04769203757720011
1418,9.993109150776256,12.565034517333157,9.602245437368957,9.5391683125493e-07,3.6142756702889423,-0.013239707692896887,-0.0008873835737911459,0.06271032930248813
1419,10.023019218990193,12.691871988279315,9.77000378201192,3.106742328770742e-07,3.43838541255916,-0.014867698644669988,-0.0019590368128040415,0.05148716153749544
1420,10.117902576984784,12.819114803687372,9.551871810814463,2.230432204978463e-06,3.6482690739473886,-0.015969053703803655,-0.0008734019570939825,0.04804511079047458
1421,10.170797615090548,12.898746105858237,9.433742858941397,2.5075256227406296e-06,3.520573937618647,-0.015440329305746268,-0.0008453534799925385,0.04967811369157395
1422,10.142735506350474,12.774422394352069,9.752582324129149,2.2028850455760955e-06,3.922146757792465,-0.016223542399993504,-0.00047093900960359794,0.04208375947431059
1423,10.14255412346396,12.77414957837506,9.752612726234647,2.2023922598404183e-06,3.9223114232037504,-0.016240177721098745,-0.0004709794949212472,0.042080209059048225
1424,10.032618094354216,12.488964698016083,10.61253758114234,4.1343199421514614e-06,4.454325316032724,-0.015988722122468046,0.0034297516188624266,0.029238317824648752
1425,9.972208784838358,12.491394710134053,9.872085393741061,8.308432418034471e-07,4.06249798764867,-0.01644617170216975,-0.0020351976641378965,0.031071087426879473
1426,10.014594282649917,12.442209156396755,10.75352069459674,4.451055966312775e-06,4.541548024603087,-0.01594749643514412,0.0040692693790842895,0.02713291315058247
1427,9.964136743473311,12.495289221850028,9.865255455815626,7.235519067587264e-07,4.0654587091544245,-0.017471125291960113,-0.0021995834149748437,0.033916156604926875
1428,9.82982243787325,12.44148322685262,9.861454790909656,-6.239639808084451e-07,3.3036100427295607,-0.012553910386344076,-0.001580340349363513,0.02583347344206486
1429,9.75670600397258,11.977401684090824,10.771039834078476,1.060022081398714e-06,5.704624294083546,-0.024348596276958,-0.002516194853928296,0.017778289805114197
1430,9.888103840735758,12.347149885063914,9.788642887763736,-7.593287695615262e-09,4.14481170361082,-0.015010741877175562,0.00024867250368774746,0.026438036216798
1431,9.885041842290981,12.348998784745737,9.778772799983068,3.992251668800355e-08,4.145432644485127,-0.015897072651166466,0.0002212028502532326,0.02646821239230883
1432,9.88974652744081,12.350140558751322,9.79502452186224,-2.0219182934514773e-09,4.135844726095064,-0.015206798183686431,0.00022881310194909524,0.026943926422180395
1433,10.1254538368571,12.606276477968642,10.20645320186576,1.1196734900558805e-06,4.91227977237308,-0.023353182827884626,-0.0032094670571653273,0.026635551144723275
1434,9.882023748238007,12.531230597877844,9.325748401249314,2.167628833537529e-06,3.0860923210451197,-0.011410765135066454,-0.002154650598793874,0.05926721409826331
1435,9.894382080199623,12.362322546904371,9.913347604757277,3.5135078215565433e-07,4.2221824737073925,-0.016066107408159558,-0.0008876922620443211,0.026755981926895857
1436,9.835935256211554,12.202649859787224,10.377186439560022,1.6708359886440786e-06,4.689067282697537,-0.0192192510980606,-0.0022977825806176485,0.031778236289893784
1437,9.992583234221334,12.47957498017266,10.054035734393324,1.6266640765905835e-06,4.45039405736345,-0.018411618600060457,-0.0011605447771536191,0.032758997081119665
1438,9.875620105219863,12.221540426027689,10.66903350441794,7.367548654329062e-06,4.78143384256178,-0.018987154887736505,-0.0012048637764990773,0.03534621152757629
1439,9.580123972538807,11.928333971717072,8.804541706573229,-2.5237817630123395e-06,4.062408702505751,-0.01076944047008362,0.004137100232214025,0.1177471827782334
1440,9.995225331051335,12.517458528992227,9.557758703642094,-5.957289808836221e-06,4.184323131894152,-0.017004702547200712,-0.0010627692900489136,0.03505954847336837
1441,9.535072374886822,11.833056337230948,10.281543946112263,-2.507371230582016e-06,3.975631087941863,-0.009645664698573777,0.002147968039589389,0.07121165696442622
1442,10.055586905320649,12.611623371257894,9.597709024014328,-4.539715637770013e-06,4.079411301562694,-0.016682582462753354,-0.0014581916217281904,0.04937465783036246
1443,10.00368058890018,12.525213668129656,9.556293573160541,-6.37005456184152e-06,4.251277431791449,-0.017661222092694336,-0.0009671849908773805,0.033696551622094985
1444,9.583870973455419,12.128898888219636,9.876614663116142,-5.640345623423783e-06,3.067857190195827,-0.008496779971222529,0.0020946468976814387,0.014821763503577308
1445,9.99969005138496,12.517553166825966,9.561379819685207,-6.37146617439873e-06,4.231995884750152,-0.01714494969337753,-0.0009377965450525232,0.03373512579043318
1446,10.056929155865566,12.542856999015218,9.626983959243477,-7.280649208533602e-06,4.412049220206024,-0.018104309728010817,-0.0011115448041507984,0.023365028167619803
1447,9.944818434278012,12.552335481381114,9.990959450925581,-3.3311153177110204e-06,3.6197724517024814,-0.014387784045181064,-0.0007228293695532382,0.05604845665461699
1448,9.964367070583615,12.548704131371268,10.0606844131844,-2.881805280489605e-06,3.758577180544597,-0.015736147034215494,-0.0013538325158015435,0.07734933531702404
1449,9.656201221700814,11.981924307301602,9.120183746750183,3.033920934837613e-06,4.497918014143629,-0.015899267794125767,0.0007573323262589074,0.042375273273457824
1450,10.241644731231489,12.974707353770023,10.225258881152747,-3.143501977085691e-07,3.5960042358396604,-0.01628209771573426,-0.001365750268885432,0.02098950166201488
1451,9.850284369285063,12.42853989779824,10.00401686013994,-1.3677237406303134e-06,3.508660468199634,-0.013808464769979607,-0.0016628659964415338,0.04235043722180539
1452,9.990235121734344,12.555376164661771,9.896632579092216,-3.7546801319376704e-06,3.9257682663868705,-0.015865775802347118,-0.0012183310419410492,0.06999185671833996
1453,9.788609557765183,12.31284489760681,10.42873342370056,1.6112874775006163e-06,3.9162030296682753,-0.013463449628183483,0.004701263585096906,0.023552894701500248
1454,9.563080065315907,11.847740190163874,8.872593820200152,3.758285923207608e-06,4.470587663612873,-0.014575063325569116,0.0011636812498174735,0.03027323892716896
1455,10.09077944591318,12.714992455537171,10.16739234995039,3.017564722295916e-07,3.897329145459624,-0.016474674034471264,-0.0017991484426729575,0.05337876541600084
1456,9.78856603902516,12.313063543109347,10.429116403309171,1.6274244761908945e-06,3.9161853422177826,-0.013477863987022306,0.0047083054248821575,0.023553275921818752
1457,9.485066198167257,11.88173153767146,8.950876763082608,-1.458437721075064e-06,3.291592999821795,-0.00872582569572169,-0.003591321404248693,0.034587779595585205
1458,9.599593860088534,11.897135487535104,9.067140362788415,2.08990793824892e-06,4.391303597995995,-0.013202242489940345,0.0010875376536654351,0.02926210861518854
1459,9.437526332784538,11.602612781434386,9.156495339913253,-4.396910852405078e-06,4.689580599627703,-0.010002552038553445,0.006731297896610167,0.030236489852066097
1460,9.690433833466832,12.129650494497922,9.983873297315421,-2.655853547377535e-07,3.9210288043939854,-0.01289573585148901,0.001938296653998008,0.022439153369810144
1461,9.78184180086628,12.149691494925476,9.795802164771773,-3.897989097123714e-06,4.7356496544711275,-0.01879643169647672,-0.00019704831402389607,0.06670056475395525
1462,9.166996974227901,11.15955698387856,11.5384954687641,-2.684705268760157e-06,4.66403031202789,-0.005325239002075433,0.003793338109214568,0.08092593569191384
1463,9.612896843948258,12.076633179424066,10.244480447001877,-9.135137335105677e-08,3.5381061504645746,-0.01053293664352052,0.0013782526763922512,0.04665528655341858
1464,9.162736401326018,11.168700679600072,11.526233416798686,-2.508613402680174e-06,4.561587967416118,-0.004934552497258954,0.003735138581263072,0.0803915435936431
1465,9.567135374062929,11.865802279976116,9.287265204161232,1.0748286082585114e-06,4.392993725505587,-0.01319365183036663,0.001104883445959253,0.02980958012227167
1466,9.438306287220682,11.608987038272453,9.163495076773351,-4.421248585184183e-06,4.672257250946027,-0.0100492269505845,0.006666387638829398,0.02986142203395969
1467,9.181125450684057,11.207973153842271,11.490992709667266,-2.5203971793318706e-06,4.507301641983176,-0.004993119618491407,0.0035290750899882204,0.07816511355172039
1468,9.718921363180877,11.988172036762933,9.054743383353133,-1.5013622098293195e-06,4.896200848237527,-0.019028427583828108,-0.0031506125436592675,0.030666414712353287
1469,9.618665045242636,11.921184510260368,9.257028527271965,1.024601472336139e-06,4.354277854393298,-0.014294421311086398,0.0007546425861610978,0.029978601919766434
1470,10.073016688451972,12.621303557308453,9.268750428213636,-1.9960553997482324e-06,4.4746254032901955,-0.0202102888176528,-0.001446838578690334,0.0309571270596435
1471,9.971054378146999,12.583986907656689,9.28957008466984,1.3145828140376292e-06,3.8168686271352,-0.014878905566014308,0.00313919871123521,0.06123497459210164
1472,9.970131271374877,12.58246638593686,9.289458531636726,1.3147769811662833e-06,3.8110591033432177,-0.01478186567960924,0.0031215386709366184,0.06110131395503188
1473,9.998760547825773,12.637253751902886,9.454999986971927,2.5340685874693576e-07,3.6633940585643545,-0.013627168035158978,0.0023189972932753764,0.05128129922670575
1474,10.30916701548488,13.206874594173806,10.594880695090607,-6.474701674866714e-06,3.03834717909029,-0.009724447206124072,0.008271131621908148,0.025067492200491752
1475,10.287477990745424,12.673975312071796,11.51340105976342,4.241112013347359e-06,5.666420834228325,-0.023916980858006694,0.004042362569398083,0.05315366758554335
1476,10.300449860084836,12.917694138193438,9.156998623016152,-8.416225962053445e-07,4.354053337951115,-0.01672237597629004,0.004011430014799594,0.04074959562669507
1477,9.638511491143662,12.264583252577806,9.036439684695164,4.440833317785757e-06,2.8855570326614246,-0.007961818429248008,0.004787698189945242,0.07188626630817228
1478,10.267510800562611,12.919475805795766,9.581583533134127,-1.142803067834599e-06,4.02796758680865,-0.015310164159759589,0.0031806590883427755,0.03745042693206323
1479,10.058526942391708,12.762688857325204,9.545435763318336,4.338095229662311e-07,3.31276967507399,-0.01378010674722202,-0.001319986570078313,0.06911269643440059
1480,9.999840659205924,12.612819679534589,9.64601649428098,3.6368301114658903e-06,3.8013989164830457,-0.012846738335054337,0.006686378078321073,0.02398051801931511
1481,9.918624405473183,12.51823157853902,9.175106825920777,2.1425917135230047e-06,3.78470080375734,-0.013382256806098076,0.004735581862826793,0.05017922638430361
1482,10.418751173271216,13.159829405936414,10.759415735932764,-2.1416605491921055e-06,3.9354619423674286,-0.016253993445051698,0.002325790637173812,0.056891518504457464
1483,9.8202324275403,12.376946533112728,10.30808472187184,3.427542231828964e-06,3.5354375784958543,-0.011192478117358372,0.002333993437297308,0.05060751877019603
1484,10.42255424530818,13.162598512775125,10.771570430767776,-2.100762430891006e-06,3.946840571224022,-0.016381877171010428,0.0022304839870518015,0.05745793081441919
1485,9.881151209778928,12.406971648990844,8.638518227325864,3.7779633217092193e-06,3.622830642859443,-0.012107151194004417,0.0004071500095130584,0.032845271997251485
1486,10.042561450495295,12.91391528750746,10.239000086866351,2.449500550388615e-06,2.39563782365698,-0.006738816545874752,0.005601484248553367,0.05768688240373843
1487,9.55732409334986,11.999740537139392,10.088069988820305,-3.883050768890444e-06,3.16779754197717,-0.00699115550673968,0.0007256420586275254,0.026218575549249667
1488,9.541689417600423,11.958612486216644,10.378909608174052,-6.085936698038933e-06,3.132021190687853,-0.0061572044690792055,0.001003938316148808,0.05163141420414902
1489,9.851143484791566,12.193729620556226,9.796276153154087,4.453004629825583e-07,4.796243689249437,-0.019371246837693833,-0.0015817903914178025,0.08758431457596104
1490,9.295825810611756,11.544516438067353,8.674626662186723,-7.327200965750174e-07,4.362329064403274,-0.015643992490608185,-0.0023363344831331947,0.03093404382035701
1491,10.158833191592857,12.920663873532142,9.008421770639792,-5.377089657439341e-07,3.505202808966166,-0.013830247156840263,0.003234547581018929,0.04976781998944223
1492,10.54338036590741,13.45059364319695,9.23251664904092,-3.093592170575594e-07,3.451760038503953,-0.012014701463537477,0.008752400803846597,0.013797706923293282
1493,10.132165009138692,12.818138399705044,9.990744485185573,5.450928029545063e-06,3.700709854345329,-0.013025656751920996,0.006687770298921403,0.08418120879368395
1494,10.148483533806647,12.831447366965223,9.993247970664433,5.474639797108891e-06,3.7668401923036257,-0.012834421687344274,0.006890340889141547,0.09074326346270144
1495,10.053997343467453,12.763656282358015,9.323935673194981,-5.190333000644742e-07,3.1424937412101195,-0.010039932067616036,0.0039567289511595796,0.07174302865833489
1496,9.69258654237776,12.211808056718896,9.743829547871073,6.388829572935509e-06,3.5554673469586104,-0.012700244532855584,0.0012656007197017786,0.0813620381802082
1497,10.104112115415507,12.775444759026255,9.800558645759677,3.6420609204327863e-06,3.594953902825867,-0.011679118818277904,0.006069323928070964,0.07593513833655142
1498,9.916666241925519,12.616051618798933,8.853498806344078,-4.164392760472379e-06,3.0648769263983366,-0.010405635930941294,0.0029751619130632895,0.03639450894261765
1499,10.209192560743952,12.919311030941762,9.099147330395539,-6.576422481077301e-07,3.4275200745282026,-0.011206107000803812,0.004447956557246918,0.040670776622865334
1500,10.243403939897034,13.024889371909833,9.286741960666031,-7.364593470404242e-07,3.2558772062582606,-0.011985160900215407,0.0035617790107096495,0.05588077910564758
1501,10.075620459164528,12.850603892703647,8.887681104439679,-1.0419939167318263e-07,2.979114602629066,-0.009132986519222112,0.004383686296850228,0.05481574832314881
1502,10.179094779514791,12.8797787901022,9.447530416059887,1.7292233345077446e-06,3.53426637576227,-0.01191707871421544,0.005323142417190279,0.05767206306352124
1503,10.065279571033669,12.637346195067757,9.037487223913685,4.8919778627406535e-06,3.750832624833639,-0.011847733230523103,0.003911058718622352,0.06103432937577901
1504,10.281591809214346,13.118034184481203,8.41633208433351,-2.4715844920127443e-06,3.214028499090659,-0.011191087035182451,0.005971756013623736,0.034047313225691954
1505,9.814316363766345,12.50620229241816,8.780669103705293,-1.7811518150503464e-06,2.842333608018329,-0.008286917234119985,0.004714152145331845,0.06412843802912876
1506,9.746118752512848,12.396301280688569,8.670102335980442,-2.7960980181433997e-06,2.750552639342479,-0.007321057100056968,0.004649227974556821,0.06558493110274591
1507,9.40079870197357,11.761963065846748,11.352720931130508,-1.7831458145567856e-06,2.7300417971466393,0.0024082424789851065,0.00921134154238239,0.04392730023089658
1508,9.659724992946197,11.990644792315416,10.065269968560976,7.026080023532652e-06,4.253792310583934,-0.012686491677755804,0.0026607646874920845,0.03964192956426084
1509,10.328076005226494,13.251689911566626,8.011732834578856,-3.4409094119112045e-06,3.13519200732037,-0.011357281885663388,0.00684288255986364,0.030833708114756116
1510,9.716162948278424,12.079945215571126,9.576049479287976,6.6106220554504275e-06,4.411098351101066,-0.015335719571743178,0.0014588847210253908,0.04106684333816829
1511,10.271632165584997,13.102467502160149,8.443389103083927,-2.419510555600095e-06,3.2243131141536927,-0.011397798107780528,0.005887671651456044,0.0348703538444648
1512,10.164577334511987,12.770077353092647,10.329734797823487,6.645392301995945e-06,3.8227337261689662,-0.011298986429480632,0.00737528591788663,0.08634195637298928
1513,9.642952725070252,12.212706806172193,9.3272422144809,-3.0466477336200192e-06,2.6850922733259455,-0.003828899610058127,0.0048250654380824765,0.07751399117171173
1514,9.981728963590161,12.63311277311254,9.69441036610168,4.939247555785054e-07,3.3330418433971074,-0.010096996442459746,0.003939450627603472,0.04624665080972645
1515,10.532367923078167,13.360407207715378,9.784916858874832,-2.0967617337740606e-06,3.8280860647046544,-0.01475464634574608,0.006135529700686256,0.03589311556479346
1516,9.718374043758164,12.327469991126817,8.923550658707766,-2.4543620677729416e-06,2.7251336263022203,-0.004211054011204288,0.005110179822718091,0.06270784677703617
1517,10.145023362266288,12.824263388883264,10.009043065776495,5.413685811483623e-06,3.716800682294787,-0.012771461278131472,0.007012081044164727,0.08248696631137889
1518,10.057620326057952,12.788205052772618,9.882210241788524,-1.516749046292863e-06,3.0948221188286764,-0.009559775878300645,0.004083779885132311,0.054273127737456725
1519,10.53369191839712,13.365196881935807,9.790166002093615,-2.114020689723795e-06,3.8320760061191375,-0.01472095750912651,0.006153442052590637,0.03607928960307865
1520,10.028770843581286,12.704107277131094,9.76796370945552,-1.6604813287676664e-06,3.521803293354805,-0.01349475997659774,0.0016508051821450577,0.051420869952165424
1521,9.11743227044225,11.409751163730364,8.824060541518623,-1.5905771735976772e-06,2.8672635226770957,-0.002376294522281136,0.0017017762896508852,0.049343522260327365
1522,9.838960226416763,12.442936488908252,8.68378617024518,-8.373795297862326e-07,3.1680661117732827,-0.008035545152461038,0.005141330275464772,0.037799504978037496
1523,10.018178743259218,12.693891517976825,9.789831394384588,-1.6670868952845502e-06,3.513339672621847,-0.013564433705683,0.0016171473503890125,0.0517917299529119
1524,9.728966594587448,12.12911834379634,9.544463632412052,5.913276278605083e-06,4.276717764842016,-0.014798668256252067,0.0017382387661960077,0.041253717814964216
1525,10.039934418537213,12.729808858994431,9.02946634697968,2.932600089014913e-07,3.2663834516523287,-0.010102472411628434,0.005077418112202919,0.02763888894385637
1526,9.70858475144742,12.067708898255562,9.52252067878708,6.222824333807399e-06,4.388085757620779,-0.01477496229182666,0.001436037674923646,0.039556746360332275
1527,9.9444176681091,12.60540853051518,9.642744502071237,-2.426994810006852e-06,3.492408748276143,-0.013983810251532698,0.0010777789245367108,0.058225749090860805
1528,9.459936104324418,11.957416168227216,11.425885504860428,1.7150963606534135e-06,2.6595075092668443,-0.0034664594513575692,0.005493087967218785,0.0501719492567321
1529,9.647884053997204,11.949669429823643,9.476133038103368,7.1635138318595e-06,4.511064700155041,-0.01501519803958504,0.0010280636899700278,0.03950028202019723
1530,9.630159979345132,12.181398250061449,10.586650376903249,-1.2574720550365742e-06,2.7335491314932767,-0.0038553831151485825,0.007530238760165184,0.054063928554170006
1531,10.004396888754092,12.702149051835203,8.469831405114974,1.4632674651977937e-06,3.1689554662392947,-0.00959127027013171,0.005069628659442647,0.034815335703684724
1532,10.309899713460387,13.070434261255617,9.97314885019764,-1.2981312052735469e-06,3.6060195747928767,-0.0127639331116308,0.005176770575698424,0.027221175579898997
1533,9.706946142876276,12.059757843255626,9.526307943805087,6.319997083578578e-06,4.4099094747036345,-0.014833270424093246,0.0013996559145503789,0.039417325219292
1534,9.654622661039477,11.977450167204411,9.369150118483986,6.872149157194378e-06,4.459426402306776,-0.014894586957358949,0.0013373964503008776,0.04017780934704576
1535,10.072550957737366,12.581674938220646,9.693303003316085,-5.2872784135609795e-06,4.164633596992305,-0.015519067592887206,0.0010348827139568231,0.042559185566609065
1536,10.28524777112901,13.009469209941924,10.02778897598322,-9.137998960704877e-07,3.6503204899705426,-0.012469141453494844,0.0053403049330247605,0.029882584521215668
1537,10.028414532655944,12.55258405653144,9.736796893828783,-4.775166970204858e-06,4.075721388495096,-0.015072122158332122,0.0012975221123107776,0.04420024387693696
1538,9.625478057765854,12.040223446330756,10.401569815112133,2.825469205634145e-06,3.5589873322875034,-0.007696201537021552,0.005165539456855241,0.051812545023117496
1539,10.288617015245498,13.109988016495407,11.343940121317328,-7.74942159481886e-07,3.2296613202650364,-0.0121639461042921,0.003952830827109598,0.02252906178656433
1540,10.426776716047508,13.199202475400291,11.615794584033608,-1.3885774952976422e-06,3.740697024099388,-0.015305473023880856,0.0025093527599403956,0.027424545271570316
1541,9.715136633039169,12.06918500678538,9.502504970683965,6.247985986792258e-06,4.380027884090308,-0.014960027480440952,0.0014708674480545998,0.03629247676793734
1542,10.156777727883387,12.855012988844392,10.137660378432676,4.8821212310837096e-06,3.671823060522876,-0.012664822061686952,0.006773346541753936,0.0776283243558104
1543,10.16716163665671,12.842029750967788,10.2252255382029,4.982646595854579e-06,3.6910367391067904,-0.011868216780973256,0.006826130587088139,0.07550922918713363
1544,9.887705885958653,12.294840100995987,9.709334691397418,-2.2606435900763543e-07,4.34001987851491,-0.01377756628796499,0.005009503687542434,0.07108984097650314
1545,9.728219808496856,12.114415002619264,9.537915027191504,5.781655676210184e-06,4.315608396066145,-0.014438102816298887,0.0017532371296192692,0.03868936440794388
1546,10.00455767855042,12.48532708835225,9.905100414216813,-7.988538698456679e-07,4.36806767366267,-0.016539679503806484,0.000800640360656114,0.03925259374832928
1547,9.911789247266478,12.400494372459551,9.670258245626403,-4.993762386707927e-07,4.197809841567612,-0.01390526013271834,0.004538742881490641,0.08993394257011457
1548,9.708449686451207,12.063293328690197,9.513103059186228,6.395484820828914e-06,4.424156011802495,-0.01527151327573141,0.001343596825521633,0.03956403585704783
1549,9.70739796426604,12.062555011813766,9.525507712927919,6.305710230909855e-06,4.405156858286212,-0.014857456295992184,0.0014171838648851052,0.03910352041866254
1550,9.650837800964666,11.954092475770905,9.53098708763626,7.166959539080569e-06,4.517625639244967,-0.015292595376799764,0.0006122887506642425,0.03992711510999906
1551,10.075627709603053,12.637893854271727,9.837080474469206,1.1806202918978653e-06,4.093385022860444,-0.014808819143864116,0.004792990929225098,0.032786916659987037
1552,9.888916747712791,12.296681553159146,9.706736666068862,-2.0473480001987306e-07,4.335690452923798,-0.013794785916508987,0.004985785639751352,0.07115255852156374
1553,9.707563029899376,12.054601943685656,9.819175994378671,7.660258227365842e-06,4.446485973331377,-0.015518454589467757,-0.00022199984178993036,0.04394369731457762
1554,9.888993751300928,12.29653119662197,9.706594142875675,-2.0497948344136418e-07,4.3382050939429355,-0.0137847766159479,0.004989465145025687,0.07116004453410707
1555,10.095994319546469,12.785973761659632,10.099040377295047,7.025608237826748e-07,3.5207102477725094,-0.01232247844700686,0.004478082240170106,0.023398291006628335
1556,9.893650052251875,12.33182738465241,9.660295535929704,5.884385483130484e-07,4.2610679914170895,-0.013674093228648454,0.0048277277646136575,0.06308461625165583
1557,10.120787118659416,12.759833670206064,9.561921795122982,-3.115601110010574e-06,3.853634619716823,-0.01362554503671668,0.00437611507619092,0.03889764721566246
1558,9.9847604280191,12.47621951551478,10.386487491091392,-1.7647638666043068e-06,4.428482228206594,-0.017590073988747693,0.002336990039330821,0.03227468421115463
1559,10.049918689856904,12.516087749571176,9.630525520995976,-5.914414252241863e-06,4.371264446198318,-0.0169599727866215,-4.0384824178383606e-05,0.05008011944559439
1560,9.863791277256828,12.30793669773294,9.798502625279355,1.0669755302245961e-07,4.158895491864381,-0.012683062153377883,0.004826237068390587,0.0554465163715309
1561,9.951812675796122,12.507086113675626,8.862906505430765,-7.540063004905672e-06,3.72631051972691,-0.014411945757474108,-0.0007116463584147272,0.06779376060618415
1562,10.428480515471271,13.151785401735948,10.158674648759671,-1.0576590129579731e-06,4.020326517853394,-0.0153473351030088,0.004627607780823241,0.024212086258023183
1563,9.746660931598965,12.264196227895338,10.477713887004809,-2.1581152116334324e-06,3.5311172279616674,-0.00972169142835515,0.004280535781869717,0.02891563553295383
1564,10.413504497172331,13.12941269857776,10.149644357993402,-1.0639106310878928e-06,4.031473368714804,-0.015365341394464537,0.004547337746286967,0.0245056660055634
1565,9.662561692475064,12.148288253874016,10.681759633840096,-4.57975172327497e-06,3.5146972288350637,-0.009577663685030045,0.004284066461043552,0.030608788413427117
1566,10.098902926577756,12.682833265108169,9.367409261112824,-3.3352811486607017e-06,3.985821646184285,-0.01478437334498884,0.0019479049245185573,0.040560229891367656
1567,10.11921821532748,12.698258542461078,9.261673523293926,-3.379439132304986e-06,4.032121299358465,-0.015215142618441755,0.0018915735402524347,0.041186921808639365
1568,10.302807255587432,12.975848895155464,9.964353462784944,-1.3164959613594972e-07,3.963608479889924,-0.013369592605699792,0.006460804598090445,0.02874328458769067
1569,9.894832207167005,12.306203483875022,10.311374697315648,8.28112212988305e-07,4.649311932042989,-0.016899283909432013,0.003045522706765899,0.046246803463283345
1570,10.008014453998191,12.55342922232482,9.876408744058981,-9.062584363702862e-07,4.167110817196142,-0.014510587158559504,0.005078760879937515,0.048844742464509816
1571,9.875959730623608,12.264980040442444,10.383902721629,1.1173083573835746e-06,4.729716142808653,-0.0172975850976684,0.0027064921537892504,0.04581361235571551
1572,10.246871306236292,12.94319071946749,9.308005392485136,-2.136735914308418e-07,3.795340595728884,-0.012376247730478344,0.007048973145829419,0.02482532372154527
1573,9.963133667020823,12.810561438131383,9.815149327387575,3.665722800322484e-06,2.485214096454725,-0.006955830556129868,0.005394057256410735,0.026144406227813836
1574,9.774360752326425,12.514772693118394,10.16416226614963,4.0823030743490045e-06,2.210689328999839,-0.0031655619295628268,0.005280091667128901,0.02330134716362603
1575,10.03441655535226,12.650874956638251,9.09353344006433,-3.505373543868215e-06,3.8210684385549096,-0.016212004161874995,1.2341063939991672e-05,0.02854031917497009
1576,10.141356693937826,12.796260658037186,10.151414984913924,-2.0860781017790656e-06,3.7787166252450706,-0.014188623311671398,0.002061345670471247,0.05468032884314759
1577,10.220249806417057,12.798724976151703,10.111914320907797,-1.3732562325050784e-06,4.247346596312245,-0.015865645541642485,0.003365670512028477,0.05291491019817612
1578,9.429485028383576,11.842666447819548,9.872497881256328,2.1003124854106406e-06,3.10458474227159,-0.004163093444049554,0.005203068224628804,0.04390197059115372
1579,9.834988810686387,12.450980190549702,10.514640749944046,4.980475405591148e-07,3.2346003575136435,-0.00974033157440352,0.0031570143048036017,0.026534030066337887
1580,9.716690405758674,12.082540217930132,10.736172471148684,-2.422446745290344e-06,4.498321736674015,-0.017318217053907452,-0.0026203332721170328,0.03300117370089785
1581,9.620389780246972,12.178824533278815,9.322387768950238,1.6151956097293073e-06,2.6593746809711796,-0.004894706080556387,0.002181389929179491,0.020608740498869182
1582,10.151978764620504,12.471459769736336,9.74520085370575,-1.3337109340674593e-06,5.45496114063922,-0.019637227672896544,0.006968762171916663,0.007759653936864619
1583,9.974490796414894,12.410269878713295,9.813210961282,-7.463330584351351e-07,4.542452519286023,-0.016160886189537125,0.004861401130053056,0.0294108745065709
1584,9.914813312535397,12.425781143080288,10.341666062455609,-1.2235798710828224e-06,4.006787419829087,-0.014488957603816605,0.0007857033474548449,0.0484323644565792
1585,9.94278573557553,12.397553662950813,9.772026921295772,-8.264328913859591e-07,4.397262231041882,-0.015303874705457602,0.004542683669142007,0.03585931635611149
1586,9.935757553300416,12.360664593372665,9.68172832519435,-1.2148442756503332e-06,4.502362277531991,-0.0158603798619661,0.00498864097355339,0.038532717347847086
1587,9.105345159256741,11.279448487435593,9.485460284279,2.2919612560295067e-06,3.065852712438044,0.005476299242010707,0.007310109742739106,0.06186865375256252
1588,9.985000031341414,12.460170337796896,10.529125564463476,-1.3106388687410803e-06,4.406720915152853,-0.016767102751515828,0.0015166972503204736,0.021832309725170165
1589,10.4270551120934,13.31827981868406,9.868152138773747,2.92650729760456e-06,3.0982652701576385,-0.014343808121479937,-0.0022482132360944125,0.023129939096669622
1590,9.925891086555673,12.488115497322992,10.03148268978504,-3.172838273035976e-06,3.8183008679635178,-0.013719633547693852,0.0018539230564654668,0.0760399945498693
1591,9.995536238311132,12.507609970556144,10.306003016947686,-4.376712471906818e-06,4.002731326650849,-0.013823156684695494,0.0020771255615119606,0.07768497604800219
1592,9.85984986017636,12.162370421007584,10.338909855153084,-2.824205496506973e-06,4.907691730190416,-0.017175739490750047,0.0024425850683468184,0.021448811327591983
1593,9.918402763032082,12.471294328781603,9.374489894923256,-4.94123730285685e-06,4.044647651451696,-0.014810697096751617,0.004207094096645295,0.0546937031892064
1594,9.742205760681541,12.263269715282062,9.171765487450163,1.5081064644058397e-06,3.682761185698757,-0.012696255183757634,0.0032193447705075795,0.06089035466681967
1595,9.610007687085963,11.78340138456858,11.696661239476803,-6.620947178827434e-06,5.64488772987525,-0.022287532649547945,0.0010946786030082657,0.03996457738374149
1596,9.808528568596612,12.253813611283556,9.253429016999576,1.0005699950710261e-07,4.084102975251818,-0.011823660062051504,0.005097103926632646,0.04169249227793951
1597,9.691753029288934,12.074461452141652,8.88247565162689,9.39280582249484e-07,4.314570298720588,-0.014978456440989392,0.00237748527920156,0.05757520687513359
1598,10.12104718630478,12.602159499620289,10.911077049303644,-3.2861913043502353e-07,4.756827910039882,-0.019069129601567432,0.002076007157685503,0.04216523057913754
1599,9.88089467824702,12.334955421542904,9.63141912017566,-2.576633374094591e-06,4.315837073880898,-0.01373336559335834,0.005366378176044186,0.0201205206273112
1600,9.987326890192547,12.276957085909409,10.259104608947036,-9.840760316146016e-07,5.191101927757449,-0.01671937942507719,0.0071913153999121045,0.033232036970432616
1601,9.8807976618874,12.333514590610948,9.63170632074292,-2.606418483780518e-06,4.323131962298524,-0.0137664912889795,0.0054007472675416685,0.020142411068250664
1602,10.068260038454236,12.444360153514904,10.795884358867571,1.853633861559652e-06,5.053453439470638,-0.020182303481771916,0.0012923785301790227,0.038976514421894946
1603,9.70458692282364,12.040359365788518,9.018418836597526,3.7807323475082856e-06,4.467608101981935,-0.014999840982497662,0.002609144605486221,0.024207782316169976
1604,9.705549384035168,12.040581549415512,9.028503610589935,3.7504456762960166e-06,4.458884983980836,-0.014817462278173764,0.0026320494933350456,0.024193363157444976
1605,9.70341172406817,12.035484462260476,9.019306314930148,3.7448178528057834e-06,4.478482377670067,-0.014983313477464733,0.002629787002559683,0.0239805082167178
1606,9.740717484144575,12.209398145942018,11.257462876649832,2.260152698997372e-06,3.7642435475386296,-0.012829590363728008,-0.0006017264629210152,0.06912276026143821
1607,9.691755957896657,12.285846817530237,8.292501751166029,-3.0012933815000393e-07,3.09428751383738,-0.011937734881329208,-0.0032800392698889595,0.04658084619400876
1608,9.866040493819229,12.436951786539373,9.652975117420024,5.806498983244134e-06,3.604540556535188,-0.01402450643345789,-0.002350122585366419,0.06509304775189151
1609,9.866947701375029,12.45927681434255,9.694766965210768,5.4204861426337415e-06,3.5138826172614994,-0.014040687114456406,-0.001960829952567562,0.07019249163432434
1610,9.909534428797816,12.55275264316952,9.93392787657632,-2.7670129654390603e-07,2.927235786866221,-0.009094943024541814,-0.0005402804396830161,0.05053398952787851
1611,9.865047219521045,12.435646223902776,9.657202149317195,5.860942273300471e-06,3.59555206408281,-0.013906570681429954,-0.0023749329926385284,0.06465419578211327
1612,9.862998088025117,12.44026798291118,9.620265986890047,5.976059577920893e-06,3.583746425274775,-0.014110406421148344,-0.0023230017194171564,0.06600617168314218
1613,9.869247485799157,12.419563036372727,9.649607910238894,6.0406973420163015e-06,3.6779183988766215,-0.014516233972885845,-0.0028620083846113823,0.06763059459868322
1614,9.830295831873661,12.355406260910373,10.684918791909867,1.4205708843579166e-06,3.8858436808935815,-0.017352928734867983,-0.004003289045874056,0.03226640683107192
1615,10.184161792007682,12.983628792922945,10.689247162659282,4.3639342051843535e-06,3.1470115097510925,-0.011423722776877004,0.0021706327572019236,0.05289633264165452
1616,10.183772065813784,12.985173246125605,10.693513826504168,4.385479529111124e-06,3.147265012364095,-0.011490038341733308,0.0021816198391081594,0.0531487255625713
1617,10.18797303031573,12.985760610934104,10.731489576805632,4.344891195527462e-06,3.1544260129293575,-0.011513428642962635,0.0021326907034316385,0.052550431147631416
1618,10.068813669003877,12.783549962067044,9.969249669834385,3.5610630174497314e-06,3.184790151033645,-0.010958684651951251,0.001753847243272784,0.05154566633952436
1619,9.921075060089295,12.478759332981667,10.71557552253614,7.504460488148918e-06,3.800324594068379,-0.015610885901501108,-0.0021832637663443447,0.022376806309290523
1620,10.067138171565167,12.811899275255094,10.958501104687157,1.312985651457783e-07,3.224002411022892,-0.011946217284973448,0.0018792552655839145,0.03201171460694226
1621,9.921998627839793,12.503219785153778,10.191953404716047,3.606356042521621e-06,3.530489332175897,-0.013343184739309791,-0.001112459644639803,0.03439642134870112
1622,10.09095907646932,12.82469071444424,9.960948590182669,3.4652229398808907e-06,3.138076119659097,-0.010798882321575736,0.002266878552164702,0.05434941241764338
1623,10.062090918800603,12.806071519457504,11.002143177971524,-2.281534079098064e-07,3.215718694346001,-0.011918868730262351,0.0017583038628964666,0.028378638089243225
1624,10.081055812831163,12.562455437676824,10.522527471200116,-2.6791861495967446e-06,4.52286382672268,-0.017558923613362698,0.003234252300032812,0.08854419023073802
1625,9.963208305578943,12.516406141243538,10.195641925943123,1.8174870820295751e-06,3.8600357037798374,-0.014484593315645647,-0.0001641271298715905,0.05154980423938038
1626,9.959347000213642,12.507904972685136,10.174172022241274,1.8734554403762455e-06,3.8837477069101434,-0.014743244193795165,-0.00023174230690608177,0.05255594394096418
1627,10.156150046660306,12.790773443851206,10.362529092046094,1.2479213074131071e-06,4.049676877513169,-0.0164682163873556,0.0029530093908378676,0.08381576568595414
1628,9.98231931921121,12.501000165949591,10.216405225265069,1.6468143423407245e-06,4.069299435548087,-0.01625481425962068,-0.0006462199992397981,0.05741970214334574
1629,9.433292008518617,11.682722156731344,11.653979964448316,1.8130418248684277e-06,4.707495152520769,-0.018878979356153847,-0.004508084996888397,0.0371535716757528
1630,9.593202187587181,12.01892763653912,10.200874332150825,-2.458336704187671e-06,4.0135561169073855,-0.015564610814201678,-0.0004496372042815451,0.07135703958737011
1631,9.631852947415759,12.0127925168828,10.14908645170857,-2.357540787163799e-06,3.9393527601745935,-0.01196057933391427,-0.00038015358700334225,0.06565525767343347
1632,10.062037588881196,12.566811729697829,10.452655933696844,-2.2893824952649898e-06,4.393837662959503,-0.016316329383180783,0.002931090241353971,0.08379793417615605
1633,9.297699938175976,11.56917882672143,10.396745465311216,-3.7495623172671136e-06,4.197547024783496,-0.014544815459316235,-0.0016071757490602229,0.07719293302571481
1634,9.55735728560572,11.919534216444315,10.240646423583373,-3.9219754907706625e-06,4.36038218657384,-0.017155411255350493,-0.0008240967383278553,0.07896015616369693
1635,9.997436797761532,12.713857059846244,9.761856873864708,-9.956670099813949e-08,3.0148554377162355,-0.010347480391754198,0.0008122375458864146,0.02286923811652788
1636,9.232160907514391,11.413271542347214,10.77573770727674,-7.11528327469105e-06,4.056839925628678,-0.009174654798006745,-0.0017886897663473124,0.06053152162868676
1637,10.097063376295436,12.617626264111372,10.240547400998969,2.3463190448985596e-06,4.251078505746798,-0.01725164625456419,-0.0008875814838744829,0.056313719642544266
1638,9.834385721120949,12.504707926476884,9.220486382426095,-1.8982218115294044e-06,2.9119008136374314,-0.009280066649828849,0.0025199007881475423,0.03602228630216424
1639,9.86439747544525,12.547060040963226,9.079845279298016,-2.3039610132816806e-06,2.8478365704671016,-0.008777810480958447,0.002398806423106894,0.03939725754659684
1640,10.29463248176044,13.293318869992696,10.366474695641712,4.506819407229392e-06,2.592419329615789,-0.011379193589555478,2.2777850386401788e-06,0.04294230909484062
1641,10.118889850830882,12.676646460285848,10.842036548007789,3.3857937231265146e-07,4.225454271474264,-0.015114349237907228,0.005792753400204199,0.08663773020651931
1642,10.118378380658967,12.674429091370904,10.862068200079314,3.537482844799788e-07,4.250748057439033,-0.015424353257214264,0.005976623737963345,0.08762358718727152
1643,10.116254324667192,12.67047781816745,10.859810271041066,3.535109088267371e-07,4.255064481707425,-0.015361751320238624,0.005983043963078747,0.08756316489256294
1644,10.03085875218246,12.693949050113712,10.899635505380868,-2.5348728352762385e-06,3.4077867998749225,-0.010883737464100318,0.0039388241116605155,0.04758627749433615
1645,9.997645611877584,12.684165700145348,9.462691288871584,1.340838930029484e-06,3.228886158072946,-0.012587706819783218,-0.0011147714274897813,0.06711105954010319
1646,10.064677005667392,12.706662906308871,10.42405029998821,4.585321442576093e-07,3.8055263676646462,-0.013994111354504324,0.003599960694680696,0.0826844156327328
1647,10.07562388419527,12.762986630317966,8.848360585302268,-3.218009917309403e-06,3.6540002748024585,-0.01603014374082836,-0.001167333956810554,0.028214095913953643
1648,10.04503197055134,12.677753516906392,10.372649800661089,3.307721218739467e-07,3.824054880181019,-0.014291437564625562,0.003667374932494921,0.08723118453085607
1649,9.197279625914124,11.473735743516023,10.56095335365008,-1.7740196164860608e-06,2.8467597417347696,0.000691001809638922,0.005479224060002077,0.07411390307368869
1650,10.13932312603884,13.00100037230801,9.909967593093665,-3.2603652386335317e-07,2.611001799474658,-0.008548031823835959,0.0026120579100077064,0.03536145242562142
1651,9.479526139565335,11.719363694512968,10.102811371555072,-3.320673711415394e-06,4.067007674336897,-0.008179469583600097,0.0032928673021284695,0.051329783729061974
1652,10.07650466115307,12.763877984211003,8.842263999294984,-3.2414183478782793e-06,3.655662635620216,-0.015857253704077603,-0.0011602332518332475,0.027779447633425783
1653,9.477341594977172,11.704088396333358,10.115255009692303,-3.4091882420729577e-06,4.1538922858089125,-0.008209691587248278,0.0033148529298455643,0.048736414439333325
1654,10.24329374641886,12.87150066637796,10.930520749141545,9.075700688624637e-07,3.9996184989684793,-0.014325696715931927,0.004217639481534449,0.05604955620994581
1655,10.12668434039772,12.786015589736172,9.414625210748103,-2.2646044720721384e-06,3.785712660540359,-0.015410392089678622,0.0004985296013492969,0.032947978026570304
1656,9.65977495762854,11.99503270120374,10.154545027159406,-2.6852955124996607e-06,4.169931349166799,-0.01076074566583888,0.004391250161008616,0.06348329044960198
1657,10.168245822569892,12.85130641669817,9.372151203955099,-2.190645857305947e-06,3.8147815165537167,-0.01657795328901035,0.0003599411753813222,0.03178757648912034
1658,9.986723156319453,12.512769791977746,10.231336553279965,-1.4300465622408716e-06,4.204463754926498,-0.01459185401039982,0.006382451253419645,0.0894190804102438
1659,10.066731318512664,12.732356066443112,9.966777272130456,-7.160706040901942e-07,3.6631898946206047,-0.013875195572152624,0.002056351129873705,0.03399720298895549
1660,10.175455076762775,12.85882256118884,9.472588460487925,-1.7814710613195658e-06,3.8076523425540496,-0.016298974303907778,0.0004670214990138949,0.03106626530674727
1661,10.189645455123442,12.941047813927533,11.455530947944204,3.627453581915095e-07,3.1963719345889805,-0.010404675507658057,0.004042651040001135,0.0329304635103988
1662,10.249504107631733,12.941003375606432,10.618689996419732,2.2683383564407457e-06,3.7285176322734954,-0.014517603155135318,0.0016191615109327493,0.018428006306665683
1663,10.264055194959097,12.887446444587232,10.93521647956288,5.467812127339262e-07,4.243970279562584,-0.01635865760585979,0.005515314416160376,0.05137937509361758
1664,10.067508882494472,12.7885239359897,10.290041254916051,-9.91095769843433e-07,3.199703411588972,-0.011350583751355732,0.0018028793394757833,0.0657837603396863
1665,10.199280628102397,12.799649309354402,10.886241345897751,1.5597750725952351e-06,4.067281732485887,-0.014522280979120476,0.004370086725375276,0.045177446178026714
1666,9.647799927114402,11.98799297767306,10.022141455477623,-4.68200105236279e-06,4.4006555494169435,-0.0129778170521897,0.005700892996429431,0.07577447202625458
1667,9.617905008850745,11.90466454408218,10.09810972797814,-4.997310634529915e-06,4.429815433456578,-0.011841722422229368,0.005981496797645935,0.07479276386074744
1668,10.185655001489009,12.87164878867449,9.450490972342642,-1.6889569022096783e-06,3.858947157196479,-0.017150389611492005,0.00015954154900893556,0.0317068676394593
1669,9.585312219405436,12.025096500347846,11.218497132138904,3.404596980164736e-07,3.934754777051556,-0.01385643381421,0.0020193399360355913,0.03158042336945215
1670,10.181111554792608,12.731517335553454,10.198776397517369,-1.3450878429761928e-06,4.210187874366618,-0.014804445287726025,0.0046899635573420285,0.031513983458463575
1671,10.174675487731085,12.720379370816016,10.21260697599834,-1.3246931315186986e-06,4.210108481561264,-0.014606049134232808,0.004672086100962394,0.03150979480154301
1672,9.742430954779831,12.119421562648316,9.368044999454169,-4.366087300127221e-06,4.364988638675824,-0.014928750044749986,0.0032308467830475434,0.06924572655985625
1673,10.188606070792462,12.904797645572394,11.28741873611144,-5.342384071996009e-07,3.4220332367312,-0.011974395650487614,0.0037061339573130144,0.018737240889584898
1674,10.07681601816564,12.80665448486158,10.515614504216195,6.241427834722132e-07,3.2567999417247817,-0.012194455187736736,0.0007348258573440832,0.026753098295366727
1675,10.03891502404952,12.751436459978931,10.437616217471325,4.7431561285642124e-07,3.1106099218637153,-0.011382574648298832,0.0007672501261851022,0.03344587179316902
1676,9.993072460387022,12.560563583147331,9.480164491499021,1.6484129816941894e-06,3.7833403288136127,-0.015554778455433469,-0.001941859540099212,0.016958968481807647
1677,10.356186214041186,13.277108537259126,8.661759129434477,-1.775815491279494e-06,2.8430493875853555,-0.008860702282882976,0.006422628620134335,0.1346160258634614
1678,9.35557763979176,11.642673508715546,10.665069330150171,7.206953511228901e-06,3.424752780125785,-0.006452882818109986,0.0006305331395492454,0.04164697713453099
1679,10.364519830606412,13.29703836193272,8.66971613008001,-1.8708568158349016e-06,2.840782209889767,-0.009025675774457172,0.006493062154499655,0.1333638272996244
1680,10.107931616815485,12.606226244636812,9.39606056855703,5.508945683509479e-06,4.794313829577622,-0.02206979602853547,-0.0014477686326453516,0.042580302639352904
1681,10.355610706082873,13.290096084958668,8.678586357249959,-1.8310993864661492e-06,2.848474075932848,-0.008982543152507058,0.006434421952210168,0.1322706284977463
1682,9.89365741184168,12.535758265787408,9.709432363145634,1.6632754988603774e-06,3.2751830814841307,-0.012120685674730815,0.00043059628321280314,0.06516140093829453
1683,10.389632820160209,13.341505771157786,8.596657242518505,-2.1902074433875313e-06,2.7977881615859097,-0.008832804901860596,0.006960954842174442,0.1400725087656861
1684,10.128414915580304,12.601969019802564,9.441407046127646,5.60022700110663e-06,4.956903793979352,-0.022935817990081753,-0.0014822729006938177,0.04262165596483653
1685,9.875765409023293,12.505069677545274,9.741473978653381,1.2488819221101535e-06,3.3634895884204306,-0.012230428446955632,0.0010609240333277034,0.06580665629764118
1686,9.809976705525424,12.476891201303657,8.936974954287859,-3.183169582303363e-06,2.99851234411123,-0.011218308122473906,-0.0008343792361591544,0.039000995201224006
1687,9.296187713824256,11.521462516774733,10.791061890044928,8.19909966073399e-06,3.7968123842501784,-0.007480740463032969,0.0012343624132744088,0.03974817293456091
1688,9.782372633759781,12.338656950878889,9.62809520330334,5.180585380145519e-07,3.247218805755846,-0.00883655889223538,0.002436472460599761,0.04639317677404027
1689,10.35672944497199,13.289963387260274,8.674822059382347,-1.8937774544299835e-06,2.8457703796179503,-0.009389616485406115,0.006467500977769172,0.1320851686190603
1690,10.022750283827015,12.574943991725556,9.478236049009444,2.467855082743389e-06,4.023611309706142,-0.016433251802892387,-0.001912931284801212,0.021980151587669184
1691,9.94081029876064,12.460646945810586,9.535431051695134,2.6492313162915556e-06,4.24558707782659,-0.016952840106245856,0.002502501035991778,0.04571652127546118
1692,10.043758436928282,12.631300936463234,9.220534975332125,-3.3509351763492453e-07,3.8112921429171673,-0.013348064210367008,0.0026418411731031453,0.04303752888629784
1693,10.005513033598458,12.59327591405542,9.19851881148936,-6.674941549729805e-08,3.8032123796269057,-0.013486927177697786,0.002672090417063013,0.04310176707554496
1694,10.026127782668272,12.630764606399753,9.358894350941524,1.7173240424405273e-06,3.9584427140459377,-0.015401396236833507,0.003315841373429515,0.06343331971329272
1695,9.933247387807924,12.448636280120311,9.546474305990142,2.8590536217588793e-06,4.270897798410667,-0.017152985343747942,0.002364449056208792,0.04555558689477982
1696,10.110149694194911,12.633956656719842,9.460406331993644,4.141078953424392e-06,4.645838762514288,-0.0215966215841104,-0.002013228509978567,0.0282607733464928
1697,9.957480375815814,12.488963872835926,9.670008398407305,1.998136726397819e-06,4.138583406385452,-0.01579156313945796,0.0019846104541046887,0.04396162010214487
1698,10.376808064787324,13.308214755071536,8.667266783773222,-2.034344143186892e-06,2.8030963028524125,-0.008920607546637333,0.006522593667917871,0.1359394536791242
1699,10.214143762939836,12.99306036312998,10.409251296297075,4.137829316214257e-06,3.255385712000143,-0.009235662107287093,0.00813485356069778,0.02493396613493667
1700,10.163297063882489,12.845299278490598,9.279020825173285,-6.030571255248153e-09,3.8659091707688784,-0.015137498912573249,0.004362727099797107,0.08532697711093766
1701,10.536134359272372,13.462894782237171,9.229778714935028,3.225362554535915e-07,3.2377669635815627,-0.01371410793895868,0.0007651916082771261,0.1080561469247201
1702,10.420450221933416,13.108499140065446,9.142242326782974,-3.0422503552707187e-07,4.075771906377575,-0.014991455254425823,0.006249469800088474,0.1029705035291203
1703,9.76672236417843,12.054295301203013,9.564046536550554,-1.7902937127067546e-06,5.279977052500451,-0.020223252531034547,0.0023355898541160495,0.1095100485847959
1704,9.896875460418476,12.560988966855346,9.003508093451943,-5.6208289400383545e-06,3.4498802438022844,-0.0131917924253501,0.0026206652997040384,0.1258801935080689
1705,9.911284997071181,12.570768531310998,8.220211712229622,-1.1659524527626306e-06,3.2945922225527746,-0.012914813556637829,0.0007767405955170156,0.03105180699698149
1706,9.909357823352277,12.35761719639957,10.296482176715662,9.133023114496097e-07,4.3598654750511505,-0.012800305132624756,0.007826985558298504,0.08151155037644071
1707,9.911095246710131,12.361149487860484,10.34914234540216,1.0238395420587912e-06,4.354667794279171,-0.013064063456280936,0.008085889814141985,0.08390186754682791
1708,9.87603155560475,12.496229743366603,9.583921191583304,-4.881389082175158e-07,3.2653735659009184,-0.012179602197203728,5.7826162709193095e-05,0.021489460056971083
1709,9.866871511572487,12.529461736216213,9.640049632704368,-1.5788282232165457e-06,2.971603559659499,-0.008409411020257152,0.003268201224271849,0.08282712156420163
1710,9.91061319230296,12.386489105491329,10.35042945866542,9.574567845690637e-07,4.159175073417405,-0.012196858209858129,0.007206268188033488,0.0789710883596004
1711,9.790172968438528,12.353410999586767,9.858092942930407,2.6309922782189547e-06,3.631410835968664,-0.013629221171763732,0.001468991133006082,0.027509165627064465
1712,10.010936027865707,12.781055556796298,9.039480359950941,-1.2518121902314636e-06,2.987875798607491,-0.011726459627421268,0.0005004048869741489,0.017223731016131505
1713,9.701810525601639,11.962392449298786,9.088931589203384,-3.995426583974259e-06,4.645392569724226,-0.012784899624031495,0.005121232801259866,0.03195649034012974
1714,10.264185095591955,12.955456929731056,11.276998257391886,-4.212734905205809e-06,3.6194491512011697,-0.01379914188621724,0.001475374538124517,0.03663944154722145
1715,9.804043200660216,12.297200724792203,9.85371971468599,3.3183575738949263e-06,3.9361168844521504,-0.01459249927037294,0.0023899596117035854,0.03912610900838741
1716,9.956985118626488,12.58187320490732,9.572106447073638,3.0639442435979973e-07,3.621082540226832,-0.013535682047256616,0.0019794910305821877,0.0641093855278796
1717,9.78608739696595,12.290138878712556,9.944910126640327,2.404577754827758e-06,3.858016410605305,-0.013944852209345052,0.0023042138767920854,0.04528324849205224
1718,9.93627228930391,12.554403236515366,9.655244462611309,4.718297478205241e-08,3.6158900103289793,-0.01337823234788442,0.001627610665221137,0.06160740069004737
1719,9.603945009643615,12.02490956504962,9.619957983329213,-1.5916294708175948e-06,3.6191144081371576,-0.011670736457619575,0.00011624840307484022,0.07746332899817804
1720,9.786845744586302,12.370824610923917,9.105266561614656,1.991881869931575e-07,3.2255651811605315,-0.00951615865132737,0.0032993549223604727,0.09296255718487732
1721,9.859604522668082,12.419041485976884,8.978337751709656,-4.172382427278632e-06,3.606398817886858,-0.010932523471690145,0.0038422814826066984,0.014490356470039769
1722,9.781319529005467,12.29026182067988,8.922473030315594,-1.3919183450622405e-07,3.777788676778744,-0.01473820421721604,-0.0010268104368362024,0.00982379859228925
1723,9.867120891216192,12.4755443789838,9.03563724974352,-3.17194686732833e-06,3.4767671389766672,-0.01201969260213484,0.0029630090214352884,0.027138720512509262
1724,9.718298574344471,12.1997814111253,8.907783482090501,-2.7534297547452826e-06,3.4859712727926606,-0.009180204075220853,0.0019792357195832343,0.06416568154681053
1725,9.680526323835139,12.192543300073844,9.877946186233606,-2.5612138369796384e-06,3.797838418256053,-0.01571918386075917,-0.0015347454403987187,0.025743111627515452
1726,9.856851452002733,12.477642075329692,9.02314464145559,-3.118469011037983e-06,3.482462979327046,-0.01285789317470648,0.0028115181789368972,0.02666163084576637
1727,9.9202645999343,12.525199003462848,9.258005008424986,7.957473286741794e-08,3.2030470847750143,-0.01027854979024134,0.0006094872472458255,0.03780797013654358
1728,9.822103174586147,12.187087064416602,9.252792650458877,-2.4950364056865766e-06,4.808154548369246,-0.019060882371902316,0.001790115929301876,0.09911698890894008
1729,9.874672351845044,12.500435465428136,9.081650557514278,-2.312810879370243e-06,3.50150563774712,-0.013460320241504417,0.002017770114454636,0.03258433808000953
1730,9.454053832721845,11.771777285696682,10.390647881391628,4.374538949397808e-07,4.119142567941103,-0.012495402059002047,0.001211958577106978,0.04868784207017176
1731,9.788428565716691,12.238483850416372,9.84851742384699,1.4909279049077756e-07,3.6974729885441544,-0.010325263840042237,0.002215899174905578,0.036656754720011
1732,9.35271806593263,11.480899490149309,10.303986460972787,-3.03973235688226e-06,5.400386944484573,-0.01929617060095319,0.0012288679875639436,0.03795288732327032
1733,9.810836593664183,12.161921519256476,9.988106257822805,1.8714665080783504e-06,4.659020693521992,-0.016241943140016406,0.0013035202696191558,0.05072113853990803
1734,10.118547337242346,12.855910578544805,8.751004472438352,2.5930408071004987e-06,3.1588125254999433,-0.011665085497330197,0.001780984504010531,0.050042215315645094
1735,9.332437971464932,11.40932421518972,10.69541416700912,-3.191348955674913e-06,5.68132429026445,-0.020435921452466407,0.0010854476208123833,0.031375573088932185
1736,9.551032982361308,11.901591463295333,9.997247046210305,1.1102987174617402e-06,3.7796658924473663,-0.01015248819496993,-0.000366247909600533,0.045718324214552075
1737,9.653069007528213,11.879673842867708,10.004598035704502,-8.834571804227125e-07,5.0453923518692685,-0.016427727018744887,0.0020531652383314635,0.04805594655621597
1738,9.524490417542278,11.637263116791049,10.513168183061476,-4.138883346787991e-06,5.408016275778254,-0.016941662793165585,0.0016782705054005358,0.03575854336166739
1739,9.245345777021754,11.377755118153004,9.764376527987336,3.656717265716955e-07,4.3740083296332255,-0.00944150942600483,-3.397606304828666e-05,0.022463755853188
1740,9.529251080729194,11.641312643204987,10.504778249523602,-4.064184733220902e-06,5.379048423429516,-0.01701758780963064,0.0016263338407170955,0.0366631695322277
1741,9.303202286115049,11.508611967372428,9.815068806682076,1.0740798314620232e-06,4.08037454525372,-0.00880496905975291,0.00024725038532378944,0.01443861366111121
1742,9.811206493903374,12.108714596048134,10.487570637889606,-4.791236052541154e-06,4.875032197028865,-0.018366687038390873,-0.0010206166586043655,0.031912079890533775
1743,9.65383831976984,11.838490668197007,10.414435544087992,-3.0292685433860353e-07,5.226317200999199,-0.016875395750335857,0.003137028599135093,0.04778499537831583
1744,9.712434661753308,12.049183230259096,10.294567629466268,-6.972972910400921e-06,4.619245909747517,-0.01845555588282118,-0.0024401431939401965,0.03160530041340102
1745,9.718816241544499,12.17704104206596,9.484640839856581,3.7333121238110217e-07,4.14884474217241,-0.01625589135755104,0.0008119727482654384,0.048272876962364805
1746,9.595876011816813,11.714476409703003,10.548840826064923,-2.6427497578080077e-06,5.421932015488141,-0.016944302317943995,0.0024092844047822045,0.04042198236148004
1747,9.48483086227274,11.785284104188314,8.313219538186702,-3.2410937566377336e-06,4.24177975057898,-0.01265774777357014,0.0023155159757302854,0.07048221618735392
1748,9.543811516119076,11.684427591072543,10.561563224000306,-3.695550840930082e-06,5.301104582033841,-0.016449023659929334,0.0016792525669873746,0.03501572820799009
1749,9.710636661089044,11.981262759837048,10.519952146535536,-4.248890890195275e-06,4.86388625008796,-0.017188882291365264,-0.0003769440791691462,0.03353268277359714
1750,9.887068543701645,12.375908187407736,9.926066147841397,1.1891668964705237e-07,4.252442314330437,-0.017775036434434427,-0.002654490489055427,0.020740731798423184
1751,9.284443337582289,11.530661725346784,9.763437240186365,4.205848983272557e-06,3.6063203880166297,-0.007023916905428015,-0.0020416684202868786,0.1243817902728572
1752,9.894762422275402,12.231562235073245,10.140577915342975,3.96028487092118e-06,5.177273490041325,-0.020637339649973677,0.0004370259423808389,0.043387421910536274
1753,9.72857793501142,12.186336220881309,10.48300183157906,5.206557894596396e-06,4.0002215860139145,-0.015254700895528469,-0.001353424223007466,0.06233028142905607
1754,9.729718343475309,12.187922014113589,10.492235734072612,5.255804610377753e-06,3.9987697294784694,-0.015260776728018052,-0.0013672598089621594,0.06208322415409139
1755,9.649904476420204,12.010379462750818,10.61769782484106,7.107445800531109e-06,4.240807552103933,-0.016312550757545285,-0.0024751087833267326,0.05372483650008313
1756,9.768784995879168,12.250486855342954,10.288107655065168,4.771764243644159e-06,3.7581355560392895,-0.012680787748411087,-0.0005603402373290257,0.062270078106487235
1757,9.647918504961838,12.096147477649753,9.753901351520389,2.037018125702356e-06,4.053637098076575,-0.016259571618798672,-0.0007059854139186189,0.08823415360292569
1758,9.887760757847031,12.369737349439603,10.088107240992828,4.0870330956668185e-06,4.250622045967023,-0.01652505447381691,0.0013425611101544484,0.04588280908894321
1759,10.103458142730368,12.764087763067469,9.710115704781405,-3.2648309699322572e-06,3.497577074950097,-0.012842439305208867,0.001190293548309601,0.04828141709993443
1760,9.874126900869133,12.545243230308886,9.819268261955415,-1.8856659509730424e-06,2.8380785661049246,-0.007691778596487349,0.0025320342706551683,0.05003618082719579
1761,9.958342339497136,12.613068616277836,10.744507071917862,-1.455708740644439e-07,3.2298451357126514,-0.01103140425830352,0.0014316082228707531,0.04900093703857265
1762,9.848500176846875,12.606797039177398,8.413612288363757,-3.675363616678654e-07,2.78992744047473,-0.009531045638503623,0.003593565492003951,0.06564955528590777
1763,9.865261652797566,12.579776761566794,9.51595492777082,-2.99290988473066e-07,2.9620373845572354,-0.009725763984806497,0.003893161929252992,0.061897982386282344
1764,10.34203897523276,13.079830817419309,9.307096243935712,-3.3023287387629408e-06,3.70766863679722,-0.011470200856302248,0.008898029757100105,0.016877234154302485
1765,9.937729280539436,12.593110107060886,10.810184261272337,-9.394508618765502e-07,2.9983735919759624,-0.009240736815989576,0.0017105327263430056,0.044098939889229645
1766,10.28963392234298,12.983804159096506,9.85993008281035,-1.2150100449000246e-06,4.105049767294206,-0.018566131246470087,0.00016782277513486055,0.04189191112861328
1767,9.863575885890574,12.47603667512155,9.62663385221753,-2.1696650183533712e-06,3.342387401717277,-0.010837688063877374,0.0020376075678579047,0.05231699422628626
1768,10.05335774589963,12.938346866363004,9.745296413846862,2.856540798903337e-06,2.6159618945709093,-0.010049740043608093,0.002227649519161368,0.05445413967233027
1769,9.788029480887818,12.205881470467952,8.980127698619622,2.0945935381194493e-06,4.375967850764302,-0.01482609672970802,0.003490461778894426,0.03651978626031808
1770,9.821717310944821,12.24105860285182,9.197681585826928,1.5513989850526174e-06,4.354277031927051,-0.014968277998207637,0.0026546819625879194,0.03454387320784411
1771,9.823229758727223,12.240273335862431,9.193884000319342,1.5700430999422648e-06,4.370364016627578,-0.015087442373618911,0.0026514172400939947,0.03445745688438921
1772,9.777748557105971,12.26702370969968,9.360643304110013,-1.664911156744846e-07,3.4557491637906264,-0.009878795315118503,0.0009699196094159262,0.04549675308916419
1773,9.819803585457697,12.241210528921338,9.222549180374768,1.5019476292122896e-06,4.310646738919393,-0.014425383012811032,0.0024334955013336533,0.033058634738822895
1774,9.80364466046775,12.251128801915012,9.27560948432528,8.608785921529546e-07,3.9821669748574826,-0.012678434492106806,0.0018711415098728356,0.037837768871328586
1775,9.56122462668757,11.950977558322815,9.623039702361378,-2.7289751442369424e-07,3.9730336938481936,-0.013706826858539065,0.0015792437345031208,0.05741807058967356
1776,9.923435972637296,12.481374780053333,10.130724587000072,-1.0758788645158347e-06,3.892663072809482,-0.01486001008694289,0.00077449638400966,0.012436570752201996
1777,10.020071710689724,12.717367312073188,10.090139661207845,-2.889688717783532e-06,3.367363038815464,-0.013054070947674336,0.0001402636335373998,0.02200077790132836
1778,9.82232709488055,12.254582494621728,9.251460901844329,1.522237238284756e-06,4.261141794869786,-0.014280301967689578,0.002316600166239116,0.03504659985847392
1779,10.00605516323168,12.561610854013669,9.381958712789634,3.1709689260890087e-06,3.991863946970184,-0.016231960731420636,-0.00016684545431557333,0.03254068476338679
1780,9.921131908732622,12.549661895866793,10.019676639296293,-5.783485746614838e-07,3.4480676773520873,-0.0128178234271928,0.0021770046721843,0.03387637974743404
1781,9.687204177907335,12.185128838857803,9.454036598965997,1.37731191996327e-06,3.4808423818980745,-0.011856625405235056,0.0006949439259563471,0.0201091480932631
1782,9.654013014646445,11.930001074477776,9.530504375599733,2.578465846239557e-06,4.5728394467231395,-0.013462167680729196,0.002554498539328681,0.06633214991617614
1783,9.880572557358583,12.57404417939215,9.88081385163502,2.3278766100589605e-06,3.189830482585996,-0.012883708183089771,-0.0001986017416406024,0.08529345843958709
1784,9.782874573990656,12.16978609721383,9.208804684195123,1.414651210581642e-06,4.415424977624117,-0.015230452613780823,0.0026726846069862753,0.03267842307362807
1785,10.037821192716908,12.606289629796263,9.672097781288702,1.2167573309669512e-06,3.934048271685207,-0.01491468072685532,0.0022202806750554016,0.04692994098343688
1786,9.781955102089848,12.172386867592444,9.214724716257544,1.4115953027169438e-06,4.393455139007509,-0.015298019117092993,0.0026687283190446917,0.03298769899065247
1787,9.804523855476598,12.21733573790463,9.2990248394819,1.1854677793042814e-06,4.305995675663557,-0.014860059544404097,0.002488477802496085,0.03140195241795978
1788,9.776427985988654,12.148966335820978,9.21083240832214,1.409162659167715e-06,4.470039544459491,-0.015659274025238222,0.0028827502783372533,0.03331752005780161
1789,10.111499323325567,12.665956747882436,9.716558387727765,6.4985218890107e-07,4.059208061718547,-0.01508860835644888,0.0025516667921126994,0.03523762957116139
1790,9.957029316287821,12.372989622817022,9.93526583122758,2.6756578513866957e-06,5.013816581074721,-0.020156849135436517,0.003449089798366159,0.04260345331714857
1791,9.807689157061885,12.407967402050115,8.654967493333615,-2.43893330520994e-06,3.408806765224625,-0.011456120644090892,0.00264766523847345,0.03687729238497001
1792,9.780796817743404,12.148364273964066,9.424202836456885,8.101683684288061e-07,4.44120181464084,-0.014951091536492636,0.0024693268897646335,0.03386215139745321
1793,9.95815083216151,12.50454331794583,8.975623814513625,4.259373417930408e-06,4.297358060847898,-0.01671551951551846,0.004221979928354013,0.04980206457951519
1794,9.957980085707327,12.503246544935209,8.781368260468842,3.967183648288199e-06,4.297755605407126,-0.01777519798939041,0.00211583317894136,0.040298566901708605
1795,9.97630697777225,12.559264471880322,9.664769568997361,2.0224049090046174e-06,4.010578468318675,-0.015676573349211735,0.002265581475507008,0.039688130423456064
1796,9.812530900713114,12.170160535105152,9.76263386180931,4.242336647566173e-06,4.853650177789124,-0.020205490237983407,-0.0014962773456987995,0.0315831656671948
1797,9.881816285790382,12.45496138467728,8.717311415360463,7.207188463983242e-07,3.847257879361488,-0.014572842751287503,0.002385352776276328,0.0385647479007724
1798,9.927120818018318,12.432577256955229,8.989558755774713,4.025561562612642e-06,4.415697135410783,-0.01829082163530383,0.0013494687224709636,0.038449461320789274
1799,9.908041861084818,12.471995804687536,8.806057488999807,1.936462652034153e-06,4.001894760836119,-0.015308982985078611,0.003016346290411358,0.04242545198137296
1800,9.550372171396022,12.022305189545865,9.770450872132157,5.250354902479137e-07,2.9555326028309263,-0.005291106295053318,0.0014763632844758535,0.010895259437902993
1801,9.686299768586416,11.994321376959364,9.465844305622413,2.818796029283037e-06,4.56417215378598,-0.014889635797919468,0.003446008507129067,0.06587807986717786
1802,9.812008129687202,12.168844731189504,9.755900958753877,4.263433258230846e-06,4.860766477554983,-0.019902457048149115,-0.0014840566229414082,0.03191848683683195
1803,9.870965520457995,12.449894333551146,8.622731083093294,5.609457552138143e-07,3.8136993530454033,-0.014561766054225798,0.002445820305527132,0.03990116307553793
1804,9.714760941117413,12.228417276040028,9.03206962328726,9.148768677175127e-07,3.561320284299639,-0.013159112283321768,-0.00015218897516766422,0.02063366856243601
1805,9.714838615366927,11.946221475572369,10.402789679243288,4.464226736941677e-06,5.236460698947818,-0.021262879018984073,-0.0038759066059417167,0.02640552707675068
1806,9.874077595600982,12.431383498283466,8.79542601638516,8.942141869012337e-07,3.911641399647524,-0.014882896891462523,0.0020951705834621748,0.038001220797639325
1807,9.68651047515752,11.994619025799745,9.467556678035535,2.8114712981968974e-06,4.563689920682506,-0.01488421793880924,0.003440333500783124,0.06583771485086487
1808,9.795603865885605,12.239494559884506,9.712928048643825,6.965400895602117e-07,3.8984069407150943,-0.012445978520592014,0.0013352527017673633,0.007260517536712738
1809,10.045411157737712,12.512895778501132,9.840759036862188,1.7468456107617492e-06,4.698032851224752,-0.018406708257430415,0.003368356389170639,0.03684828827452424
1810,9.754042794667898,12.047288966982869,9.189379143425693,2.29022202620991e-06,4.792328843609783,-0.016321015785876577,0.0030118178618073086,0.03429839918841101
1811,9.782631360525034,12.263879126560097,9.561454915316085,3.138948068572137e-06,3.356081861190008,-0.008265299241949298,0.0019145653394174388,0.07700389360477314
1812,9.728389865360878,12.073594927552332,9.24703185978256,2.2481767950237535e-06,4.487775369563881,-0.014637798666989292,0.0024647464155013597,0.03244362878320107
1813,9.645656625900823,11.962756210290737,9.635840888439471,3.1268023772611546e-06,4.425374220004564,-0.014015023409700612,0.0036995651315901335,0.08491750445494141
1814,9.758031789398425,12.050400071700723,9.172947770599258,2.2594329075431607e-06,4.805834072889071,-0.016405884469231958,0.002986506327445465,0.032435436907624134
1815,9.666934039891485,11.897069193768994,10.379499122044848,3.6031313937514903e-06,5.012987846678179,-0.019593978341991065,-0.003465076690191621,0.0181458290757336
1816,9.75936023673236,12.14938697298175,9.606744372866576,1.5841056406077418e-06,4.2848834337216735,-0.014015724426811288,0.0027334989331151485,0.05516728230870077
1817,9.759407679624365,12.048670668915705,9.148304879256647,2.3321235676042514e-06,4.827543057966285,-0.016601503396097513,0.003078616369614616,0.03273782325258602
1818,9.345753860744372,11.550203952803184,10.654258651146629,1.7040093239540464e-06,4.5838257533202285,-0.014442028130790052,-0.0006040446102225448,0.04309225850728879
1819,9.720254880722742,12.07735347705002,9.207103388210909,3.6489304796614743e-06,4.665179374126107,-0.017322956876429634,0.0020360559860352597,0.047539866563695514
1820,9.81182413842635,12.184798370148954,9.36594260095812,1.2165496317219764e-06,4.4920447199912825,-0.01526788391499493,0.002414346623139153,0.029352543013119743
1821,9.906347160412416,12.608798068013364,10.011289553516011,-8.337513869854525e-07,3.121790183783335,-0.012392674329725328,-0.00020659867319745904,0.05440834591116454
1822,10.074548913377368,12.490535878511484,9.833269825270628,1.7256062053164869e-06,4.71021686279318,-0.01687940743595324,0.004108093168412719,0.027750477276584355
1823,9.742599084999805,12.168768161771812,8.425981058754529,6.67429244229791e-06,4.141668054469516,-0.014069510793026967,0.0021623207309150183,0.038338957705920176
1824,9.979472998566102,12.668732040107471,9.28867867590905,1.4165660200601486e-06,3.218420384998822,-0.013394864118315144,-0.0034402796192380906,0.02906723116512253
1825,9.710654844311133,12.241529865488026,9.316314276806487,-3.3794218910188576e-06,3.734157222065982,-0.014222517002615289,0.0014784747337953383,0.021392887936806187
1826,9.720111583274036,12.275363417590528,8.145060067764657,-5.399454316654555e-06,3.330149597738977,-0.011150306982756337,0.0024084364383048676,0.055269340822180144
1827,9.726140746979507,12.25795803436042,9.41948683420508,-1.985925948861722e-06,3.189867219373682,-0.009024432794761813,3.212662517714741e-05,0.043441125796487456
1828,9.877240359344475,12.284218624774867,9.290079395537022,-4.476467300950712e-06,4.698700824224179,-0.018996481411156788,-0.0005992326345914904,0.07379310580054516
1829,9.767427653524194,12.305842595493983,11.449936890003896,-1.8570446671892823e-06,3.624616280570287,-0.012003801357946778,0.0030718433730369896,0.0474068124178772
1830,9.907618069462362,12.57547263048402,9.173971872512077,-6.6926088613147735e-06,3.294446012603883,-0.011464970085634718,0.0037147088152899455,0.02629765468453355
1831,9.895951267906845,12.315300945822454,9.270563319580791,-4.805770846146615e-06,4.68032855312739,-0.01924036544053416,-0.00047669852186232187,0.07510547934466258
1832,9.96875508402183,12.658680019109536,9.046675673030974,-4.87995771200539e-06,3.025415044108098,-0.008668746896998442,0.003450459506423206,0.04995318536049989
1833,9.58425372990597,11.812038600382028,9.260224077454327,4.7612727942514034e-06,4.796236750505089,-0.018170389031826793,-0.004283369491121422,0.06318777224575733
1834,10.00588756369001,12.532500827145295,9.359820070776836,-2.1743450085291395e-07,4.33420102560602,-0.01703920769458223,0.0034283508883707703,0.05267299055030012
1835,10.122310713664508,12.657112325357444,11.050069321355796,3.774979701620737e-06,4.516212537556478,-0.01784920604861863,0.004553769388011207,0.03027958680235985
1836,9.541090775103099,11.745472694608887,9.116069243031733,4.851197188136634e-06,4.821480479142269,-0.01836742793675368,-0.004992914973343835,0.06598098289804104
1837,9.58902584734295,11.81420848997528,9.294126150430525,4.59951783715254e-06,4.796712228530273,-0.017804658907376796,-0.004170227188889931,0.06225309125014661
1838,9.866237794662759,12.358789226823816,11.406042085399957,-6.784887114681285e-06,3.8516850692243434,-0.0121166999258521,0.0036371720110453553,0.039451795280722374
1839,9.410298798275516,11.589131428178478,9.952326622973235,6.283766652384006e-06,4.690777076241314,-0.014543649718478668,-0.00316131734700794,0.025715054890428683
1840,9.927963899480282,12.476136604707248,10.130307353280791,-5.698484771924385e-06,3.765391215322228,-0.012123333300121966,0.0029049658152529574,0.04374794602101531
1841,9.753297103648329,12.171631163544374,11.213771600425924,-4.819945997656291e-06,4.112792250207967,-0.013181104127512187,0.00275304124104474,0.04067842347876785
1842,9.899113630230303,12.40249390301048,9.999843250262929,1.0749881258120216e-06,4.286754516782427,-0.01739119710319703,0.00029614141801045414,0.04877834513488441
1843,9.926535218128752,12.480606742126092,10.13787593392368,-5.741444295435272e-06,3.7621159676176537,-0.012966090994384338,0.002897973137447875,0.044427681824217094
1844,9.957998541151227,12.426544407041169,9.326311122167834,-3.4078518233570035e-06,4.494604403041414,-0.018061867253333933,0.00015254427165117086,0.08077665103448922
1845,9.910137074616626,12.452308126050182,10.223333086764573,-9.512503878004845e-08,3.997410336138517,-0.015297003217276431,0.0014534186414736298,0.040947348835220145
1846,9.356608426484138,11.493148131119046,10.041683886164828,6.455205814791762e-06,4.910854914344921,-0.015269787353891666,-0.003117654115238444,0.036498632400171385
1847,10.053982588653437,12.60069604089515,10.526361977499828,-1.8577686191450657e-07,4.108173319436349,-0.014417541019075792,0.0036780354165799386,0.042836292342241955
1848,9.908545484157065,12.463655396996838,10.056161054199244,-6.037183500922287e-06,3.759543957046133,-0.0132674279650645,0.0028779795830309934,0.04425888056263664
1849,9.342792439406486,11.480814591416712,10.04586256848394,6.569020730436837e-06,4.940429687396067,-0.016213314290583015,-0.003141109371409219,0.03637962433110697
1850,9.705451962669924,12.108443030053234,11.432188144944591,-2.1013703691791427e-06,3.785056999803998,-0.010130342450867025,0.0021436135580992343,0.038529463433843635
1851,9.887852596845816,12.271527749128412,9.040897775408839,-4.558003261143899e-06,4.923472477969765,-0.02090180173366468,-0.0013703161059030614,0.08322900129628116
1852,9.137600051252775,11.100051533818696,10.231798967205195,9.104294713439848e-06,5.359103818917603,-0.01616999578501304,-0.004064131362988894,0.04049282512427741
1853,9.896593891426413,12.300981336579303,9.320350262638486,-4.865642106000128e-06,4.6705983632532755,-0.018231291401327974,-0.0004100641176719168,0.07263758824827501
1854,9.757199341655095,12.193148698542185,11.053031465995684,-2.98238347112294e-06,4.182752241439532,-0.014965586490040568,0.0019900696320155325,0.04167627360267642
1855,9.467678188696542,11.577359467176732,9.642499700351564,3.4783679413541352e-06,5.465712024878723,-0.021439547353974627,-0.004148108156194836,0.07043835213193943
1856,9.840216175443024,12.399860039579709,10.281509972013458,2.0673146672613067e-06,3.7437862350297246,-0.015922400161106576,-0.0032306494121961604,0.017912979063591718
1857,9.914248709196613,12.441363099784398,10.18778287036888,-5.57787852776352e-06,3.841077452899224,-0.01247249691353818,0.0026541509204833233,0.044207983903277834
1858,9.828874090145112,12.302469709557355,10.665098004973704,-4.13641815975497e-06,4.028745332150857,-0.013517990258508104,0.002281433090161425,0.04270539760930266
1859,10.015405659037931,12.743942316454923,10.074153776034043,-1.5711560178484489e-06,3.4409949954757115,-0.014339801874287048,0.0016150753914974771,0.03378439553672864
1860,9.897408686351111,12.355485026904272,9.606662068963471,-2.095541683460725e-06,4.49894451136265,-0.01838815061954528,-0.00012052453936801945,0.06297225517317072
1861,9.898847606922216,12.39070578480048,9.641766345408493,-2.023272370293712e-06,4.399648567006537,-0.018464312114600305,-0.00032077470706321377,0.05823468543418853
1862,9.884617255319085,12.41642119388094,10.26171780879568,3.851440265005338e-06,4.178838314354695,-0.01730701835243037,0.0004768597898033222,0.03899047169736208
1863,9.646413045167117,11.795330924438252,10.912122999532007,-1.4023623754381025e-06,5.816516732349756,-0.024215766746029755,-0.002443947251288168,0.03963749991386183
1864,9.836145754461741,12.399230473139726,9.691588865585645,-4.355369651517869e-06,3.37921251517632,-0.01070559854731924,0.0017077467665865828,0.023194730360621137
1865,9.912401107226602,12.444960280883487,10.199695542896151,-5.721302041982415e-06,3.852805667851908,-0.013006940196009946,0.002765104925015745,0.044003248635856154
1866,9.900587476725152,12.50856291572031,9.793804094417334,5.230787539881381e-09,3.53020270093754,-0.014245211248832532,7.377793291046906e-05,0.024870867317336978
1867,9.512777172995493,11.737782182994913,10.039376020208602,2.1551213889550737e-06,4.727691517088621,-0.016779428273551347,-0.0021304539766729544,0.055020448331924696
1868,9.918377716073387,12.4100170988097,9.734517306062592,-1.5962599564476284e-06,4.412463413659643,-0.01818939658436205,3.209012139437917e-05,0.05644228751150922
1869,9.933563047762815,12.427712678699912,9.782724963588253,-2.2282120867120177e-06,4.388903324079488,-0.017591248365000985,0.000675109786638043,0.05608537960156243
1870,9.669017300984814,11.823132647849947,10.9897309118578,-1.911547217586727e-06,5.810736274079238,-0.024250696922237178,-0.002205506910712303,0.039703948413256085
1871,10.069221615766253,12.651555007272767,10.15189363645976,-6.870528683839327e-06,3.956633753855407,-0.01240299857181996,0.00642558691564454,0.06023920672265271
1872,9.841225635077992,12.346043730500568,10.427035069920445,-7.612028108618909e-06,4.2549631534192995,-0.017060522357182997,0.0019770653327712746,0.04639248900643422
1873,9.840745207735045,12.337090000476342,9.33161555562999,-4.673112538365593e-06,4.313550138831952,-0.018732112942592354,-0.0008429958893532448,0.06505071238120935
1874,9.781198441555741,12.013612120999834,10.95222814263206,-6.596006111036025e-07,5.519225576983239,-0.02207519740348822,-0.0007087805888474769,0.03867111217494445
1875,9.730799807968975,12.067744702003711,11.27773417486903,-2.6645177086911975e-06,4.78036911645124,-0.01886486448109449,-0.0006450735093770058,0.03228175038802811
1876,9.663457902898038,11.873170910702305,10.252451288547851,1.174026761442166e-06,5.047755815975499,-0.0186958799792611,-0.00259015240415676,0.04504943438678355
1877,9.71451563364234,12.052694950307997,11.112140573220032,-2.049149315092701e-06,4.540110170601191,-0.017244845845372073,0.00018676338841390296,0.02700738512901842
1878,9.4233041825872,11.828202641917752,10.440836771883513,7.798722984810134e-06,3.4233945272307404,-0.010124299117610851,0.00017717444934108907,0.06017539707069241
1879,9.800593087222872,12.036746103074629,11.067497906858978,-9.616423172271638e-07,5.596887774402736,-0.02263185074299936,-0.0003988742461210112,0.037620451963434325
1880,10.482190893416853,13.299308082757957,9.32970334082164,-3.2435736070974823e-06,3.587418931078827,-0.015136460985469174,0.0016627220572014167,0.01798887331468827
1881,10.109725314763274,12.584122953651177,10.522481456997724,2.2201162870536522e-07,4.516948265565684,-0.015455248373554806,0.006926248024358485,0.07582370151314761
1882,9.526889908696855,11.738423540351633,10.008144430870273,3.0632088556044505e-06,4.916021330414768,-0.018117553788856447,-0.002604610132252663,0.04118960175526021
1883,9.277456037379613,11.389310672144404,9.90270187048471,6.394183320231953e-06,5.004198879662033,-0.0178653346491501,-0.003788471936821652,0.03292327290880969
1884,9.827724162011087,12.069108117240429,11.228748215203638,-1.3841669798914562e-06,5.705529041821009,-0.023410550371989268,3.465221814964595e-05,0.03615068854188384
1885,10.051664059448926,12.512814139501735,10.697238272429198,3.5040869796498237e-06,4.480460602563377,-0.015971278790222487,0.003303303373028023,0.04582735910567706
1886,10.139193147412056,12.796051558737688,10.235806982970098,8.886632671782476e-06,4.006391572984184,-0.016625594004470633,0.0018054496549948704,0.028895792172143456
1887,9.40592380106575,11.543992230441765,10.080330626678103,4.292235378337818e-06,5.185451772055183,-0.019017553395180416,-0.0034824514410698275,0.04142020081021274
1888,9.578709538811397,11.733653040430466,10.26729625281822,2.380675368688496e-06,5.230787055014464,-0.018915522291870435,-0.002598552917611503,0.04088885114141131
1889,9.828480822321996,12.056842628434955,11.502020635568284,-1.2030014259727203e-06,5.861645865397659,-0.025200207946657702,-0.00026632694582049733,0.038402808918130936
1890,9.8401234285476,12.127098187043403,10.371312881891887,-4.9887036305244295e-06,4.963681276107445,-0.01682084897708756,0.00338385101870185,0.02653174708262926
1891,10.545683863818743,13.39288564438942,9.718531877488887,-6.8240373963217395e-06,3.597070849949941,-0.014586390871415724,0.002650922725275069,0.01092564094075668
1892,9.798851508241844,12.157999105313646,10.128479338543109,-1.265636041549262e-06,4.822887464709561,-0.018402027404933543,0.0024948674191889167,0.03472757747836616
1893,9.689726501976004,11.874684875132406,10.62538798358034,2.671582271597851e-07,5.46806770910273,-0.02081311708652137,-0.001697974495873873,0.034756711924941494
1894,9.798197166391295,12.168097826484749,10.096306647051971,-8.616087997447197e-07,4.768379282906951,-0.01837916436485503,0.0023846184978523538,0.03487925623203351
1895,9.662191277482973,12.041833603200413,10.043386217167694,1.7283391568985863e-06,4.637634753373336,-0.01977110745838177,-0.0016226611011095175,0.03710079962516188
1896,10.59903379088191,13.48519040308246,9.680424417252794,-7.5552005437435264e-06,3.4417626969730666,-0.013790288608219813,0.0028260846020997806,0.01059506954121328
1897,9.571145846213959,11.724692335876307,10.24690995978588,2.510062193720227e-06,5.216069042750587,-0.018815505376732735,-0.002652287404915559,0.04112171564836275
1898,9.587994819581224,11.760359352117623,10.239493049643404,2.625292621992638e-06,5.179824598687367,-0.01885081351248756,-0.002538487723748914,0.04097627555286036
1899,9.503957710735325,11.69787420588766,10.0535822328955,2.6629229438953365e-06,5.230782970768243,-0.02073633690998425,-0.0033174279099775434,0.04188733869822367
1900,9.542942513415314,11.715138665772637,10.18683468883437,1.2545682846489852e-06,5.159539967570122,-0.018352722788119735,-0.0013179703611407405,0.03670040748038812
1901,9.728899127708242,12.022250062127153,10.622578078256234,1.2822077406762015e-06,4.587064878400674,-0.01636290969170684,-0.0016465859721569052,0.04238906030088371
1902,9.743637014578058,12.025262575638594,10.358732925796351,3.828702823747895e-06,4.858029797377533,-0.017177576011303177,-0.00019818963343630697,0.03790666606510951
1903,9.477748867823912,11.636029357761396,9.921079222016202,4.683745907016701e-06,4.937700339146852,-0.01729860703237246,-0.0033213830095429925,0.04449331919878717
1904,9.469667207302189,11.601163833985252,10.216970253557438,4.064079566186981e-06,5.449441429311102,-0.01908182006823888,3.77084822176404e-06,0.03131274034837864
1905,9.815166878887135,12.062408250143948,10.537709886848736,-5.612382139185411e-06,5.380592177739915,-0.019833585184453367,0.003622800963567348,0.036007442145984433
1906,9.758106869772165,12.059409047111677,10.17707023597968,3.831650446344012e-06,4.909710980312308,-0.018852444313194505,-0.0017179412524350075,0.03286003445128616
1907,9.885015300632855,12.268677280171572,10.860613474972991,-9.554587557129419e-06,4.781459628038495,-0.01712696341488263,0.002865479002586964,0.02731949444082475
1908,9.856806747049248,12.19455548329432,10.572557688409807,1.257063160664302e-06,5.086109538717339,-0.019036966014304622,0.0034132793907747623,0.03554498360357994
1909,9.834836096828822,12.18593326351952,10.59034257755746,-4.261710162065191e-06,4.83216981884493,-0.017809213262817522,0.0010532087102471358,0.029510206944980945
1910,9.983711806758983,12.553395401272514,10.88598316616866,2.8034194800241926e-06,4.214518553658903,-0.018624807214239397,-0.0008418862428690114,0.03534440868693073
1911,10.169803255611972,12.975940491280967,10.699238206092016,6.705424824260723e-06,3.3244006291462345,-0.015531864052848643,-0.0018073777889165575,0.06045091570136449
1912,9.795137097734408,12.385483593143366,9.400975335749967,3.799718514842084e-07,2.8661092137332167,-0.007276897201586253,0.00044795316524041777,0.02575646956376046
1913,10.030574295660983,12.66138609252269,8.697446701464267,1.0851588093257293e-06,3.5401450260935174,-0.013283070280905834,0.0014912565927944822,0.051546127483820314
1914,9.977202193380432,12.463594136627938,9.51710867772962,-4.522759431431036e-06,4.099584201524092,-0.016931799104339597,-0.0037007292825249746,0.01862097429700744
1915,10.126211834298958,12.935839583732214,10.099050587307373,-2.9840316864063015e-06,2.777622959356595,-0.007651440056889116,0.006110258626238908,0.013515274144617413
1916,9.985911459628136,12.710083090034432,10.123901297679383,-1.4789608161642629e-06,2.7864803519261128,-0.007470772591325392,0.003880127746327681,0.038911779401907626
1917,9.726458380855094,12.509847008478546,9.35557703279902,3.1647217202128123e-06,1.9886725089502173,-0.003085494698507118,0.0038999309232974943,0.03279870013092989
1918,10.053253818861332,12.608104230473732,9.077966913269517,5.288497103680147e-06,4.0409175474299355,-0.01620056341307159,-0.0006973858001865559,0.07425971756336208
1919,10.06839149869562,12.656584623703113,9.45457041274492,3.1364568925936077e-06,3.8055856811259927,-0.014185499501058477,0.0007129534620147733,0.06627784413461824
1920,9.80706464405848,12.400994362204273,9.522823969421477,8.689998349790232e-07,3.6639483747746335,-0.015199601572937456,-0.00026296486387593744,0.1036046852835436
1921,9.715354292331797,12.254202985914857,9.636004282937538,2.5823850083931104e-06,3.70777639114132,-0.014324585800808354,0.0006195435953133704,0.08459204983642693
1922,9.617594781059887,12.121967684133065,9.663891227426788,4.678955840629563e-06,2.9821021087825432,-0.004847601329158818,0.0059328047049836095,0.05743165327863571
1923,9.707146925336339,12.278466929861349,9.503003082240847,3.1526045169682865e-06,2.5198682830405676,-0.0010621893755565909,0.007445511918928896,0.07225334090330997
1924,9.63419711957623,12.14721262089346,9.672608234853996,4.490278377294677e-06,2.9766898969643414,-0.004785738376459833,0.005790773948017427,0.056110458293602915
1925,9.72848593214066,12.088197079288872,8.97054639982406,4.6623402086020655e-06,4.565144051498613,-0.0180698921746442,-0.003629278056634564,0.1019537848815577
1926,9.834491006926484,12.379193151712428,9.56317866026807,3.936798262404831e-06,3.378312799581679,-0.009340435442135253,0.0034213267152528775,0.061687907450185875
1927,9.64660883550909,12.0887516288234,9.505858116575682,-2.259838143284596e-06,3.5009915367692543,-0.00894651947608609,0.002491305280028796,0.025163291910697883
1928,10.081394399829929,12.664926658661804,9.448803029400992,3.2167563901095415e-06,3.8545309564723462,-0.0146547852000108,0.0007284498737006457,0.06658622476538079
1929,9.724000810222133,12.141837915257229,9.225570002547768,4.66077557612698e-06,4.644333009337336,-0.021684289679187153,-0.004194891616350772,0.1153562992436161
1930,9.806934132957652,12.336895769070331,9.205601394726685,-1.2301947807415466e-06,3.3917809913349872,-0.011572669565096512,-0.0008900106571336309,0.0414899731271227
1931,9.886258762773267,12.63513428405684,9.832286834125973,-2.1552452203336796e-06,2.574403278953546,-0.008027893170552414,0.0012929577367958326,0.04834583529998176
1932,9.763374766370259,12.290459878251202,9.511684236675206,3.1466679675041877e-06,3.58091284571543,-0.012330765752018243,0.0021425892990644215,0.07588379329389008
1933,9.781812411548122,12.21371843406116,9.385247874445632,-9.212260973233602e-07,4.222150611037971,-0.015465003151775295,0.002280771776903159,0.019801575169988588
1934,9.765094888317567,12.213241425109429,9.271265559911631,2.762663357047355e-06,4.3399654721782905,-0.018753725111939363,-0.0032655582850508774,0.09368473486319863
1935,9.726904017581392,12.219475889966832,9.582096516003496,5.139411825797196e-06,3.5978471313626383,-0.01067327844976272,0.0014402546552396962,0.026853608573683907
1936,9.782537579941012,12.21312032007391,9.395467210240916,-9.319767550113633e-07,4.225190026704613,-0.015370181115821072,0.002282901796154553,0.019775664964056628
1937,9.68374471601238,12.20886522322532,9.88722238334072,4.722414056311431e-06,3.1396105754306833,-0.005304754531483399,0.006507583652146551,0.06232568578974266
1938,9.789360892291656,12.47991984432768,9.84207252771579,-4.312399129865467e-06,2.9380895534863707,-0.00969857995136486,0.0037975616485923583,0.07391546726662376
1939,9.783055233608366,12.332969497827657,9.673186768083273,2.817827024459027e-06,3.3269839310913865,-0.008903224778709593,0.003833115453669784,0.047254242998005555
1940,9.849435014893183,12.457036864257956,8.708395966971045,9.231497573529254e-07,3.471239104313513,-0.013753556864199127,-0.0008277961001124501,0.03339112733698055
1941,10.022589367813834,12.548362634122304,9.57341023684859,4.024433332476941e-06,4.240340258571482,-0.01660051205465828,0.0002993928822505468,0.007122244525483615
1942,9.710416850387176,11.974802946037814,11.058996789539258,2.543382102306196e-06,4.755175346815516,-0.014879099368353571,0.0036183050290473032,0.022396105903723908
1943,9.854594472419045,12.510476623113522,9.747036200393342,-2.8746422617753005e-06,3.0718426317804055,-0.01043245457456682,0.0017611606243037373,0.044964804313933245
1944,9.773454337503791,12.54283864778312,9.847671275066752,6.665839563222019e-06,1.946143823903817,1.3129092744940812e-06,0.009787783324634773,0.06561208838237079
1945,10.186123809292749,13.001715336974089,9.017740515440993,2.9715752062034324e-06,3.181331603935428,-0.011378456242375663,0.004765116890964463,0.02759882673278012
1946,9.812542000440269,12.537827980074235,8.924879948767513,-3.867753649749631e-06,2.7380481182249348,-0.00883394396739487,0.0036170274959183343,0.04755416288113096
1947,10.306265491658252,13.134938867354323,8.624009890465434,2.925709859294628e-06,3.356005993522774,-0.011978192453325431,0.005991034025574247,0.014472288860333473
1948,9.887087273496924,12.433550453917269,9.04542775396227,-1.9848009115984504e-06,3.7254170520687127,-0.013559644863830309,-0.00020125278446371444,0.05443286883004297
1949,9.948303873528259,12.511540651736397,8.78710467864235,-1.7621478224509496e-06,3.972561903660437,-0.016865839654895718,-0.0007519401998398864,0.06044215441815223
1950,10.440218924049372,13.263113235612517,8.733024441057681,3.2938088761319395e-06,3.584332588095741,-0.01188612780437763,0.008767236808673565,0.02858183971896408
1951,10.437750536987618,13.251973782231444,8.727007609028679,3.2565355762426186e-06,3.574154681123315,-0.011556651881557134,0.008688351297823051,0.02776009566023896
1952,9.842390762781408,12.570819664881734,9.704642580364535,3.210261923222414e-06,2.712094824455055,-0.00777531708183543,0.003878017491070944,0.03294731361225008
1953,9.911852430167674,12.414829841658069,9.262865887134916,-8.614557417283178e-06,4.469650836285458,-0.02068039359167524,-0.0027312544013608814,0.029015088101483177
1954,9.689750188493418,12.234799656232012,9.855692282873179,3.7718851296289465e-06,3.389604144332855,-0.009182429691363151,0.007315240931315289,0.06564280264736565
1955,9.498759346008033,11.664404830992394,9.881995781671183,-3.9980152920714075e-07,5.311732403182617,-0.016708846149779216,0.007538571724346367,0.04061220675291305
1956,9.520356644925736,11.703103032427393,9.864768454420073,-4.6981909030420764e-07,5.213323569542309,-0.01595899567662769,0.007207429581494746,0.040191243688127085
1957,9.48568013509138,11.71521993705664,9.497657399109386,-6.379568663017297e-08,4.62610721413964,-0.011803132865010064,0.005533892030882038,0.04177869532185663
1958,9.20308353401435,11.447852320783806,10.861562735441852,6.490483499394463e-06,3.147880240451544,0.0001152984527561518,0.004092059217125196,0.06954475397245162
1959,9.599899588338403,11.86217231891726,9.549748045289991,-3.720653174273173e-07,4.811704173025236,-0.014895912339497202,0.004988761697421824,0.06758391421152886
1960,9.623617961242616,11.885298083974623,10.025935525937726,-8.738194656554007e-07,4.657903863914755,-0.011363377611748006,0.007443125430965606,0.037846932292268015
1961,9.500414151665831,11.595399062504285,9.952834445150108,-4.551143761855703e-07,5.445244850088759,-0.01554818375648002,0.00720168220281869,0.041001947151970315
1962,9.03219886250127,11.17438709348219,11.201738001999043,8.948698170335236e-06,3.0180075461175293,0.00609712149140584,0.005184832998968023,0.07235767935124783
1963,9.961781682251923,12.60254640711821,10.154763612920268,-2.639556400901532e-06,3.338542424804113,-0.011365044688167607,0.000848904392295702,0.05310540269511626
1964,9.666728063741738,12.180770810729584,9.684074641489472,-1.9600991115943536e-06,3.0836713644079214,-0.006785723625295629,0.0026469878627806043,0.027096041920890983
1965,9.856060521520075,12.340976888335955,9.87695547988348,-5.167798425512055e-07,3.8763919388464054,-0.01294694708279899,0.0019427558384077753,0.060115968777398894
1966,9.58477851557559,11.947412517924162,8.75739162302213,5.85410870161114e-07,3.9253650573809136,-0.009964766235328009,0.0028139571209427044,0.0312716840024561
1967,9.138915267955545,11.34156302872004,10.67620955726066,7.902216242015718e-06,3.0128469849426267,0.002039920043742243,0.004445316451195499,0.05850168762067062
1968,9.631009153236928,11.957167049903768,10.852038267915905,1.2891769057792937e-06,3.9467853940818065,-0.007562886145436554,0.007775438642188664,0.06301520761210053
1969,9.622459862598577,12.018480335371478,8.49061041433584,7.318787365689178e-08,3.956358553302554,-0.012388797606682458,0.0024830514242363735,0.029743113463701808
1970,9.804206755825996,12.177921930422729,9.988649140475756,1.2129573876105538e-06,4.616649025426879,-0.01553132958105502,0.005497294830814903,0.040400328802065455
1971,9.592816357741775,12.195751502755105,10.272765723802,-3.803022898071088e-06,2.445866322933139,-0.004045606293117001,0.004245227038688268,0.05856807895332495
1972,9.813636419642327,12.222803489297847,10.077790605886063,7.52274906125995e-07,4.432911330298463,-0.014366469572528774,0.005504071718082467,0.04383815308711847
1973,9.596586919923533,12.202287895754534,10.224763101405692,-3.2547095550978594e-06,2.642128955160823,-0.005880265113051352,0.003845667242369585,0.0593566324799654
1974,9.505868480385224,11.594451595456237,9.96161832596512,-5.09008496197689e-07,5.4020684865778925,-0.014010874520765604,0.007098106287949964,0.04020209711137268
1975,9.056929222190298,11.132905863024828,11.632782982743697,9.09774996053892e-06,3.193013267648025,0.006845504990092278,0.004666663877115364,0.06981643453747143
1976,9.674476360708987,12.003071820060676,10.052315861059354,2.914628030108398e-06,4.215601970111212,-0.013271107538205344,0.0009408646887718306,0.05485975200800328
1977,9.177036273603719,11.308358151666628,11.58903817845756,4.818333237830402e-06,3.3455265388584574,0.003388682366657791,0.0063327996579084925,0.07478144636693443
1978,9.65624650135974,12.116375594073023,9.766458239998318,3.640609175285857e-07,3.91573266189404,-0.012362971300714964,0.005780242690026217,0.033804042723020795
1979,9.942103254721944,12.492469870118468,10.052640764780572,-2.6878845709543815e-06,3.9142408918258074,-0.013978938273297704,0.0034704872288231024,0.03163888298405918
1980,9.806435364416346,12.201361646595227,9.724052337659016,9.169585185808295e-07,4.199673818357196,-0.012059003730957533,0.0044233224431804155,0.040317122923140165
1981,9.589174605861253,11.888828833367608,10.276253184866803,2.621651371511621e-06,4.333877752041866,-0.011806404213367878,0.0028677106834519147,0.05982391984091985
1982,10.307177933964894,12.98014357312144,10.5224730626988,-6.256348761666415e-06,3.933899538604568,-0.016222756822072505,0.000234217958809858,0.03453378968763368
1983,10.142997678792108,12.82727379797728,9.885263728801663,-1.79583448502524e-06,3.5124780746580826,-0.01292699545488734,0.0024623661923563714,0.041922128446040555
1984,9.594125491968606,11.900914903625212,10.872545416090084,1.7156641859782567e-06,3.943076385353737,-0.007003187313730968,0.008425947040134977,0.06363152556172409
1985,9.558659874915733,11.777677146287155,9.89310583306147,-2.025105680173861e-07,4.8802785307238326,-0.013432365051934844,0.006635459840786135,0.03795600947666193
1986,10.314019889863063,12.877254871748756,10.478517757885207,-3.829696229734928e-06,4.401975256580064,-0.017933200531887176,0.0008778365740659984,0.04415293938968601
1987,9.730196961132053,12.176229923338177,9.833396964344354,8.921523965087999e-07,3.8234142116719543,-0.009933538444789647,0.004936163995701313,0.030782065675383673
1988,9.517406488371178,11.716386365902569,10.359376270907834,-2.306490248903277e-08,4.982301535632801,-0.013531716094539577,0.0077624541593873135,0.04587640968894728
1989,9.684430200484256,12.284379003041773,10.030470879910894,3.4673593384544165e-07,3.1346260382960205,-0.0105544873644948,0.0014029505497205616,0.02341256393579541
1990,9.212033081195154,11.218348005064408,10.951771755023229,-4.776294209706135e-06,5.605538884881833,-0.01576898804676429,0.004553276805406963,0.04985794228028473
1991,9.4907279502164,11.565321352303066,9.98039956553236,-3.953814259455144e-07,5.48961549533274,-0.013905840004747497,0.007221270214337928,0.03643343849385591
1992,9.83318619944835,12.301238008781286,9.490868924054327,3.5623263811240417e-06,3.747626048122372,-0.007762332029784034,0.008631937106433778,0.05368344604625474
1993,9.673795577157648,12.160685716833466,9.660157277617362,4.102252600162761e-06,3.1739330289758247,-0.007380881136177068,0.0018142880876159384,0.01916259729289039
1994,9.439843055618642,11.482470268137932,9.954168190183893,-1.6835477039007645e-07,5.571375229723605,-0.013780738681779677,0.007610957822670484,0.0362107583768446
1995,9.97405107537755,12.460871828178222,9.786200846261405,-2.8577895351693382e-06,4.254170218780382,-0.01521708584566199,0.002646992554798191,0.033559195101206224
1996,9.296413017857958,11.342067144720964,11.022207788028732,-4.931232469424593e-06,5.372654112431014,-0.013706539031173432,0.0055023964165389705,0.04925525830060694
1997,9.290540470943554,11.330927358446235,10.419514145554354,7.297643380637733e-07,5.372310784889768,-0.014597505579474956,0.0021641008074651017,0.051468939127771125
1998,10.51322860087756,13.243420560087747,10.707565199280648,-8.8287753259495e-06,4.001520449975143,-0.01791116858247611,-0.0011151241470980903,0.029453373458817052
1999,9.415882098583692,11.415106584586429,9.918285250899517,-6.091552095658871e-08,5.745473573131308,-0.014560649294235268,0.007651115444910987,0.03056353779515722
2000,9.212619495979448,11.21920781529258,10.952261263936547,-4.7773709832822454e-06,5.603920406852525,-0.01575465465612147,0.004559872896777115,0.04985375381072762
2001,9.785933403597983,12.322541496787183,9.430681013185318,3.164785820148524e-06,3.6337109429028103,-0.010277526417926706,0.008158441500634104,0.05219032425900312
2002,9.785545751641456,12.29269891903974,9.365606468592821,3.515862184132411e-06,3.6790000080559384,-0.008731494690122788,0.008243922776170937,0.04551223807427367
2003,9.210633385401415,11.217121825678806,10.956323714415676,-4.794092063874935e-06,5.607893451977395,-0.01592204640863265,0.004564858427057507,0.05028618740793617
2004,9.181279460167474,11.162436688637458,10.984032584382108,-5.336774554215365e-06,5.699121902027922,-0.01627910536422742,0.0043606736705837255,0.05142511319238978
2005,9.293668528791732,11.308730462913328,10.809227923925704,-3.0930985732199193e-06,5.765841586174118,-0.01824017278126338,0.002279474379058242,0.053496528219695395
2006,9.785040988619302,12.292087210872111,9.366644794352192,3.5063201033729363e-06,3.679707272403164,-0.008743775408072793,0.00823747200482181,0.04550225101063134
2007,9.422866004119578,11.49952231461655,10.539377917009787,2.8885932178907416e-06,5.255223339757189,-0.015465448177695792,0.0003063364912242552,0.05642923461290164
2008,9.714415724847084,12.204300907492089,8.950770687530717,3.913349397192646e-06,3.7501620232104695,-0.009739803283249847,0.008697872297335776,0.053225153352135034
2009,9.279812361806247,11.291761863050247,10.80745344490772,-3.158146057178696e-06,5.780120532656548,-0.019156563127822785,0.00234934856642005,0.055655156770673286
2010,9.315479328189964,11.296703464174945,10.771976961993266,-5.273685113404678e-06,5.466513101565007,-0.013129951694053246,0.0032306508506515083,0.03931940325027236
2011,9.308348457047831,11.365816784981169,10.711224402584902,-3.41752392608565e-06,5.581624340454008,-0.018273297062084044,0.0028669646108410124,0.05473389478282984
2012,9.453537404957713,11.507231529318066,10.32847489694201,1.0423252575033336e-07,5.435967203661342,-0.012348530434164588,0.007988085000277062,0.03831004721806179
2013,9.364567375330509,11.406494351537663,11.083090539532911,-1.5474725320502162e-06,5.478384411864043,-0.014728230001294498,0.0050170519043667115,0.05147773823667855
2014,9.321866314838257,11.395603382029083,10.809760640134533,-3.140911045007928e-06,5.527519559675927,-0.017778471850066882,0.002585837577460018,0.062393497191173056
2015,9.895561642601917,12.362771108994396,10.516147137752176,-3.849416675505424e-06,4.3047853336948645,-0.015850223264494617,0.0020401110181843497,0.036138485499187495
2016,9.402702294300253,11.4457769338723,9.979010238512219,-5.466928197573454e-07,5.4213488814652635,-0.012291976778135654,0.006780521842117694,0.035236966970824575
2017,9.39233906208497,11.500238341948366,10.644254917072088,-1.8802583726043315e-06,5.404448652950185,-0.01745846514911473,0.002722886391413843,0.05197266512565712
2018,9.769076722933685,12.29357066536747,9.373159605871317,3.623312611767824e-06,3.6467599531798154,-0.009250685692543071,0.008444869804597114,0.04705965672709965
2019,9.767254350422668,12.175164706362322,10.013054594428194,1.936372389193947e-06,4.1996951085417065,-0.013233060268357208,0.003887274922612124,0.034589973478384065
2020,9.34665546748257,11.3451439639223,10.59011904271115,1.5112085674710302e-06,5.6480005278056575,-0.016089829002242446,0.00040741819863799553,0.04862259940812613
2021,9.502285758216344,11.627328130387076,11.449002386525423,7.78938249833082e-07,4.845316933835182,-0.009288905780340877,0.009063697136736793,0.0517080301900376
2022,9.771446597389044,12.297008550985062,9.371079459830788,3.618496225324896e-06,3.6555728865308654,-0.009191493818193475,0.008469442642976388,0.046792557764756874
2023,9.287928937486289,11.297696783697775,10.803411742196571,-3.149082855399845e-06,5.7636390070104895,-0.017982121089738984,0.0023046734670751777,0.05519866706567424
2024,10.198468498527092,12.822225248142272,11.242024498914718,1.804355658705268e-06,4.069726216614851,-0.013011137539544004,0.008568183472270442,0.03280378918170433
2025,9.877200930405792,12.424153514282548,10.515517055727353,3.755279912465996e-06,3.6861921814898864,-0.009928620789517053,0.008693118740291361,0.05550439913705112
2026,9.853970513309227,12.261191805067948,10.70734389403868,-4.078832412616999e-06,4.400588279268852,-0.0148383202198748,0.0023926494106216,0.027560643528189904
2027,9.271147239775656,11.274362140941712,10.82043615964062,-3.2837745269455216e-06,5.785048261659765,-0.018066722474368583,0.0022546658348495305,0.05576790356438109
2028,9.505594720416335,11.609311596714468,11.510403176411812,9.93198700281678e-07,5.0819678020026045,-0.01080739110336658,0.009566551859120996,0.04577969950534421
2029,9.632150532375997,11.842739814471244,10.20353958710498,-1.428261004977908e-06,4.92706260460323,-0.013986627068977478,0.004437088344959857,0.04565580577499086
2030,9.593896087201875,11.711471299275171,11.168305097747131,3.4183244343058105e-07,5.1089259264820805,-0.010891610431415016,0.009534345109008274,0.04171217201586147
2031,9.59143752521178,11.708691831483986,10.450440972349776,-2.9302727969621275e-06,5.307741938538278,-0.015394790214411948,0.0032454329383919435,0.04523839115447226
2032,10.216569473136662,12.939195952365408,9.143400830305318,-1.7484297089190033e-06,3.3184669026182387,-0.010699917230874156,0.00478630902248269,0.015892745889420502
2033,9.593096532128031,11.712061596135468,10.45008857553666,-2.927295555848376e-06,5.302529757605427,-0.015384170446633635,0.0032415505072528102,0.045195964206308094
2034,9.730273911380372,12.117431913947962,10.455426695289429,-4.412952351938882e-06,4.358036840596555,-0.013799695063517149,0.004022865183901538,0.03500606585242775
2035,9.58276307506368,11.690837605558777,10.472934003331174,-3.082264919754229e-06,5.360359210493529,-0.0156244590895026,0.0031715752915666665,0.04697761938433023
2036,9.268875217128949,11.272148381336155,10.822687637679437,-3.2793274883307374e-06,5.786778175056391,-0.018052757884685897,0.00225525276974083,0.05554219310864997
2037,9.342955838927459,11.499555305751532,10.683138348145638,-2.9726053745096978e-06,4.788199861935922,-0.013868229687461122,0.0019889395315438717,0.09416240072219069
2038,9.899883316633245,12.389304852284452,9.686159386168178,-2.196656286189479e-06,4.117592533824018,-0.013315064165965469,0.003919923704952478,0.029767121464796223
2039,9.731474183779504,12.159415072903444,9.8539662845841,-1.4493425996518809e-06,3.7921906815254975,-0.00962733506727347,0.006248045797697098,0.016549212096584713
2040,9.177044828947542,11.161576711989415,10.1032455668975,5.996487018550158e-06,4.904020567138627,-0.006553439991542663,0.00378522178526858,0.04224188234368
2041,9.604636113698644,11.73864930760387,10.4820913225966,-5.933145749354773e-07,5.358886545915558,-0.016369995819389086,0.0032529165469686217,0.04427114952301653
2042,10.071944341433326,12.719594749537018,10.895742934854836,-4.879789911454709e-06,3.629204775355271,-0.014206487627234844,0.0017666140142737572,0.011954904300181668
2043,9.885052096962564,12.44601945659084,9.342616947259303,5.108735229573517e-06,3.490908388922097,-0.008269187655811139,0.00924203827837502,0.02749472339530192
2044,9.858029148996252,12.271436813113876,10.627908980034842,-3.935611270750839e-06,4.379321125560621,-0.014703685840089558,0.002515132459271734,0.027673891547273333
2045,9.87045217220966,12.23185371693285,9.971242334941637,1.3218997751389491e-06,4.527625585832645,-0.013888227994298388,0.005234118942021129,0.033476677935287955
2046,9.384105128457518,11.438550663281491,10.750995285305445,-2.628839688269635e-06,5.5818430156057675,-0.016496524528788324,0.002377766397234025,0.04921796028520774
2047,9.9244868549344,12.423959603143128,9.657101070314694,-2.26728076154178e-06,4.115927566235347,-0.013507086975890134,0.003942808541667265,0.028487619692278813
2048,9.780685433262391,12.176388282035248,10.053649256903364,3.5711181069611633e-06,4.274383816887703,-0.010690125561166136,0.009783792739664485,0.030780594889016303
2049,10.018642607479586,12.58918148936974,10.479229175208475,2.7262389526761975e-06,3.908183038118733,-0.010993591300295298,0.008678965060494469,0.03705068472765837
2050,9.723899490108247,12.0691574474054,10.111905280843258,3.3057901739408236e-06,4.455962521815515,-0.011164286068098894,0.008631739851318477,0.03255814021660746
2051,10.117031586957095,12.688625135832584,10.6827090586864,2.297341326417856e-06,3.7723990865137407,-0.010223654072877736,0.007729765995985352,0.011689704594557312
2052,10.133333541583692,12.710580973275125,10.279922399183569,-7.665588058634194e-06,4.257858143015135,-0.018540749153351445,-0.0017369069190195422,0.03830157389870237
2053,9.381775003102272,11.453072635660812,10.753158530563947,-3.9661424880496005e-06,5.470994795730356,-0.018634321437579923,-0.0010523501086770574,0.05944369741100487
2054,9.590409223520528,11.862150418994894,10.771810082436836,-5.3308638033996456e-06,4.365605170600734,-0.008749546752894223,0.008219696954536764,0.04740778549774765
2055,9.399314685469175,11.463980397717473,10.76110101415946,-2.541631275019166e-06,5.554327572645151,-0.016418158426926607,0.002498053383794656,0.04885474404456057
2056,9.159377408024419,11.183847991477752,10.808385159642327,-5.80265023863521e-06,5.444408080578743,-0.015941578224626423,0.003614553149630944,0.06387467184583841
2057,9.724630082798678,12.185463854985302,10.042691649284764,-2.4641947520066497e-07,4.157277280265849,-0.013918566410601258,0.006008229199842047,0.03804667927824093
2058,9.369853912162935,11.414233600105458,10.766383902437177,-2.5512028251485397e-06,5.640838769120724,-0.016295553641371086,0.002602514371457537,0.05184714575723555
2059,10.2163020111422,12.854615336131872,10.10901276523382,-8.00643272120336e-06,4.230564684391128,-0.02058641222341416,-0.0035870361536171624,0.03673274548643153
2060,9.384171987556945,11.458008925456042,10.752198979694167,-3.9412071583617885e-06,5.448810132727998,-0.018653129230784413,-0.0010293143529050354,0.05960045799414903
2061,9.638267719880407,12.027594216216883,11.163745273954634,-3.040113693789713e-06,3.8200357325732313,-0.00875853606094642,0.0066414807337906116,0.0889226376290031
2062,9.385954947969461,11.460528789228997,10.743345069156971,-3.94151022264385e-06,5.446273649899813,-0.018772965051531337,-0.0010089179482521103,0.0592346510027371
2063,9.553556452754112,11.619833971337757,9.38822789215118,2.3924419860388845e-06,5.517422894813637,-0.012874906779752155,0.009336013089804219,0.029806787963306512
2064,10.447350922189232,13.333915861197177,10.313094358523209,-3.3178195496777025e-06,3.0384749895623284,-0.011927061513792478,0.0010963751224026747,0.028003202240027645
2065,9.814294735453954,12.287876497310783,10.423545171058036,3.782198736326139e-06,4.034290360798167,-0.01200716280828146,0.00811935977503013,0.03495191073409533
2066,9.857276885471304,12.38596669018008,10.217712969194324,2.416713740014833e-06,4.004963410806545,-0.013182662137022058,0.006680406739991192,0.04237933415930424
2067,9.499530109234403,11.521012132979378,9.22953783578509,2.4197193772836952e-06,5.635313921341452,-0.012924514469334328,0.009376330947730301,0.029818196651997583
2068,9.914265156395,12.42105377974118,9.682724428456167,-2.290224967114891e-06,4.0706531657374185,-0.013379804644122344,0.003999984792082652,0.035155765247443516
2069,9.970518721113107,12.395929395005249,10.112488008367531,-4.496231008991229e-06,4.655802894789435,-0.01768454847797328,0.0013306617773245258,0.03659636315360125
2070,9.392170005930838,11.495594830293555,10.630680265636586,-5.720554143895966e-07,5.193027855935711,-0.014525568056208795,0.0012897146961119385,0.0530889856384796
2071,10.082866357044166,12.691330743581124,9.415238987590243,-4.471369358037756e-06,3.926748561708344,-0.01495288598758032,0.0037000489417701593,0.0239680702285401
2072,9.6693255442344,12.087172214480468,9.849047807463434,-1.7818512230486976e-06,3.5120339109287806,-0.00884101437722596,0.0012584491667409273,0.06323678216355022
2073,9.472981446894144,11.572789320957773,10.676958242785805,-2.870837695277146e-06,5.377758614808195,-0.01769320011121419,3.140455771359456e-05,0.05514544974918725
2074,9.674215447017886,12.359005188868808,10.63420157782856,-9.446231452172516e-07,2.643432744091615,-0.008399987882232111,0.0022672832205158306,0.045268155506660024
2075,9.377221363811936,11.512543294931865,10.395787969778718,-1.034563503109579e-06,4.633850148776643,-0.010737004941732749,0.0007609941306087934,0.039557089701999365
2076,9.304960862092285,11.611902479383414,8.568962901485675,3.1596376614876796e-06,3.666228001282714,-0.010169728403375024,-0.0024847056949815855,0.0302268290600136
2077,10.121172368266286,12.780586308147708,9.300082174141735,-1.9408881153216194e-06,3.423409958177631,-0.013335524735977933,-0.0013543225843462706,0.09878011725265216
2078,10.027535887297116,12.78690126613982,11.27275913482573,6.206377850277568e-07,2.8974705724954415,-0.007985888382921441,0.006089195103209368,0.06352337714204559
2079,9.826713116260649,12.29179531051463,9.931880151915184,-2.8756191946515417e-07,3.8082349587958895,-0.010285570414119694,0.004645290359816938,0.06395533411332825
2080,9.997487580207162,12.72792042891892,11.130320299154585,4.723171621686982e-07,3.0194552579896348,-0.008629158266105911,0.005604888728589721,0.062188058752004394
2081,9.819673143425938,12.420124127085396,9.993831025933739,-4.78793100678986e-06,3.0574774598332835,-0.010306447909556316,-0.002128244513949329,0.0468517942412527
2082,9.608883190953106,12.035047026933336,9.410541655978317,7.398335927442045e-06,3.4888892592361618,-0.010937765814500292,-0.0036469566699350174,0.03256942299461517
2083,9.824801154843755,12.29125942259532,9.93576765875499,-2.7776070175913064e-07,3.810497063016972,-0.010997857290645605,0.004654050687024703,0.06420907281229278
2084,9.663035351018566,12.027468365794489,10.57512466348514,-3.5337752530056826e-06,4.28078774936649,-0.016394654295131414,-0.0028994162301358077,0.04282797661468108
2085,9.815392546141716,12.288142946401084,9.989918529144962,-4.340033566027816e-07,3.7610063112099623,-0.010676143420498245,0.004077055769726459,0.062410065160300315
2086,9.260533925441782,11.241862944440042,10.322285782340504,9.632208823465014e-07,5.676579205438753,-0.015010357289111478,0.001214033454296181,0.035530494111107896
2087,9.666174223838478,12.032094648157582,10.572904611648662,-3.5202940908539637e-06,4.282511427645027,-0.016076065245055393,-0.002899212992402603,0.04317214022888899
2088,9.65041012892634,12.00953969382654,9.945577529072066,-4.609430366216493e-06,4.565101567428947,-0.018135395384394026,-0.0007921788352897997,0.06188801586880312
2089,9.84804097952139,12.437444348560764,10.787975595583047,-6.13090033754507e-06,3.307160515476949,-0.00924334614727264,0.0035074860388981787,0.06572670650697421
2090,9.797583909384842,12.247881583672644,9.80993069691855,-1.0952359420852431e-06,3.9717326007016664,-0.012398524280124126,0.004331064194876165,0.06768393684611765
2091,9.666293732393342,12.033046764821448,10.576787065768295,-3.5830192927853778e-06,4.287544530251644,-0.016205885587354016,-0.002899459106725241,0.04334041687506907
2092,9.42075926944941,11.611845618116009,10.442109939913054,-8.67666472024194e-07,4.923008432929658,-0.016411192460347036,0.0010799716734965531,0.08386758206486405
2093,9.850815508988399,12.462491967159956,10.55700990427713,-6.227567371490014e-06,3.4296697707375787,-0.011472701858378648,0.0026926685062984507,0.06554541175988332
2094,9.697185848605608,12.260436691542813,10.669614980824418,-2.808613281427931e-06,3.382803735621672,-0.01235221320397994,-0.00015664703075018345,0.04594805965531218
2095,9.267505409647704,11.251498680995835,10.139207660094616,1.6188824084477598e-06,5.83641356605423,-0.01824804274272705,0.0009657209007834056,0.03498824667687114
2096,9.606185284299896,11.970331258615245,9.395253577933122,-8.613823302409657e-07,4.261029871297398,-0.014756113633855338,0.000247222961641546,0.02955262090942745
2097,9.268852775985208,11.252797804871593,10.157574582424235,1.5479407900240184e-06,5.80462243773629,-0.01764577144042806,0.0010243392592890442,0.0349449332614436
2098,9.610847643971075,11.991482705270805,9.392863449162943,-7.928457360908004e-07,4.236204936929866,-0.01610473736965043,0.00013173086112565173,0.031590310539777705
2099,9.889022213070382,12.44440267592497,9.956722560683797,-1.9894305837602286e-06,3.783126935232648,-0.014067662225037997,0.0001746317088176623,0.0288391987583852
2100,9.680625471991604,12.085456781055798,10.576682704007633,-3.2600807927950502e-06,4.1376990796592725,-0.015353590242659731,-0.002231807842664253,0.044991314515032535
2101,9.369879942118173,11.430842349800248,8.639960299241586,-6.199002451753486e-06,5.521945688062724,-0.01608740921508953,0.002696675136653361,0.059072396006073065
2102,9.842095329468458,12.302212739643014,10.00997263096775,-6.986457198352903e-07,4.058747889540119,-0.013169472766321976,0.0040691500368932945,0.06245243508659974
2103,9.60637070190805,11.968108245109654,9.394957344492402,-8.746291720756728e-07,4.253292921861778,-0.014378889859276723,0.00025474989320304047,0.0296136625606069
2104,9.63465137642774,12.287768833395043,9.814539206739806,-3.5451011756902673e-06,2.7162441362990513,-0.009043727286859827,0.0004619785350084,0.07106564551918049
2105,9.85405598164936,12.420538693573196,9.974978603390296,-3.1463157282626524e-06,3.631541535776664,-0.013551494817798704,0.0014384566592831162,0.07755388876867345
2106,9.583998401884125,11.929870643380411,9.370079018668584,-5.856728296051227e-07,4.330644212729453,-0.01506162342532468,0.00047536682767250835,0.029617545023210852
2107,9.895420760977006,12.475240393750076,9.936765923447298,-1.9759962722730646e-06,3.713401539836492,-0.014296600665783817,-0.0001818818596464153,0.026787497234945216
2108,9.771647083244595,12.24640743127646,9.73097834210065,-1.449255546286521e-06,3.993815114880389,-0.014450144905559629,0.00029035652217397504,0.02913871142111152
2109,9.693166889726877,12.163862684736966,9.104782115417379,-1.3460939688013764e-06,3.8112565252459034,-0.013962526171841422,0.0003062281295585774,0.027765019398420136
2110,10.500965744583231,13.455769092946122,8.932417846543226,6.7103206121489784e-06,3.273479904928666,-0.015402329156415734,-0.00024482361999911446,0.1459151425224794
2111,9.903786702472509,12.551436200159996,9.802865721353935,-3.3875837648808017e-07,2.874089258386154,-0.008728235911427764,-0.0003543179318698138,0.047760597663508514
2112,10.592119530433488,13.597607758471131,8.969695654704944,7.02813597404444e-06,3.1910930861671294,-0.015516230056709155,-0.000838980494610778,0.1505856858370822
2113,10.503894276572758,13.458549877295043,8.937754429023933,6.76633404695489e-06,3.2943594426698777,-0.01568964392130712,-0.0002893211762065957,0.1454702353407352
2114,10.030158672039402,12.738216409189873,9.224703546229952,1.02052181298481e-06,3.2907976138561925,-0.013681567020149624,-0.0001650508344805635,0.06903763152237413
2115,10.4970584433674,13.417622939178688,9.026936058537848,6.172352196662013e-06,3.3711663478505107,-0.015275105125147494,0.00019186781422467127,0.1393177292079028
2116,10.084602429214602,12.924010805647317,9.372913954204861,8.1799573785264e-07,2.735737759797338,-0.010188827090100744,0.0016170719429783546,0.01839230440938961
2117,10.042948538338562,12.801985410716163,9.106624822199924,1.08965403951516e-06,3.0114299921824355,-0.01110938421748651,0.0014097046021021846,0.06477949526252054
2118,10.320405631885013,13.159666861195012,8.473855863877393,1.8849036428652791e-06,3.3384048353501585,-0.01523086598613113,-0.0010589712520090088,0.04249867248681189
2119,10.591516287253413,13.522933201812092,8.918946154898254,6.9313761814587345e-06,3.446642409749555,-0.01590554786993853,0.00014609987320261488,0.1461434590165364
2120,10.572386485220012,13.446871459233783,9.086684407423126,5.957096192589908e-06,3.5946499533363503,-0.015614030494159804,0.000859669807090604,0.134531744034757
2121,10.316603626481658,13.155872659735271,8.48721090793151,1.8648287059096765e-06,3.3407853231499742,-0.01527314141932426,-0.0010947043372183467,0.04312109897762373
2122,10.074650427003384,12.832103592465945,9.14493478666492,8.154161396124328e-07,2.796567130967262,-0.008865345026556629,0.002086270201787469,0.024817827797933824
2123,9.741556433689198,12.438396478316122,9.777073590145413,-3.7716195659263954e-07,2.662174763790472,-0.00897050394125256,0.0003965554135675316,0.04587593256321384
2124,9.956379902356037,12.589905098408336,9.898738023275628,9.80770419317425e-07,3.574664690995345,-0.014580954659580371,-0.0009259875232456636,0.046462314286535224
2125,10.229555382710396,12.915822318799345,8.897871511935797,6.964146142674336e-06,3.8664498084420433,-0.014028073049275386,0.004742516290323546,0.017269185947401892
2126,10.002068455910983,12.472559996929087,10.2091526721405,-1.2993003761271363e-06,4.7546797172969475,-0.02045350791023831,0.0008578040748215642,0.0633528939310621
2127,9.829938349171213,12.315128047950791,9.554851117978272,6.721622940148918e-06,3.7170670346220342,-0.013014312714028043,-0.0005262030537560437,0.031438606545684075
2128,10.096106164875406,12.655794144954148,9.667100089828423,2.1166127478094687e-06,4.387506505026851,-0.01779738528408904,0.002463652120120551,0.044302980248813344
2129,9.906533250443625,12.43112256005371,9.344674029056181,1.9553406419351655e-06,4.060662606740153,-0.014926391923581086,0.0019012718390222152,0.06199882862733445
2130,9.740949440799207,12.406066579454714,9.253092512862196,1.4039289379792646e-06,2.665133851630761,-0.007196590289238421,0.0024399161597713714,0.0341017320184155
2131,10.269994892098566,12.947818162209307,8.842074597394255,7.933378630766716e-06,3.998503410969436,-0.014808811025133388,0.005116725890008651,0.01695286133816447
2132,9.825734258649021,12.236695787819317,9.335928926730952,-1.2683875819292777e-06,4.404457241070712,-0.01668617096104193,0.0007073558833708476,0.07226099098879601
2133,9.970628546311367,12.565483033587896,9.477779369791175,1.7185464902270226e-06,3.9024265329520023,-0.015397422793801368,0.00259487516586066,0.07424839646774667
2134,10.117792505047468,12.609546865730737,9.72199724521032,3.2523040908748618e-06,4.646383623068165,-0.01782951206120418,0.004146450788913614,0.041006353280632506
2135,10.052107805514224,12.502092198185284,9.651143222970902,3.900061556497045e-06,4.711233017606963,-0.017412757083052982,0.0032931285475510225,0.036891531784580586
2136,9.757030535335232,12.262627212061142,8.818819025487365,5.094731739798589e-06,4.059988621815834,-0.016003093534619105,0.0016581798030273387,0.027026327449880466
2137,10.03619764545031,12.502498935322556,9.615929002420422,3.086421132005587e-06,4.63601284639858,-0.017495965582698666,0.003150815747523721,0.048631094584255755
2138,9.871097028143346,12.209466413657342,9.541732881402963,2.6778147558367164e-06,5.159643513418631,-0.02287924355688299,-0.002752673263521804,0.03687734258459147
2139,9.873506816136922,12.183260614786937,9.548633103863747,2.640152484774652e-06,5.296210209321759,-0.023607512692456943,-0.003057048113547594,0.03630188691416986
2140,9.855222389706215,12.276966704446972,9.857469891244646,3.409866983572931e-06,4.451372626899043,-0.01748396626686602,-0.0017072258738321934,0.03984232767093868
2141,9.967640233461886,12.505114317639832,10.264072545863394,3.117722705557612e-06,4.193604942636887,-0.018825664140207875,-0.0030796760719845667,0.039254174353042626
2142,9.78986397093792,12.264158199806683,9.40315506709308,1.9001016129776695e-06,4.017568086297476,-0.015555258935540092,0.00015750943802781206,0.03139147560003445
2143,10.300118170677363,12.987683753848858,8.703010520485764,8.405576294120096e-06,3.9755644629760223,-0.014370222199705504,0.005887848628435802,0.014699868747322924
2144,9.873084585944733,12.172315749033764,9.553167197945225,2.686293566703176e-06,5.310900947378735,-0.023290217386603675,-0.003140976367754048,0.0320584905639657
2145,9.89065758205344,12.319796292867714,9.429305899069137,3.2172723999524843e-06,4.151993615147458,-0.01430320833370964,0.0010440380409597915,0.02727360426268145
2146,9.918420410313939,12.50744112541054,9.36210404325878,2.3404482066536945e-06,3.940756329415256,-0.015716408754855565,0.002564342328927805,0.06749932047172047
2147,9.88583033650081,12.221677155410806,9.551488708601621,2.811831257802411e-06,5.020485553401885,-0.021107501657333057,-0.0026800018004725502,0.03176437995868823
2148,10.042780950703158,12.48821642825334,9.600677308501174,4.382334625796535e-06,4.67666453474841,-0.017944083243834758,0.0028375791075507736,0.031159501021407632
2149,9.960572432743678,12.477690020981182,10.10251479904712,3.3006144603776663e-06,4.275093618804432,-0.018448591003874908,-0.002400414047915408,0.04377121002131318
2150,9.93391058394715,12.552331804040625,9.147476334206033,4.201474694191571e-06,3.328582303740329,-0.008533375650093667,0.005817328191065581,0.06834607965012063
2151,9.967161355041487,12.4756873779001,9.51338973912248,2.812713048263146e-06,4.280237385915159,-0.016082928108229345,0.0018472206040283192,0.0531704530793734
2152,9.986182312611096,12.523833274283836,8.640191990359215,8.56655565090189e-07,4.198315271517222,-0.0160872702792521,0.0028557426711281865,0.03699560360566198
2153,9.88066878941834,12.200553671984194,9.572114509928246,2.823006916963398e-06,5.207049466199832,-0.022552081565256593,-0.00284147473621974,0.032118994083091316
2154,9.78620890493523,12.21108584957177,8.39842520419663,-4.907930322076613e-06,4.378348406951903,-0.01724302840493836,0.001352587334745066,0.05381573185630736
2155,9.893034470534579,12.278556156997134,10.031413587168592,2.4245985791572877e-06,4.881329128674924,-0.02154465514665207,-0.0026689411120294267,0.04659766675533743
2156,9.814430341026602,12.29542188966979,9.140549828683447,3.406766624280007e-06,3.820136910411667,-0.012118530573841983,0.0023803905818953106,0.03305817018221284
2157,9.874563940183947,12.162044397287897,9.345361806725636,3.0196982931333515e-06,5.367855291166012,-0.023049440856872935,-0.0029266533651722735,0.024970975874686455
2158,10.029339086761706,12.594826822777309,8.720161301634173,2.0789522964439745e-06,4.1499648580987,-0.01587069542394648,0.0030998682921870744,0.03375702772000244
2159,9.641146356903207,11.79675199484377,9.426149613665773,7.917680327628867e-06,5.872282216611296,-0.024521198591218568,-0.00297446103497904,0.020752507394427133
2160,9.893970148136418,12.279929067966126,10.081627088525378,2.2545301907151057e-06,4.887493718709684,-0.02183309569773739,-0.0030671164357264366,0.04750898005802259
2161,10.03362826775542,12.587891363774029,8.860882944717329,1.7592146313604668e-06,4.228205879495476,-0.016089036248091226,0.0031202549387214814,0.035675736255741566
2162,9.823838865941832,12.203371454647476,9.386837095710312,2.1503306465972865e-06,4.392843328275297,-0.015378124706230078,0.00011296690233375584,0.019386684822750133
2163,9.89605146049537,12.282982958068748,10.193321523397524,1.8762316848671484e-06,4.901206174155851,-0.022474700116412963,-0.003952813838987918,0.049536096701644855
2164,10.466483037467064,13.182960565610715,9.094478527690695,6.5126566830088795e-06,4.102616180652297,-0.015883063364779793,0.005277264159705494,0.02015389552558445
2165,9.762219129485123,12.316848602225456,10.248711504408568,1.8585992395132475e-06,2.921985998015563,-0.005524108692862451,0.003402738646943132,0.04683628229453844
2166,9.89804090983984,12.10843215570215,9.253430887618956,2.6466159799748606e-06,5.687093584066602,-0.02439555182653695,-0.004176686247871257,0.016419503395943565
2167,10.089928518112917,12.744723066002225,9.50042387080273,5.307183115452655e-06,3.672019749718952,-0.01401549364741224,0.0016313720122260403,0.037563327788165776
2168,9.913824050261372,12.350075542665854,9.207440294209016,4.5850681940293065e-06,4.475638813128621,-0.015566101218365548,0.0032077342372265325,0.04931991771146822
2169,9.89321117980236,12.363257708743085,9.408062107318337,3.044131654867908e-06,4.200898839954617,-0.016166235067646043,0.0009408979219506157,0.022930864576992872
2170,9.903754383523063,12.31449807186702,9.650817602629006,3.4030466011636483e-06,4.684526799864803,-0.018744647453806912,2.5203432369254663e-05,0.048401431333360605
2171,9.915892506429199,12.357383673195088,9.116364139246917,4.827872640075531e-06,4.432730179131312,-0.014913181540259153,0.0038614724039084335,0.04950858818718835
2172,9.652743782945718,11.822812453415876,9.53177122768236,7.458730307873011e-06,5.826041070641901,-0.024985494745781496,-0.004045346971196517,0.029848025777081098
2173,9.609355440959346,11.762376440301274,9.515513424208152,7.702775139287241e-06,5.896942944609731,-0.025699911781651347,-0.0047826224631397005,0.03001898574499899
2174,9.915138356624844,12.326267962463993,9.993022397954102,2.5671167550334233e-06,4.802049913757196,-0.0212729617713527,-0.002582182934372764,0.04561160066784828
2175,9.844225070668214,12.330297262846477,9.226355538649017,1.7489319457159991e-06,4.393074539395399,-0.017064073817802266,0.003581264594404782,0.09920706873596238
2176,9.93115938320044,12.457059496647814,9.7398930722621,2.7814383146366817e-06,4.422271029697407,-0.019813491963514836,-0.000987311355014555,0.045641948618018
2177,10.040067600091431,12.60483920587359,8.851865702739065,1.8463398199578688e-06,4.165250400146655,-0.016210188808316678,0.003308422581189776,0.035158315045989555
2178,9.88257389215036,12.194464404381035,9.473218980810609,2.930352426967976e-06,5.2561574703979534,-0.02269873927216659,-0.0028586501294738994,0.029045721185955397
2179,9.899036862696704,12.346449657517736,9.086349363903746,4.84611077436277e-06,4.3666763540948415,-0.014450733667716958,0.004003231429528575,0.04838861477454002
2180,9.959977016300735,12.470634331105424,9.923537997072685,2.8284791090921695e-06,4.1032102701593285,-0.015511228835713344,0.0004675300099877148,0.03463094581918683
2181,9.832918522746754,12.33568391967879,9.167391993066367,2.2087340662038624e-06,4.273203647146711,-0.016495454796611596,0.0035417483834665163,0.09181323884687985
2182,10.033543281370251,12.589332488834456,8.861604974349307,1.7667861135627302e-06,4.22650109381753,-0.016104595600015828,0.0031186873497623846,0.03570723661497685
2183,9.842561106394792,12.3347818459143,9.425353207861416,4.5276095256089026e-06,3.784401260653925,-0.01239230779553818,0.001791181870316941,0.031602522133593436
2184,9.835116105638711,12.333593370383722,9.165372724080273,8.034209614880854e-06,3.825647057603751,-0.013627200137572446,0.0013180826027721334,0.03623746572707537
2185,9.62904963518016,11.814708983323746,9.488005480769319,7.173399654254581e-06,5.674389681377269,-0.024786485551837684,-0.004547705008576848,0.028756143216754237
2186,9.8536128022085,12.419428635485328,9.437267094634656,-5.061868648063898e-06,3.6283893765191624,-0.011783601174568618,0.0033183673272549653,0.05635695421990738
2187,9.255787658473764,11.265536803622927,8.290677602003585,8.890915104512938e-06,5.594431693384493,-0.018803056834664388,-8.473156833667893e-05,0.028830921992394745
2188,9.898768059641261,12.314215622858653,9.075860386174396,5.9951995693835e-06,4.532068073274769,-0.015751932145459807,0.0036160054420826047,0.048380383441390507
2189,9.87907733721628,12.271406288257426,9.271927038952029,4.268542115353058e-06,4.642356666279867,-0.016625868499971393,0.00342023478921155,0.0503806870625365
2190,9.919559109100016,12.417113455442363,10.28263996990466,-3.403836691859412e-07,4.531613006951203,-0.019334525334573367,0.0011360918930794122,0.041918833266839005
2191,9.38001715871746,11.442660392580482,8.527522467577048,7.791859271831531e-06,5.544319837772971,-0.019268216384557335,-0.0006334526343269187,0.028134109996674844
2192,9.602760174034005,11.763799109960344,9.476785622359131,7.223695680101592e-06,5.763677566649104,-0.025291662775540964,-0.004930276221281898,0.02872448759694336
2193,9.688108213413656,12.028402848330904,9.92701668186543,6.39404099200801e-07,4.507371050488283,-0.01525038645280344,0.0012145104023530502,0.045261381278309046
2194,9.702242344009791,12.051747824729665,9.914325250604048,6.881214211842868e-07,4.4961830313797595,-0.015736071962074057,0.001021546142234462,0.046845784046424734
2195,9.920533775020349,12.422329030821787,10.267357004168296,-3.206656884601986e-07,4.5149208751370615,-0.019313065727231023,0.0010129248340863596,0.04230382953054537
2196,9.88238753878338,12.283368417148363,9.272700741087935,4.25372428804774e-06,4.619304810825701,-0.016631235898009748,0.003361818479426716,0.05000120391917198
2197,9.676108067714372,11.997534595524796,9.947963079316734,6.633384388310443e-08,4.566463081444685,-0.015521402318267298,0.0009917249401986126,0.04362087744686736
2198,9.686417313412276,12.040900614606889,9.720477911256117,1.0520139898434973e-06,4.546134188481644,-0.016244226848970405,0.0013217948914979482,0.03869720995299926
2199,9.897306346982813,12.349776074201472,9.718855491387917,2.2489184802622e-06,4.586509574746756,-0.017913713315817432,0.002412700529685156,0.04660800693947997
2200,9.662536845894262,12.041432095106568,10.118961780727108,2.9453087761180375e-06,4.46271853147301,-0.01570838217640064,0.004006868999268968,0.06002812642154576
2201,9.64751642496416,11.968287632723662,9.61077901453815,2.3545677628667786e-06,4.6505702173391725,-0.016330597161677764,0.0011420140052258892,0.03946952857750482
2202,9.66949172591366,12.10115925644137,9.86739264705737,7.23696747764657e-06,3.7980088408682144,-0.012227533644127826,-0.001254441201538072,0.037052374850693626
2203,9.387586978804688,11.461059582939036,8.514142920304511,7.571562229372096e-06,5.5385851981099155,-0.018662162998752733,-0.0005439358304411258,0.02667618279003841
2204,9.741005796353404,12.20745147208982,9.811900260389752,6.722339396503236e-06,3.8241314312493695,-0.014957223987596326,-0.0019196539587531735,0.04576840605158264
2205,9.662905190781249,12.049203942681173,10.10853436693404,2.926749336349287e-06,4.442636643408798,-0.015971074757088095,0.0038991396100538575,0.059566938505687825
2206,9.796336564691984,12.167042202359951,9.004732598787202,3.0095880034094406e-06,4.103461230157247,-0.0109090134155185,0.004137986520193115,0.08113190061342125
2207,9.758233589058548,12.124864120794827,9.117099091268269,5.476055775052023e-06,4.706788151575453,-0.017219682989745168,0.0025599969668676386,0.041898724055455666
2208,9.789092938538833,12.15970184533046,8.929342184517855,2.7202528409816723e-06,4.247061236669013,-0.012818438594989032,0.003820552191110652,0.07665054805192623
2209,10.133355714285097,12.797937096158766,10.4904395948475,5.048493032355514e-06,3.842761994973519,-0.015534922778693658,0.0022389768967439024,0.03734825484337646
2210,9.84525792367004,12.31440592942408,9.098605584747146,2.390616996944492e-06,4.214157904257254,-0.015536136119822084,0.002866598853225048,0.1010557106363487
2211,9.719909053843402,12.03896003664671,10.628940507743753,4.7254620393281905e-06,4.726966924389741,-0.016880233603030762,0.0013048341341152705,0.05327561020514971
2212,9.863581860557574,12.361514395029836,9.439370684422473,-7.196192671285394e-07,4.410712204229179,-0.019642230534039355,-0.0014389305433004209,0.0284313124902134
2213,9.806039747762544,12.201913391157154,9.563448728683127,3.7921308741611e-06,4.557850099552751,-0.01640159626964804,0.0035487277309707295,0.05332868201397083
2214,9.405852354668628,11.496601541884909,8.566529427318793,7.680564507676485e-06,5.38619875081325,-0.01700231382970304,-0.00037265379820215295,0.020796269702894013
2215,10.0968052379096,12.547488130357973,9.673045041024269,2.662764459905976e-06,4.676344906918991,-0.017027856833051892,0.00385788423914206,0.02984472513829921
2216,9.91275788228191,12.314147808229407,9.26713820111439,4.4355155262041476e-06,4.630903381185464,-0.016498049781854058,0.0036078230308733738,0.05305000130181363
2217,9.834597608278607,12.158187785521324,9.254629092250894,4.31439882882583e-06,4.822433792751697,-0.016717963085007254,0.003785679935108043,0.05123502270002557
2218,9.596938584841682,11.759954639717169,9.367681976943325,7.759381226763636e-06,5.796450231502651,-0.02601895630155677,-0.00518285287553482,0.028341739993908537
2219,10.02522391587044,12.517740127910436,9.07377379428573,3.653578567451883e-06,4.235179194184882,-0.014727804804317087,0.003537779204936766,0.03197997773730351
2220,9.38477542113276,11.426992207378811,8.502506468544901,7.712399234218726e-06,5.571562973595488,-0.018884363392161263,-0.00043819259942512543,0.027575323662811194
2221,9.982762814107192,12.48503774777824,9.544618083893102,2.119552192140951e-06,4.3558276756579515,-0.016599736254414604,0.0026323982293367304,0.03600492236715
2222,9.918965036508924,12.176950716208292,9.193228467379424,5.894206479901532e-06,5.55702078046916,-0.02357066370206681,-0.0017593541146558806,0.026099110382032248
2223,9.643192801249077,11.956655734249338,9.640692617300672,2.2784565099753343e-06,4.660002347417718,-0.01621304891286316,0.0010771160817770846,0.04031555629261637
2224,9.573165057673089,11.700746865393889,9.486652006189608,7.438998885146342e-06,5.886468156235351,-0.02589949873606013,-0.005399935741970537,0.027551790111857568
2225,10.06779996718718,12.503718367673423,9.656126265928604,5.948831038336618e-06,4.668986844059754,-0.016092549160594244,0.005038707897181191,0.034328705016361975
2226,10.038054127885731,12.718969808182043,9.387579562342365,-1.1656124425843809e-06,3.362464148229607,-0.012472270333692304,0.0003718368473261662,0.007097994770945044
2227,9.914215752299656,12.336283206955391,10.11275489527774,-8.245075755000972e-07,4.693621970742363,-0.01942161877487874,9.088726811100649e-06,0.05023220661119347
2228,10.042612740534857,12.75845237429796,9.39335755069294,-6.820263632366032e-07,3.2890691555570184,-0.012535420970744017,0.0002727346274293916,0.008723633977058803
2229,10.176486163083895,12.777741702134502,9.62361641928828,7.738700985345546e-07,4.052730173252281,-0.016135249270276805,0.0015470282470113365,0.022918768272597145
2230,9.659390898430928,11.907357213410238,10.588007289525622,-2.377509135969658e-06,5.31631958330465,-0.022614692008968304,-0.0014851904498680115,0.0767702476828993
2231,9.931174049738106,12.558204672505596,9.413229369620371,3.759890656375627e-06,3.285181337533796,-0.012396685150706492,-0.0015132264445992486,0.08634221305966852
2232,10.009868184564064,12.487381355153532,9.99952981439897,-2.76293319615379e-07,4.342708201015042,-0.015814557164651976,0.0024264860004587414,0.03778776565640352
2233,9.991087431785244,12.504283697584857,9.859606251710952,6.869623739705471e-07,4.090324073228037,-0.014998864744047527,0.0014862537250303989,0.04937552978913978
2234,9.917641077884564,12.552289790587508,9.443303574739383,3.661661082061089e-06,3.320620000659509,-0.01294763527329182,-0.0016399235501422418,0.09612611391013641
2235,9.91376145838061,12.535423084311793,9.427358400919685,4.0680866630305885e-06,3.289291449871846,-0.012717904551770236,-0.00168506674342813,0.09208962184505216
2236,10.07227937789488,12.585186208021808,9.829089248208165,6.516093696625411e-07,4.432875951597733,-0.01846937688820968,-0.0003425827544270806,0.035136067149042216
2237,10.015443692887017,12.633465139983482,9.781743116737013,1.2959487797344608e-06,3.7910051698836247,-0.015545490153687266,-0.00031061460963250953,0.0379015559401952
2238,10.004828764297448,12.611841422873429,8.341298740503968,-7.3098654708361185e-06,4.056529224081999,-0.01901012512778691,-0.0025742398410078977,0.015221716872588291
2239,9.282225995303964,11.568319712192563,10.9208294453078,3.0260842858393895e-06,3.3559826815832703,-0.004305291083919624,0.006429956918968682,0.06415121166128557
2240,10.25154485294824,12.919232189492122,9.096442582225793,-4.648939793123001e-06,3.9703059282623654,-0.01464013202254701,0.004210617150780273,0.02516284204940114
2241,9.840532675659231,12.237229829026417,9.327720362820306,-3.000146827674999e-06,4.762368610272419,-0.01912053421273234,0.0007141874513697582,0.03509961026926618
2242,9.452468239983602,11.663383015290362,9.673914116468309,-9.972018152985625e-07,4.7150976620087945,-0.01512173761006725,-0.0016924092317555598,0.06244727569751746
2243,10.264427203951731,12.919575412812684,9.077806529744253,-4.715458219768745e-06,4.043144788716647,-0.015119497646221176,0.004432096591726901,0.02211623772519697
2244,9.642959352676941,11.9878880219399,10.613127606963587,4.735367458743835e-06,4.4995444099662505,-0.01862035030334163,-0.002355068378811591,0.05834159109181884
2245,9.363924352831887,11.473351486216082,9.807238893772123,-6.580067071358901e-07,5.351887141080292,-0.019818327048775106,-0.001589106541467657,0.02504431148191312
2246,9.678259298233856,12.047796690909376,9.84215066286284,-2.487482394122086e-06,4.30382511976626,-0.014360922799803805,0.001596460107168591,0.03077385360988816
2247,9.641027720494431,11.989552316922117,10.611405861018923,4.80640985626713e-06,4.517881075547484,-0.018468879471150133,-0.002364283121960856,0.05869709796858009
2248,9.502397281954348,11.701091316105558,9.674496023445586,-4.4207093187631533e-07,4.796787329968017,-0.015245842326363574,-0.0008726815820099793,0.042349979775378424
2249,9.430560361025117,11.591301643989029,9.640862778319319,-5.578022034911054e-07,5.150237786470331,-0.01856152297167677,-0.002646107059205936,0.04003347376715308
2250,10.140119662519837,12.901941418041435,9.444112751085683,-2.7698598486711965e-06,3.4427621306988483,-0.014364501503941751,0.00201138795726682,0.020107121511085145
2251,10.276717642990766,12.9525051976819,8.954069306087476,-5.402152749121599e-06,4.043482287748691,-0.01564011281397607,0.004623828207366955,0.02545365885039521
2252,9.896220524863285,12.538619680065128,8.921208714269216,-3.2509696197932674e-08,3.629143076564552,-0.016551043584354008,-0.0028272746259700304,0.09303965566331204
2253,9.60774717548478,11.846670052941665,10.776903820794413,6.013530598233759e-06,5.16065219104639,-0.02111957767529142,-0.0030424422859604812,0.048878149680723515
2254,9.593113051676042,12.051397369147676,8.850483275471797,9.92416144834767e-07,3.131615677310174,-0.007686941210604634,-0.00034443343568225265,0.037644990437306576
2255,9.779116734598889,12.272568941252448,9.75893301031932,-3.250108323001378e-06,3.5606050322911464,-0.011823751893404212,7.805168102494042e-05,0.05254655237031979
2256,10.057503704891197,12.816571750556696,9.699496086847383,1.3649548889643471e-06,3.0575132196963644,-0.012671407462904244,-0.0012171136807003786,0.03961426774491928
2257,9.756393753930366,12.269815218964215,9.811925099412292,9.284997056362013e-07,3.716008563354364,-0.014391245614302078,-0.0013695523052588776,0.011874070254495423
2258,9.899453811955613,12.527493330511623,8.76866880331545,-2.068017665383272e-06,3.285984920371245,-0.011160214773305968,7.891482852927234e-05,0.09982037004067008
2259,9.838404251402991,12.490861245801176,7.514118551977535,7.962864053051852e-08,3.3089362451306448,-0.014094005305304415,-0.001753750017613691,0.1282159498824364
2260,9.73823548248605,12.10585607187355,9.081645895614416,-1.3305609153356148e-06,4.760618129266333,-0.02152324539093552,-0.004141001643890529,0.04540564993545876
2261,10.23131998314014,12.92233273092277,9.133570582649979,1.5115201981424646e-07,3.884818516363001,-0.01778154771254073,-0.003043974750594828,0.01957846967008406
2262,9.708283289854304,12.213230445152067,10.414354507813435,-2.5196901256951085e-06,3.4878923841118024,-0.011876186951861128,0.0001839256413110966,0.022962801180638155
2263,9.736753231069954,12.103471491612828,9.146720170180771,-1.1900854922963566e-06,4.687282146867578,-0.020036789936775014,-0.0038486753291931647,0.0409814068544984
2264,9.885697322569005,12.4112280759976,8.751354161929417,-2.3142709648101194e-06,3.747684615847444,-0.01332443745235782,-0.0005108153214789894,0.09498554013788871
2265,9.77399752922758,12.179916834521832,9.030315280179797,-9.61445268733009e-08,4.428525088189486,-0.017955070625037886,-0.0036404482036250714,0.03958536268549446
2266,9.874169722324627,12.42772406613056,8.775681976967803,-3.3467995126781564e-06,3.620156490945417,-0.012599647598432786,-0.00010618643146627272,0.09486633090165232
2267,9.822394365269991,12.248342312112396,10.2981663724123,-2.9552029407868036e-06,4.353863654368624,-0.01755547594435005,-0.0017156208728700947,0.0467570935746028
2268,9.980096265443578,12.545314174376502,8.93274337752574,-1.6268066596597404e-06,3.822975945935025,-0.014684908076776785,-6.68569782083852e-05,0.0405376061247681
2269,9.715096982276057,12.115555772007538,10.90950590370224,-3.665656910877352e-06,4.150190467477267,-0.014686538085778768,-0.0010220291442020696,0.050415154774279915
2270,9.761803156315747,12.144527097305089,9.26737034236419,-5.177138095496597e-06,4.10522739550753,-0.013237273478863871,0.00011344702016334108,0.060292384363010314
2271,9.760797973488446,12.100870897700478,10.838285024541207,-3.2377268347774603e-06,4.650722515231674,-0.01797018881523124,-0.0010909569649280267,0.05486594426808565
2272,9.979024778140975,12.566229011939186,8.95510236333701,-1.766982663479987e-06,3.833996735655467,-0.015594402513659853,9.131661727581653e-05,0.044545396561008366
2273,9.760224315108918,12.085783532343427,10.878906527961725,-3.2746153387645983e-06,4.752142642895883,-0.018757439199357025,-0.0012410802790403853,0.0556523278611987
2274,10.178029051282376,12.847596473917235,10.403029948021471,1.6731927710777903e-06,3.5157986638557506,-0.012734940875789098,0.0017824530390765012,0.010172222304970543
2275,9.704887219351372,12.01919083257069,9.894176129768889,-2.6903942182097377e-06,4.923541479451066,-0.02128506863579951,-0.003102110793939627,0.048842498599761926
2276,9.772476689648135,12.111390898493894,10.770456496944696,-3.1827911243769117e-06,4.700364785996877,-0.018530497215349828,-0.0011756466316261802,0.054810059297660016
2277,9.651545913531306,11.888634297488371,10.630931940111756,-6.3693325238329956e-06,5.323765422264369,-0.02267644637779995,-0.004521285859112252,0.06878830732203436
2278,9.870839435762981,12.51051492400352,9.128653847084736,-2.5180748619253194e-06,3.1782431183225213,-0.01234495950459227,-0.0023585741555306123,0.03323604097208129
2279,9.754127988472767,12.06404446755589,10.962656777184492,-3.4248450739866326e-06,4.821483680701191,-0.01912388726002312,-0.0011783284780414445,0.05697645947356575
2280,9.796420433802448,12.154008349154449,10.533705380171172,-2.1059050391554934e-06,4.56165472799188,-0.017279685084356185,-0.0014309052605505385,0.05138825794410637
2281,9.886645530851437,12.299641187534291,10.180357224581677,-1.248990948877006e-06,4.607081245254193,-0.020815580366087112,-0.004177994682234421,0.024539319042597332
2282,9.847236173136702,12.430988897846955,9.149274683502439,-2.053527402209229e-06,3.8031782573430686,-0.017406137733840844,-0.003618483605491655,0.03477728765812475
2283,9.725304195414209,12.014018681462897,11.08207358419854,-4.06408958856005e-06,4.892669952801693,-0.019532883094307445,-0.0011375812349698894,0.05936960869101235
2284,9.982794922611824,12.550125860257475,8.9332415525978,-1.6282760787014553e-06,3.8128774539048913,-0.014611196236565576,-2.8917942201073937e-05,0.04055161066317331
2285,9.88899128876363,12.357477254315974,10.220801067734508,-2.0865570225063277e-06,4.386813848374227,-0.018741961757051583,-0.001889548063237896,0.04872591675603648
2286,9.804218442358286,12.240061072800748,8.880167575743675,-1.5418679794527391e-06,4.4992015455206475,-0.019468631432477915,-0.0025360750934272226,0.038879302036956366
2287,9.90774308660423,12.41118235722162,10.779626500027131,-1.8039982531854665e-06,4.346471215575244,-0.01943397650915817,-0.0019849304112759306,0.04350217896152812
2288,9.681714936303564,12.171931180546034,10.766287305680256,-4.476620193979373e-06,3.3130332706839996,-0.009395043915680006,-0.0006353488539384083,0.016632618367476967
2289,9.787275437384155,12.33896739956734,10.048271642006211,-2.7982478466538e-06,3.390358481816527,-0.010898825110775442,0.0007458101175473397,0.05160605634507168
2290,9.561485388990492,11.833497801684327,10.882982973212124,-6.857221539074263e-06,4.378959275328821,-0.012808719853559455,8.823151161865155e-05,0.03658442961888336
2291,10.489870140629682,13.402004961207046,10.788111281497628,8.196549456079108e-06,3.05748658315245,-0.010587918200518902,0.005199290311545081,0.03770113124379536
2292,10.096333977048983,12.693797741807789,9.104842547197402,3.4958688710055126e-06,4.029126295869361,-0.018215227041063993,-0.002516950707532289,0.0055681496619702925
2293,9.75170705502358,12.211334272778547,9.969536358579436,-2.9172548052354157e-06,4.018981888006762,-0.01562305811810269,-0.0013616960678701905,0.03770703719921095
2294,9.494849313129167,11.791222172005424,11.047291834380832,-7.512980057649163e-06,4.459934962520479,-0.015205800630120982,0.0002451812366475345,0.040827530875732126
2295,9.75818042272356,12.185588428889146,9.92097585487579,-3.031231751282424e-06,3.967985124838685,-0.013559659492368384,-0.001136840251484812,0.03647150690281442
2296,9.73740802918295,12.143639467253312,9.854321842317818,-3.5971698310480594e-06,3.9825116076545792,-0.013470442725825591,-0.0006721928410775629,0.038825109339832305
2297,9.585787622865285,11.900440893554102,9.726018334554007,-5.655675456267749e-06,4.186453353728994,-0.014599225878451532,-0.0029433217634964636,0.035774885529784056
2298,9.97449094755519,12.53821852586874,8.559178176572367,-4.503041932187998e-06,4.174480947349611,-0.019072800617610325,-0.002396330175638061,0.016772078516584854
2299,9.907910450809492,12.411215416005112,10.780963150614694,-1.8028545089064943e-06,4.346031798692721,-0.01941443344332459,-0.0019862224946069116,0.043540962603913706
2300,9.49855956580971,11.799415787883053,11.040137260478936,-7.459671857835471e-06,4.44343976994593,-0.01574611079397452,0.00021528446699170013,0.041369124324476064
2301,9.810304007998917,12.266810405073004,9.58781362051547,-3.3509313434651353e-06,4.099698401736728,-0.01603712437304276,-0.0017104447272508383,0.03904047881913639
2302,10.068695825733018,12.746424048369114,8.872331300338093,2.9337857533921103e-06,3.814386600497573,-0.016985160824473905,-0.0005791739524263302,0.04064780565066827
2303,9.48985652515108,11.587528727366267,11.16603593449422,-5.764810200846588e-06,5.706713654143104,-0.022183063845491197,-0.005446245530452677,0.05401974013353457
2304,10.168928776454278,12.832229269534626,8.902217609053608,4.010189931461636e-07,4.012449501582649,-0.01859039577458556,-0.0027746244515254883,0.027883037517165116
2305,10.490009635597016,13.42713603094228,8.724351296292275,4.437070850838558e-06,3.125445422133138,-0.01236416108349849,0.002362802810710547,0.01197710711678298
2306,9.461569163077181,11.517907475496733,11.267103802176273,-5.798826493809034e-06,5.84918273245038,-0.02257545027117653,-0.005814791597557757,0.054633486750283435
2307,9.797987520069304,12.306287237663854,10.200698780361408,-4.6911849554468517e-07,3.6791569640742448,-0.013319865340455131,-0.0017629419502100526,0.020531961998145967
2308,10.078705310722118,12.713987509070606,9.747221120080026,-6.600964883058145e-06,3.5877174616994045,-0.012984004652298,0.0022170876004952906,0.027266779267271862
2309,9.875831204547769,12.335512220589653,11.11467809426917,-1.1855907019112602e-06,4.465325686212354,-0.019149067953634847,-0.0020357543845964977,0.0478448723740798
2310,9.82560068647977,12.350038861568274,8.348305396664397,-4.094307083225839e-06,3.6070438412577337,-0.01349739612755815,-0.002688725678731333,0.014286398827877468
2311,10.467540272503827,13.38407713295134,10.78467079420138,8.342302395193115e-06,3.012814317077858,-0.010222306240212142,0.004866269459232542,0.03688626034135303
2312,10.10501135005562,12.75814108376778,8.962825568849595,1.7411786221789058e-06,3.9791450249022793,-0.018178947648595463,-0.0016057901067077546,0.03846950803974225
2313,9.794715482066643,12.185103996198372,11.014794810232154,-2.7458479068338336e-06,4.565531363847581,-0.018783318468095195,-0.0002835902203905888,0.05351622550000098
2314,9.803799996079011,12.29059517920214,9.558578438527888,-3.403516548600642e-06,4.02753578323382,-0.016387830361676264,-0.0016375279748158558,0.03344847134209601
2315,10.181062961307475,12.877610520723993,10.013629371515185,1.499777067459409e-07,3.94866822229812,-0.019035013469922177,-0.0030243559428654314,0.042252577240524336
2316,9.46548445847115,11.524219310187924,11.288473026491864,-5.602131878641291e-06,5.837103543605986,-0.022387937237920146,-0.0056954902921754905,0.05392097989941613
2317,9.942160000369501,12.398509064139947,11.15352764705298,-5.74043114563131e-07,4.613697501775586,-0.0206874575692911,-0.002052302805603006,0.048258117945881376
2318,9.838123126690796,12.332227107546018,10.166753500948545,3.519147748041273e-07,3.966665088168072,-0.016335616201732323,-0.0029000955595780086,0.03827695189525128
2319,9.929309779211447,12.44563044569159,10.300299962105749,-2.9376078757045467e-06,4.283667424785889,-0.01812194030058284,-0.0008574376000444509,0.04103410249262763
2320,9.99767881442205,12.835660435906876,9.760157872959637,-8.749329156320205e-06,2.620182836364905,-0.008401921974550718,0.004739237835366251,0.03489519500003316
2321,9.542992447869919,11.770206315041507,11.774465292663386,-2.5842061557265867e-06,4.744232327678438,-0.014951612397869588,-0.00027544416014198443,0.038837677537179593
2322,9.728704549284238,12.000692014075174,11.849433207120777,-1.1714081127726208e-06,5.1360401966839895,-0.020442154277684872,-0.002429409664615606,0.04842982287608306
2323,9.712300859376557,12.086087737265975,8.816099790754063,2.3380770108197834e-06,3.9868829576731337,-0.01296352271593269,-0.001083168295359893,0.0943519167763297
2324,10.368829296708602,13.096837954838422,9.672148729954449,1.495793496393589e-06,3.790593009597667,-0.015112312301910206,0.0018544751415764068,0.0269931358139123
2325,10.050351644563325,12.688061492677642,9.692675978262349,-5.505481677812621e-07,3.5284942070010916,-0.013017937330183664,0.00016254337255070883,0.04233128794686021
2326,10.502767458719818,13.373590435770192,10.699634839053177,-8.098283810293135e-07,3.552139419059903,-0.016884605955473447,-0.0014747310810543294,0.023995577193293163
2327,9.740368255804237,12.242756773973683,9.343700526955477,-7.184689285439078e-07,3.886043459458595,-0.014066298725482531,0.002633460023966762,0.0705664826538629
2328,10.342994756864536,13.11318464471454,9.757930269219596,1.3046854075366672e-06,3.7386890070885905,-0.015147646204090232,0.00256372153372713,0.021249335357819615
2329,9.558093691811262,11.973070297168835,10.367756247812393,1.430349399163796e-06,3.269130278887283,-0.006627938638444686,0.003494316373019503,0.04709689746441023
2330,10.05884013823777,12.86532451494656,9.597302909787839,8.969725840266782e-07,2.6874335395412183,-0.009453720017130112,3.812555265291558e-05,0.04921762760580308
2331,9.598377426681802,12.060730401853714,9.561218763330665,-1.5158131431448423e-06,3.6966936331127536,-0.011400103148209226,0.004069250935094941,0.06070084558775765
2332,9.756472463046482,12.263209341735005,9.37211764491587,-6.743346810457594e-07,3.859045900897452,-0.0136551682227734,0.0026234144262221775,0.06829288697315536
2333,10.259532047374028,13.017158926253495,9.363626570275615,2.001581682445019e-06,3.462774944324936,-0.014829676813195155,-0.0008507075573477363,0.07794500523358144
2334,10.257284548798168,13.008492992924015,9.384423442623737,1.9923550755052085e-06,3.4751250887866294,-0.01473986727365022,-0.0008148812012857274,0.07687521180830885
2335,9.489629213868673,11.887661903317415,8.589270313030037,-6.08393005551604e-06,3.8948678410494018,-0.013681250350839634,0.00041904364117755855,0.03412581140965048
2336,9.112614785869187,11.181452737106262,9.751253518414364,3.3455930619595417e-06,4.168871186497119,-0.002527401865013323,0.006669034841657316,0.04092925868319169
2337,10.246821074606602,12.99868276976096,9.384576201352429,2.035075801314898e-06,3.4536413010233833,-0.014512420442283108,-0.0007329569811922277,0.0767200679819077
2338,9.111140097276333,11.169027819824596,9.753015953951927,3.3383433549906823e-06,4.199271788663671,-0.0011102621479637531,0.006771809264919912,0.039524730417401704
2339,9.09070925459036,11.1361492843527,9.842457191831949,3.836961541556778e-06,4.205058401355409,-0.0005921906897367046,0.006808873908114066,0.031121403494882783
2340,9.543912001256166,11.91302438210784,8.594731080347207,8.503531313046447e-07,4.047997884550299,-0.013606912939967374,-0.0005678680273528084,0.07630407294866583
2341,10.212268202164266,12.993365435675466,9.274726536787329,2.789485904022061e-06,3.3016473352031,-0.012321776702278409,0.0022840631400292315,0.009936356506761612
2342,9.605348713296134,11.956423034343976,8.711356656324165,8.68636935398046e-07,3.8521213719611342,-0.011137576437968724,-0.00035694381613989284,0.06584332810077467
2343,9.900694929406127,12.602005613532231,10.53220193752288,-1.4154110755438397e-06,2.6353709133903305,-0.006533986642850445,0.0029342668769556275,0.056672547000216
2344,9.560373586585568,11.937944957123396,8.659790365286426,6.968899926971252e-07,3.982853749306976,-0.012863321148166986,-0.0003797146674458748,0.0792766931530656
2345,9.949786820780444,12.602703863763706,9.183536050476102,-2.3067712315087387e-07,3.4721502969259865,-0.01491340126832854,-0.0007682623965068656,0.08780009442067735
2346,9.954352924859345,12.60212468835356,9.186711404997336,-1.447213827780484e-07,3.4853701288106222,-0.013956931678320385,-0.0006816069843651228,0.08715159865391645
2347,9.45447897984428,11.725471519151869,9.743952069034505,2.3978365964946697e-06,3.9013062914116574,-0.004321242924523544,0.009655379144801246,0.050543766221354106
2348,9.773954470361954,12.191810493123093,10.590415500281072,-5.721437846586751e-06,4.106454571544898,-0.014028359541444366,0.0025050471061266806,0.038593248789994934
2349,9.517350302592149,11.778567630519913,8.310612171349119,-2.6386232210382824e-06,4.691423713086696,-0.014257093950221442,0.005642930601703649,0.020946922202576296
2350,9.820318234467399,12.391617467255594,8.95795843732533,-3.1802179214122083e-06,3.767076714350027,-0.015376652188825068,-0.0003553824023951272,0.032663865704037016
2351,10.162612090464933,12.804190819322413,11.203087363345912,8.42221357072401e-07,3.899838916412397,-0.013797190594244732,0.006608393300897554,0.04520505113796282
2352,9.687654204699733,12.105249939609738,8.192504785757684,-5.084735240896742e-06,4.087009374274657,-0.015921523316946,-0.0025111022922699286,0.028452811573457713
2353,9.87876956049431,12.424451760960173,9.65274949784212,-4.546706428891913e-06,3.7978505315574385,-0.012132383959826227,0.005825108052440327,0.026550272899652644
2354,9.788267345258625,12.139838776408212,10.529549354654549,-7.430429049615176e-06,4.5095437337599735,-0.014965467015801204,0.0033758193190337486,0.03469543365560077
2355,9.732921170382127,12.243387182322536,8.807006453307018,-2.546055914675798e-06,3.680885671059563,-0.014025046650780228,0.00021419205036891432,0.032378725727832326
2356,9.787134096700989,12.140662261698006,10.526082778129595,-7.456213759180576e-06,4.517980449776534,-0.01540641422977429,0.0033750043779482153,0.034472450678822195
2357,9.813234472430365,12.43933391122679,9.415271281793569,-3.1575237076053037e-07,3.213425138769388,-0.010327053439676269,0.0023016180110229396,0.01965113563851747
2358,9.759310462896332,12.088443800114714,10.603875001146609,-7.686394261105346e-06,4.651270232447445,-0.014800636068373825,0.0035435166059028097,0.03108129335351334
2359,9.695123538490932,12.211826691967428,8.928977655198459,-2.2031324416163088e-06,3.7122266826853174,-0.013633826971920155,0.0009742138955275168,0.03089916319684933
2360,9.289939601244019,11.481676140861143,8.765465083657048,5.112414266977122e-06,4.31778580572122,-0.011969497000664046,-0.002401835057032324,0.05460695563104037
2361,9.219322899095792,11.347536943686013,8.913148778691701,2.328165667193663e-06,4.586083698601166,-0.009949807322531888,0.00491902276393179,0.03211694649911585
2362,9.645881879899237,11.99971072222721,10.283453008555645,-1.6705336344692596e-06,4.069467683902356,-0.011027920681609377,0.0028982696536733465,0.02245847860054609
2363,9.83578697545837,12.34413077643296,9.695146229841164,-3.327241514175251e-06,3.9562291927769526,-0.013688954731262123,0.0034728136053644018,0.037068687591038
2364,9.659077033682054,11.927254745285987,9.48762919795255,-4.356876721186653e-06,5.238915258562579,-0.022020294087234465,-0.0011883878641137033,0.05962015801213166
2365,9.572301540297682,11.921074188448038,10.148494766713196,-4.108162223868152e-06,3.9375054786206434,-0.008778870273416044,0.006677365821145686,0.026951157036636975
2366,9.695272666574843,11.957465922910265,9.529022068549093,-4.359074494382946e-06,5.165099645944331,-0.020816556968153092,-0.001104793572416882,0.05193977120282853
2367,9.695938582478888,11.96070404934818,9.530409053307908,-4.338678329310807e-06,5.1527433388006685,-0.020763727214885994,-0.001099151692737195,0.05189708858322821
2368,9.729582425189161,12.044043110806346,10.8364995798219,-8.050101535467972e-06,4.706033220442305,-0.015421526202127998,0.002396998255752779,0.03534744891768416
2369,9.519629022101183,11.835079275687418,10.04053762782964,-3.299742732914874e-06,4.077989846540464,-0.009037180157318088,0.006415496014440559,0.028520160486193782
2370,9.711277059396666,11.8547656358008,9.399809725382896,-5.0257644924339695e-06,5.600753640228645,-0.020808924877211626,-0.0006284567022691928,0.04700041367272123
2371,9.71064795984049,11.854530143716504,9.399352306015757,-5.034232728973098e-06,5.609776233495827,-0.021133017275540174,-0.0006303198023436738,0.04684210981676695
2372,9.645627948187167,11.939580345907691,9.112394366061757,-3.977518986338446e-06,4.788555358284273,-0.016944699491484437,0.000946363016153591,0.041261867889289594
2373,9.508694398164973,11.777455392765498,9.84152573094003,-1.1054322445933177e-06,3.987360413522023,-0.007492327254793336,0.004161502169826559,0.028981002263208273
2374,9.637220019490528,11.903734245618573,9.109755289243392,-4.082134477663947e-06,4.830668206148846,-0.01651127122048907,0.0010092053014023853,0.04253116924764387
2375,9.675360009265344,11.911667741922,9.5618356844404,-3.329216673836694e-06,5.036912280442286,-0.01796028018295158,-0.0001632955779727924,0.04290984215694965
2376,9.349284318178379,11.585442834584432,9.628613273747405,7.61600573147056e-07,4.0356593834741,-0.008969931612285764,0.0032825401327738184,0.027392733344042366
2377,9.602285658239326,11.939321631454767,10.511716562465748,-4.5474800923554255e-06,4.429150926057675,-0.015367401263659,0.0011365197002179694,0.03512215058588211
2378,9.778335841451405,12.189013822017277,10.701771914167766,-6.576586707662626e-06,4.672474415935098,-0.018339899127208167,0.0027928417399679557,0.04329959611083763
2379,9.795568574154867,12.0647926028154,10.927333226724684,-9.430655983865992e-06,4.991526485141175,-0.017193580635452094,0.0031306634248007073,0.030208427503830702
2380,9.643011429616966,12.15763896994586,10.081114222382896,3.1576916695907864e-06,3.4330410459014153,-0.008279063168778432,0.007622121362035331,0.03334591182520352
2381,9.694720929510567,11.917246608393846,9.527308276939952,-3.374614410957222e-06,5.162622812131294,-0.018684843304303485,0.0010479085646935525,0.04415996720280255
2382,9.26965533245072,11.271259489698668,10.062988326687424,-3.932722927974615e-06,5.1466488243336705,-0.008663464609728501,0.007821083499244671,0.02940132851890231
2383,10.11067257670778,12.606458464710755,11.223699319401478,1.272607260285855e-06,4.346804610855358,-0.013897310142168766,0.008065804080964186,0.04084332911747678
2384,9.306386045350855,11.342328822503749,10.097367736160262,-3.6115957437107646e-06,5.048280395842051,-0.00868551656791207,0.007448583122699034,0.02932557861014766
2385,10.11122225107524,12.6096492941992,11.239756937886128,1.3752213092140163e-06,4.329000590276215,-0.013740742178611178,0.00809521775740285,0.04101900816470071
2386,10.115465322986818,12.929295011117809,9.532040809551885,-1.6704624180453074e-07,3.0040440250933376,-0.01215268850011722,0.0003683563175250667,0.06654066765441288
2387,9.845842229623571,12.602540310721032,9.141869010669758,-3.748667754650724e-06,2.116019729865849,-0.002130073780743378,0.005431150805206242,0.05417894518034953
2388,9.91676853981892,12.593231642279548,9.66444389984365,-8.580379474928585e-07,3.05082690379279,-0.010075594215871925,0.0012384768915923337,0.046580706307961336
2389,9.880573228067885,12.51324522017806,9.878055260112493,4.967482872912965e-08,3.3236556498530163,-0.012632192054092484,0.000909505108099601,0.05436591103220067
2390,9.217889452089299,11.350973780899675,9.611563286080864,-8.625573146280503e-06,4.153392702780199,-0.0070439246940852684,0.002996352887952018,0.1688649360293744
2391,9.824534057515597,12.480265671898978,8.56906890375559,-5.9463691042946685e-06,3.0370275800108244,-0.010210358239505302,5.442210930484072e-05,0.1099214282565253
2392,9.626927252995959,12.252938495812932,9.946833611727357,-2.344088579414544e-06,2.7579112510981103,-0.007429340196602741,0.0038155922791010097,0.06252742470623027
2393,9.974252697283704,12.678629660464058,9.536674868281919,-2.4821376263354e-06,3.1181406973342702,-0.010425567096772406,0.0017274956507817073,0.04646798051654297
2394,9.964269120687439,12.604478641506912,9.775441610348338,-4.682773394819932e-06,3.3931246851700956,-0.01222708329578518,0.0018266743150799384,0.05305716566468659
2395,9.689692940565052,12.237783059164824,8.877686280666888,-4.233220145180431e-06,2.992691508529322,-0.004792485716017564,0.005870628148070788,0.08047927619843093
2396,9.931167046146696,12.62390007489438,9.475533793364498,-6.386487907653565e-07,2.8831867099214237,-0.008515473865063843,0.002426875937260643,0.03498666684863244
2397,9.988124062716203,12.75739929208478,9.131575663475576,7.750945193540447e-07,2.689172388637424,-0.008728796516784248,0.001685413790108726,0.032607171510996485
2398,9.917272774224854,12.523820413276018,8.890194124774878,-6.254603839278978e-06,3.3524595608018712,-0.00996388103993136,0.0032005547323961064,0.015030091854309008
2399,9.802373126371252,12.474202684707674,9.631330790695735,-1.9584622971770946e-06,2.9479132994007986,-0.00907380673051228,0.003187846400173878,0.03882149017318577
2400,9.859431537320965,12.495541996614554,9.78975128767937,-2.4410630944608206e-06,3.1276395518443567,-0.009954399532032823,0.003852684577595528,0.041186986642372386
2401,9.939241589690067,12.698350538603105,8.89095899031506,-2.723858289578221e-06,2.9348822737083946,-0.012171236601238549,-0.00029679607865921,0.08144611778856505
2402,9.855308439062496,12.550789564095984,9.166243686467215,-8.446188085398434e-07,3.0954395821066125,-0.01113659253098628,0.003082887165534712,0.0742381987101796
2403,9.889350321098409,12.567568861341522,9.786174544025197,-1.8722621104312207e-06,3.3267075215558912,-0.01324176082701324,0.0012270690936155414,0.04005663773286955
2404,9.938592337028332,12.5740229054739,9.078144633238205,-5.030838793476889e-06,3.364648588147072,-0.011354598494761628,0.0027928789127455076,0.01886395951622273
2405,9.93389914551179,12.541629679818508,9.283351285674252,-4.374665682318683e-06,3.473278569774131,-0.011662115671952468,0.003253612358656281,0.03827605839705417
2406,9.905249399957128,12.578362344365017,9.445033853965253,-6.090143522971391e-07,3.034007698431462,-0.009372231587612653,0.0018050388614890224,0.06333432081317117
2407,9.976909110325789,12.606385459311278,9.311060613002004,-2.8245367591029796e-06,3.4045824423887634,-0.01175279746383158,0.002891264095084806,0.04311669930566792
2408,10.073908343196864,12.763564192231204,9.2596751228998,-2.5490533574749957e-06,3.471370234395292,-0.012119421357577593,0.0033033489038349,0.03851905010980105
2409,10.047043294548905,12.71358671082188,9.246379693337712,-2.9548193822528324e-06,3.467219757561437,-0.011450927234911677,0.0033533573950559137,0.036671129033705424
2410,9.666487404251773,12.154477086865562,8.211574886041728,-6.186096925947115e-06,3.343923962512348,-0.007847920116977812,0.004790254053778764,0.027658473630876944
2411,10.074344224199146,12.76333687974053,9.25899662111863,-2.5492617226185616e-06,3.472292645069972,-0.012059765995115436,0.0033081060628893945,0.03851186112338207
2412,10.049514750641087,12.691773277674471,8.35883776075788,-7.895610482969034e-06,3.5305613045281437,-0.011156645498692962,0.004538566850535548,-0.0019235859155168416
2413,9.318738750749144,11.585965704485526,11.349348319113888,-8.343920862708801e-06,3.868898820625696,-0.010875265085290964,-0.0029943599841198306,0.05187701399092055
2414,9.355331975925663,11.655113286178857,11.28732560803587,-7.687153727149338e-06,3.869294404454684,-0.01295430495672814,-0.003067051034964851,0.05442736098485529
2415,9.387308883611384,11.714984478025508,11.25013033007382,-7.57463407139403e-06,3.5196980559112987,-0.010337076271960614,-0.0025719862384462368,0.04891984980882692
2416,9.520125584591607,11.878178760377471,11.857789082332484,5.053440646711613e-06,4.047676640836859,-0.012287256146223582,0.001968962747871677,0.024373713283121407
2417,9.372359946802103,11.80548370522143,8.7062308793775,-5.167870219655404e-06,2.439656550786753,0.0004962301407458736,0.0020551333107109975,0.01512138459396159
2418,9.90052849420672,12.548017975610115,8.223591624202587,-1.5702822496592147e-06,3.3902644289637553,-0.013445255015282893,-0.0006486247566648374,0.03328100599560471
2419,9.818793598116088,12.450439029199664,9.687623735531918,3.979991707875872e-06,2.942490499450595,-0.009739343309627183,-0.0016271894115432615,0.06642157686118896
2420,9.525752631220398,11.880634390239496,8.101822111852641,-4.880225823221438e-06,3.5608535760131534,-0.008167333175289254,0.000895706978911602,0.0380190426507946
2421,9.371773648793752,11.610744923060018,9.10011444978544,-2.0685566823615308e-06,4.6254335011057,-0.017389106095900855,-0.0032448181618354513,0.05570207287558803
2422,9.922953473397968,12.493267626033289,9.766393175783127,-2.0221085663581387e-06,3.973444797024476,-0.016520492933623558,-0.0003566101893122115,0.08565174766743365
2423,9.870181743729859,12.469618953535218,8.401815121901748,-1.2751213206181027e-06,3.538930851375361,-0.013526596339899654,-0.0006485385028538789,0.03220595700405257
2424,9.887512378742622,12.478248374305034,8.118285244437436,-2.026719088218566e-06,3.576347409061866,-0.013818239740531976,-0.0011206437554982147,0.03187076667632412
2425,9.265958060518134,11.35315608611214,9.480496530027164,5.723632949324235e-06,5.064825889588916,-0.016641803745702385,-0.005758597126797025,0.1594032619364308
2426,9.862222478336845,12.411965511343729,9.779627106885073,-2.8351168907779184e-07,3.631649991415783,-0.013014854309839235,0.000347785856222286,0.037113665859874995
2427,9.801224333910032,12.265546927948616,9.618642394614575,-6.927390757715581e-07,4.1963110592676784,-0.01597867243951851,0.0001882226862598075,0.06404527619182515
2428,10.150016944580733,12.934483398559385,9.401994085013957,-7.708625068586567e-07,2.826313034478375,-0.009515028721366338,0.0012787358239951788,0.0378360903236552
2429,10.066719235070254,12.788507546554351,10.027592870535395,6.482730501850995e-07,3.2259140606541035,-0.011241283741137907,0.0018060092398421623,0.038805068212367254
2430,10.213222035353496,12.940111618959405,9.068165741753806,9.819289158883263e-07,3.667588475488236,-0.016391391846173452,-0.000877811995353704,0.06877225608991111
2431,10.110041158203488,12.848037850752824,10.047127405376305,9.994788063716881e-07,3.2825544733069427,-0.012230465736818848,0.0018606930601930472,0.03333247553858931
2432,10.1734243734262,12.833479843730332,9.194344702260517,1.7866083949019262e-07,3.725712988816912,-0.0134859116329056,0.003317881222419342,0.06208868937817795
2433,9.934406040351941,12.521264714652446,9.567357680615725,-5.202743316315207e-07,3.637313241464328,-0.013486327437338482,0.00022355930912036452,0.0712141993652658
2434,9.928333791968434,12.508803644363988,9.56782160590459,-6.207643980426124e-07,3.602918273980994,-0.01322064585884525,0.00021701545830417473,0.06905762604310864
2435,9.880786084367987,12.650135894911012,9.243195489460922,-4.4313977053683894e-07,2.5141756947589746,-0.007553374993319613,0.0020429864254958145,0.05985344433074643
2436,9.794136503073402,12.466615324109831,10.262797361353831,-7.147662707259963e-07,2.7208291043936876,-0.0078026988851044865,0.0019108377579876176,0.03442179926129596
2437,9.856099974993214,12.522589873590531,9.216652568558052,-1.1764516445024642e-06,3.205299550380243,-0.011810928419263416,0.0022426146661616328,0.011620245212787886
2438,9.732791000743568,12.4006295941855,9.420686019400756,-1.9553109864919148e-06,2.7023030242158637,-0.007863718518671875,0.0012262189760042464,0.03636609251290318
2439,9.967500523383647,12.60428906744519,9.333884497928686,-6.006825972603542e-06,3.2336243039788974,-0.007275292467679142,0.009117101795928983,0.03579157024374499
2440,9.977979427990213,12.644370339223636,9.229671674226196,-5.184090685052583e-06,3.171798514002814,-0.007489200417430894,0.00807527401632704,0.0341772658512693
2441,9.874477708170541,12.373350806517994,9.441180966433986,3.598172671144576e-06,3.781544057128303,-0.01309981504057345,0.0008970100373402656,0.0776389789234508
2442,9.973661897923865,12.627856008527996,9.272609559103262,-5.523075003930788e-06,3.1972720455521113,-0.0074010658232954276,0.008504529070292238,0.03484239336339339
2443,9.968001075531813,12.603961207838754,9.33421283170619,-6.009798356054998e-06,3.2339838289175753,-0.007330973319943285,0.00912867540817512,0.03590272156293968
2444,9.71603438347583,12.138416991945052,8.517027322579546,8.942583170988098e-06,4.1293476039609835,-0.014374324727527253,0.00013693448644697516,0.03837349060468245
2445,9.931037066988562,12.47981519296438,8.959314182272717,-2.633301259496274e-06,3.6804531020246305,-0.01072556724257264,0.005675551612330347,0.004620426686266721
2446,9.98521677409956,12.697027522495988,9.588457225993023,-1.3488932411655133e-06,3.2185028258203134,-0.011608813121232346,0.0020489214991523527,0.04648822386992328
2447,9.739310163723019,12.0400197245929,10.48304681788714,-2.9441209941053976e-07,4.757455488270145,-0.018183455007179803,-0.0009069029594859513,0.054682501058684045
2448,9.724530636280683,12.152811158706363,8.534300251660676,8.675125713948309e-06,4.128739114361197,-0.015887065568340193,0.00022903838068799817,0.04117492643101711
2449,9.971954349554665,12.603382158617707,9.364020865678235,-5.477503444945922e-06,3.259408998270916,-0.0074447107249782304,0.008438075728834173,0.0345191481388179
2450,9.973765405142135,12.6035788067511,9.355952023915757,-5.5383542126581045e-06,3.2714170680656824,-0.007505888358575963,0.008526139888523417,0.033973272029471896
2451,9.738056984298447,12.109023668931432,8.808573388249911,7.425795493799045e-06,4.260414093769568,-0.015023475350025326,-4.757953290941198e-05,0.04004643069684789
2452,9.387440477935185,11.723451059212968,9.938998583444135,1.5521355922708992e-07,2.8361665964776246,0.0015037976286157856,0.0064372591947234456,0.03653053495960304
2453,10.017439657115496,12.602009904786136,8.996904840190632,3.0350458265286186e-06,4.113673221142588,-0.016766492756623737,0.001605550381429138,0.04511286066429267
2454,10.169813728000005,12.84962271900426,8.640704224044285,1.6708001685950107e-06,3.759913459798528,-0.014092022689399616,0.0034127684170259295,0.04317760171406816
2455,9.744237979194013,12.109642715626045,9.827368130865063,4.534897287933837e-06,4.6059811421294095,-0.01881568520469303,-0.0009998874307697125,0.045377184080211845
2456,9.834099665049653,12.308422511116913,9.064403571960252,5.917919648445364e-06,4.125404590292874,-0.015726227480648475,-0.0003458536512511781,0.035300123936321384
2457,9.660757953915072,11.8921733989962,10.654035993547964,-8.362932491937018e-07,5.015673462971238,-0.01894372976515024,-0.0010239501327800387,0.06454369761061501
2458,9.960438384812976,12.5827440699505,9.625498896380252,-9.56113568065619e-07,3.3849187070351765,-0.012658453267023853,0.00013450836873643568,0.03738459017344184
2459,9.798905091768889,12.21231827080558,9.782278866835172,2.7629743222814973e-06,4.466797405478366,-0.01783600978033019,-0.0003100527549927839,0.04265770570438913
2460,10.006704524748608,12.547133626979395,9.712025290405792,-3.3438292838181136e-06,4.152558979913885,-0.015487519836771177,0.002296710613199725,0.04269917399890388
2461,10.122864538472363,12.683778981402575,9.522696321466574,-3.509298261434134e-06,4.176132772300842,-0.015306228504077452,0.0048258079353004826,0.04841220919896048
2462,9.654945193002836,11.877601166658724,10.680135291592446,-8.0607631067869e-07,5.057816407106003,-0.019185435856119745,-0.0009740986949876912,0.06489076011214054
2463,9.848397341847582,12.345693902599162,9.079285184608565,5.632412451931693e-06,4.09382395436287,-0.015677252382624705,2.7886203403754747e-05,0.03433379260078649
2464,9.74637104295375,12.110990261207432,9.811628174610918,4.396087784418154e-06,4.540777018739498,-0.016939491945777443,-0.001079647871554172,0.044462498161802096
2465,10.169589684925862,12.84973748773691,8.641249568540484,1.6704628245520082e-06,3.758726700350664,-0.014144147978706056,0.0034084556147971536,0.04321229974058734
2466,9.833391702513579,12.307883298594456,9.070397569802642,5.841500254149012e-06,4.122145955308425,-0.015667028734290538,-0.0002952529739624985,0.03530764717733672
2467,9.689452544540735,11.98991871782432,9.94134180326668,6.072379858529899e-06,4.92501084589812,-0.020212679421133237,-0.0008443518362588086,0.048673824617788713
2468,10.072803715155604,12.582933717180598,10.00336142397274,-5.961916779014308e-06,4.262226991151266,-0.014358845266974576,0.005171881350575641,0.044580245305979774
2469,9.751658609436621,12.42428479004976,7.56526981453393,3.3960136569327266e-06,2.4090973723364333,-0.0016319126360692818,0.00837541773414845,0.020655896599285697
2470,9.589666750489544,12.070371063849212,9.706393346976983,4.1537546742927923e-07,3.1264505751326555,-0.007555934177630064,0.0005172505997228204,0.05340397997867037
2471,9.973765189566507,12.66073564973482,9.37590024603597,-5.774402728411411e-07,3.052618066734712,-0.0102622242192069,0.001727977809293825,0.04987055006361744
2472,9.90577438892199,12.561782692134235,9.102130910847674,1.4925748110677242e-06,3.2059932286471113,-0.011100222065680431,0.001519597250178488,0.06277993101761575
2473,9.312355339084506,11.626503302442767,10.640628077148946,-1.8715239920350968e-06,2.8218353602961836,-0.0007536421421532013,0.0002958329543584952,0.07621157930295161
2474,9.795158088038402,12.33267263066436,10.345139626288333,1.9133233674716245e-07,3.778314305641001,-0.014613395596756474,0.00017162410025876092,0.013154254977269478
2475,9.517420520018936,11.735908104765016,10.011041195651414,8.774342826027186e-06,4.926149381010905,-0.019202476843437635,-0.004067248605778328,0.03654711897951136
2476,10.026739432502458,12.854206666681128,9.011315494508406,-4.4320550012960636e-07,2.855776612452903,-0.011976675265752662,0.00017263674500310813,0.05685658732764756
2477,9.536393974344032,11.774238999536593,9.981089549822963,8.533772161614957e-06,4.832194168189419,-0.019277622513630768,-0.003800800016264932,0.039507178697421715
2478,10.075531806713697,12.845147857973716,9.426390859069754,4.027477446056196e-06,2.926371083444473,-0.009435823164196479,0.0035493299533856763,0.02257006266256266
2479,9.612491978380024,11.890194452134065,10.002920481528395,7.3203103125305376e-06,4.818075730487128,-0.018931806457070873,-0.0034915187055691976,0.04278246566722423
2480,10.321516792176975,13.04931494548878,9.928857371724957,-3.594423488222858e-06,3.9532436473055967,-0.01726019577416721,0.0008593610924228262,0.08886546496881387
2481,10.197194749926878,13.126529003481789,9.030861617340191,-1.4012116761661445e-06,2.8571079716408447,-0.013042214748489364,9.589450165382048e-05,0.05754372341835309
2482,10.249419311945742,12.956997162118167,10.046912433943186,-1.6399002624276717e-06,3.580549198301835,-0.013626752267782469,0.0014020019704489386,0.07338600224045416
2483,9.706083287189285,12.303256987202886,8.592342966171156,5.001977713832969e-07,2.9026373920887307,-0.008330392352715689,-0.0008446817157412699,0.05781495624841928
2484,9.670904712458062,12.238940399562672,10.414688176049696,3.40058693913497e-06,2.962602123085345,-0.006948271632827533,0.003178784935212946,0.07046720630729321
2485,9.672290039394115,12.222852415402606,10.383889797554538,3.1949628289038495e-06,2.837274051219384,-0.005247026668694114,0.003156885535124458,0.06850191672620207
2486,9.687987685808437,12.253812807921364,10.476772686357602,3.475566681411111e-06,3.032492770883991,-0.0083531259856546,0.004090363473342858,0.05884247217836738
2487,9.187264474747597,11.2283987106768,10.409121314692214,-7.73009678874818e-07,5.5048946662064075,-0.01949206267854891,-0.0018839890005031487,0.08345074040419093
2488,9.479281346444461,11.863844180698964,9.782813513890227,-1.873159659770778e-06,3.2278695025930166,-0.003995938000371539,0.004355146422164664,0.03622800386999109
2489,9.36721432664946,11.61997991472758,10.023171025777758,-1.4509562132023907e-06,4.101721148909078,-0.009942870110711358,0.001960759725078158,0.05435062575550247
2490,9.44346357347955,11.692899385926772,9.892804283075781,-8.893898938588719e-07,3.924882461303542,-0.007759395952258781,0.0015350197132621083,0.043729502901117295
2491,9.299885445511363,11.316965491161382,10.414426361332817,-1.2721392145808476e-06,5.174575231851122,-0.01404004112815578,-0.002483620846147879,0.06621204112011322
2492,9.318376924958292,11.513706926143133,10.127915814913884,-1.2669652464293375e-06,4.482534736597008,-0.01253446853845632,0.0009173160326919898,0.06224823708075165
2493,9.881082149636798,12.372301429427086,10.701267125099026,1.9068822162246596e-06,4.004155226825672,-0.014761164521764944,0.001034654932734907,0.04409138319874073
2494,9.159827459861113,11.27178683501758,9.966366677717659,-2.1612377632543534e-06,4.61732434234668,-0.011907068184586624,0.000884254282025777,0.06736416518055778
2495,9.26817924914639,11.37217815098855,10.444814116384997,-2.3720476054913187e-07,5.296834544635315,-0.018649157778936738,-0.0005461620107446094,0.07662776380883796
2496,9.309973788268746,11.493785398849203,10.11126713028867,-1.436892538629116e-06,4.5279666388034165,-0.01269111268717401,0.0008635188315102121,0.06316680824836299
2497,9.698783292205192,12.15339269673362,10.514900606586592,1.4437214049205094e-06,3.89655149854656,-0.012912817206672434,0.0014716620947822633,0.0471022188647405
2498,9.593213755086099,11.951559094799492,11.532682491999106,-1.8996665620996389e-06,3.846142725140405,-0.010734792115041386,0.002277111919854499,0.07179575276801599
2499,9.209671641792141,11.319132177152524,10.097490693258065,-1.6065894215347491e-06,4.744830527740591,-0.013667310754605474,0.0004851083574982981,0.06867139274758752
2500,9.316846997543978,11.507079437447295,10.100701739520424,-1.314434762096162e-06,4.436652843487936,-0.012858157513796636,0.0007631394621533802,0.06756198987727166
2501,9.284192410249496,11.480051309860675,10.047054718924668,-2.3898190810911658e-06,4.458505384354159,-0.01311298697196752,0.0002833517507903442,0.06401340066837212
2502,9.20200351745381,11.349992888730656,9.929319245381253,-3.3886702941226524e-06,4.509394833867829,-0.01288844859381455,-0.0009618702001654408,0.0686766394059809
2503,9.434962640903558,11.718635107321273,10.263032862667682,-5.574908594150451e-07,4.365151966634957,-0.013524888165830418,0.002567631224268803,0.05545898952899802
2504,9.493530868588625,11.913014623202743,9.964091244251176,3.3422872115556223e-06,3.339770688434336,-0.00888076134603872,0.001137888093399176,0.08632360521855732
2505,9.864114650227126,12.473594656075022,9.072018707449672,-2.3629075499448123e-06,3.2426138051402407,-0.011486044238891262,-0.0010322358249757555,0.05416534656950674
2506,9.695533251564118,12.272463508019255,9.920898291604079,-1.669897722551293e-06,3.0572929308553203,-0.009831027503626863,0.0018216841661293835,0.02547928208696059
2507,10.133671327572,12.899003367729128,9.775338217634898,6.508605400646612e-07,3.1476241977078843,-0.01171090873268994,0.0016372515314333675,0.06109940921492438
2508,10.125877496303673,12.883479124907742,9.739334655522184,6.47340471715219e-07,3.1621170158905416,-0.011955103094788377,0.00154723117111561,0.06315765322612404
2509,10.008582605186072,12.586393888471129,10.078009173953058,1.0234469568537108e-06,3.704042365185821,-0.015049017031457983,-0.0026905858139963934,0.03702347051977599
2510,10.097326054091935,12.722351493100453,10.124676438078971,1.4066217468810169e-06,3.7536066616753536,-0.015614370888827316,-0.0018913058493925576,0.04713470546054707
2511,9.316156873137821,11.363416243400124,10.139129191871875,-9.463035500871208e-07,5.545964941242019,-0.015812263424810562,0.0050579974779694035,0.05468055508531628
2512,10.091125391804423,12.712605089258524,10.128503461738497,1.3676291055805918e-06,3.7628843998802246,-0.015882838414189027,-0.0017855906226587562,0.047459649628809594
2513,9.899413499273093,12.482838434936475,10.147130142774396,8.115586474461061e-07,3.6703372613256326,-0.014656276472984224,-0.0015433418194285404,0.0436319650950152
2514,9.331229838381722,11.386269741001067,10.20833875327909,-8.4650094076735e-07,5.4547806539917065,-0.014956187654229227,0.004638202732212477,0.05347024101708997
2515,9.775870783691868,12.12556564184452,11.158270357538743,-1.3383442512154122e-07,4.384591033731651,-0.015284334846665536,5.888978090334276e-05,0.054773051258477194
2516,10.01848011613577,12.762463841680985,9.591025645957174,-3.312594319048176e-07,3.0754040692484694,-0.010845789681063905,0.0018154312102912316,0.05686864809178416
2517,9.325793440859167,11.373420463619771,10.225046767854291,-8.902136932528547e-07,5.464641159956691,-0.015183150551395148,0.004658865548831881,0.0549399975076664
2518,9.85256050574536,12.429695931144147,10.275445580497896,-2.4867954722035337e-07,3.528825719795201,-0.011023680227267126,0.003418750496203194,0.07177244493826027
2519,9.580322879888534,11.934484354413332,10.421576094798883,-4.881873441743847e-06,4.301441022148968,-0.01592695904339874,-0.0019466608839053988,0.03790630880748561
2520,9.939373101674574,12.509974734363984,11.412670760149858,5.55334667608571e-06,3.7878578535809706,-0.012173918249323411,0.005466208866473327,0.041511028280935953
2521,10.213070851719095,13.0779309954326,8.77720868262135,-3.0301252997293055e-06,2.8314791868936977,-0.010310976896163443,0.0016346680085073575,0.04003066477787762
2522,9.950077760412555,12.511151685283846,11.427410785812516,5.5979295719341325e-06,3.804975426073404,-0.011394739696429228,0.0055147382609420925,0.04055925347780569
2523,9.945431837925543,12.56868346331964,9.40033598594739,-4.141674144785695e-06,3.4046835076398985,-0.010809718578208276,0.0028691955335422396,0.09317083767295757
2524,9.929264829917104,12.475533972117653,11.593193872269715,6.3229926270798234e-06,3.8148315996899274,-0.010786045068430576,0.006647268927864245,0.04044406432646402
2525,9.969584841262735,12.55074173211612,11.652924485880728,6.711493381885212e-06,3.6872444333068106,-0.010515926214086905,0.006727647765853067,0.03916572584682381
2526,9.922737898580698,12.471595039414703,11.478792585794531,6.162260704351566e-06,3.806925196993088,-0.01079172118882726,0.006686248498193052,0.04018040059964056
2527,9.63528645869686,12.046431583924694,10.596420716417455,-3.7576430005752937e-06,4.21657087912738,-0.016531991242463642,-0.0009468448023679,0.05216089590172558
2528,9.498398821159181,11.7137041551781,9.219211768134238,-5.637629305140466e-06,4.63598114508347,-0.013686275522101594,0.002575652902916626,0.03800548398978533
2529,9.293737307520928,11.28626150091922,10.526859007296569,3.458603312742023e-08,5.721882023767478,-0.014788115250665947,0.004957163863068647,0.05742454596862522
2530,9.546527527972952,11.852772552971164,9.538385730806379,-4.660305294261028e-06,4.422214865423871,-0.014028039247453558,0.0021856610852703413,0.03968150293623269
2531,9.791915219049722,12.259698818490747,10.031027429730209,-2.863560984913021e-07,4.254913247057847,-0.015599744203194254,0.003070657789350105,0.06405077422359855
2532,9.955506368969738,12.501960936823195,11.899409220323744,8.063274647866734e-06,3.7853026453678447,-0.01000847749077148,0.007767700653224246,0.04158647329682509
2533,9.498208069987927,11.71893456298687,9.252637296010109,-5.382376251189778e-06,4.606246812598979,-0.013435984928815566,0.0025644209083783634,0.03733213296806795
2534,9.939916918330285,12.504845407446794,11.75220559029898,7.4624881830531235e-06,3.5876134051272763,-0.009590175610298598,0.007063726696905812,0.039949197838036826
2535,9.897436657296526,12.414107207746373,9.652342869743794,2.1693040106920479e-07,4.1995622555670336,-0.015264874922072551,0.004544701494621517,0.06391953980953088
2536,9.536200385127032,11.863187533289638,10.018337089924705,-7.498801520295884e-07,4.113480964550366,-0.01230629515177098,0.0024139054025226372,0.036331746259165576
2537,9.151187206535663,11.214031425349422,10.892403005922358,-2.6440958658244014e-06,4.106208361610535,-0.004065863752603595,-0.0011668116961391956,0.05172444141873128
2538,9.07736985015571,11.096120807846868,9.588579142882052,-1.735761123659558e-06,4.460933675028136,-0.003953599600840574,0.004388141467083789,0.021467818103821368
2539,9.604814488833464,11.822557488235816,9.865812121440834,-5.726183266889034e-06,4.971243471232085,-0.015699977008212733,0.002760487286679719,0.04347408198255642
2540,9.655843590700915,11.967955719926357,10.293882415649694,3.8952432164597026e-07,4.2994380944430395,-0.011812003906778603,0.002701076187471494,0.04181467913604463
2541,9.60664789748156,11.83431715405931,9.859496768952244,-5.716216737325385e-06,4.966065109576477,-0.016510580834170833,0.0027772337682640826,0.04554890997262456
2542,9.53926298514507,11.903104690008476,9.92140214029634,-9.037952797780382e-07,3.97539315421488,-0.012729368914050215,0.0019197197202119336,0.032383710250358425
2543,9.692584799093861,12.140672308961244,10.231740864902378,9.251624870856005e-07,4.172230516956155,-0.015033514259513351,0.0031780596568080953,0.043167597817951965
2544,9.723734399656152,12.084934209131134,11.027541923234567,-4.604637623778054e-06,4.68719930156476,-0.01912435667278072,-0.002024637118940618,0.042319770233437914
2545,9.678442029223346,12.000808570105812,10.974804087298436,-4.1159798160105495e-06,4.796184301676557,-0.01866761253109072,-0.0012892314100437577,0.04391078354588939
2546,9.388042306109027,11.435157248077717,10.47017166507613,-1.3719271818895603e-06,5.551846051310152,-0.014782921817915047,0.004259425590984787,0.05277361438306238
2547,9.50359177489343,11.804066546114118,9.718420115455704,-3.543677876464544e-06,4.143509422275173,-0.010317096785697658,0.004901951670518306,0.08573321884579733
2548,9.385824643275624,11.43082778858052,10.475229739933711,-1.3704091478845735e-06,5.560772532708888,-0.014876382751147455,0.00425902467634153,0.05247170969041456
2549,9.930750639025032,12.401387708165696,9.297271412443237,-6.424086812868442e-06,4.634439522375415,-0.02068923047136287,-0.0013536384453000988,0.01986683869795905
2550,9.286625089478951,11.45175098898023,10.767673279738394,-5.552476650638255e-07,4.277904844331989,-0.009821957413220268,0.0008865921025364544,0.05755689894832688
2551,10.05608085642856,12.708431462535556,11.913672173294264,8.83518316276096e-06,3.541503542297177,-0.009619424959730189,0.00802514403618663,0.04256045347845244
2552,9.6788801906689,11.9961894481282,11.033590457647737,-3.997907918862654e-06,4.8101711967752045,-0.018666447522049257,-0.0013046969255609518,0.04386205051377926
2553,9.51712566353088,11.903261952953695,10.16204289205862,-1.4628254596842655e-06,3.295020548650709,-0.006595259720299462,0.0004482666818184356,0.0728970511108471
2554,9.671516302316974,12.015750139820533,11.046446377486888,-4.0791142782190655e-06,4.6773870550733605,-0.018702324000315795,-0.001503557292331422,0.04886700995271323
2555,9.24498246212809,11.151124178748336,10.556639732837828,-2.5779146008346137e-06,5.8096525853021195,-0.011728415406904882,0.0071261495277826605,0.04409738829814483
2556,9.717978998056832,12.03335677244641,11.408354558879354,-4.3382102027701865e-06,5.026054000170507,-0.02155707832414032,-0.0024660132921670527,0.04447409643627554
2557,9.752077210665188,12.37457271348264,10.241325389338751,-3.3088325540098693e-06,3.0119368900618335,-0.010722631613942546,-0.00023434723831472663,0.04604805969447462
2558,9.86473283680618,12.454351623203324,9.945228676542724,-1.364841265560237e-06,3.5500083969789316,-0.014810335969978088,-0.0011653456164579786,0.052499633389498465
2559,9.9351537278287,12.508880352265525,10.330407300288565,-4.609887255481463e-06,3.572229104458547,-0.013520694110341291,-0.001764328497625204,0.07009003411906858
2560,9.96449034143403,12.569290505144986,9.011943108081244,9.909988213344827e-07,3.531366541207518,-0.01331927958631792,-0.00034962698032980997,0.06310399486715892
2561,10.134195595765975,12.813773759958362,9.81808172169855,5.980085674582694e-07,3.7547793855091744,-0.015787288197817457,0.0012520222636455325,0.0643944953880739
2562,9.58102987681829,11.997810397138386,11.391442002722798,-5.736350428709327e-06,3.5992180695759215,-0.01124384646541796,-0.0024368214086561224,0.0744213350926397
2563,9.859944772614671,12.4639044048246,9.988776055623998,-1.5267997275289747e-06,3.6327841022595417,-0.01536270777761614,-0.0013014030564191751,0.05964853868681469
2564,9.872488428244294,12.479426576597556,10.101901412450443,-1.321711892782318e-06,3.6097909872042337,-0.015187325573277486,-0.00131082031449848,0.05666144477688304
2565,9.577369642301656,11.9953000751693,11.561243421689571,-6.328850858686209e-06,3.6801241769259825,-0.012744100676762855,-0.0024887465164189285,0.07059173868791707
2566,10.039445845840216,12.526481163257342,10.512514410912848,2.1562555611414736e-06,4.565005019594435,-0.020330928010766025,-0.0021647701169265946,0.021834630079569
2567,9.872562389799693,12.486280661775764,10.1869452471148,-1.4082667379982672e-06,3.6115126787494254,-0.015506519754537616,-0.001419897055953878,0.05936889298946866
2568,9.92659473749848,12.487010702495622,10.694449187801796,-1.1433474152741529e-07,4.069179256157379,-0.01854435221673735,-0.002704505199132669,0.013076909274038262
2569,9.512825077649712,11.872760615784756,11.138321835235296,3.1782087630584877e-06,3.977699445208637,-0.014638039615925231,-0.0015678822081210632,0.038389459107348325
2570,10.131014744542902,12.772504797599735,10.741968872821996,9.621935474811277e-07,4.0229566592016734,-0.017689285073172682,-0.0003421649971124545,0.0423812651391719
2571,10.134058393561292,12.771295694413732,10.751856329318798,9.978891887013814e-07,4.055643670093433,-0.017643109115282,-0.00032452390919494737,0.042102140223042955
2572,10.156512352711292,12.766106958732635,10.597885956548955,1.2173531982558023e-06,4.196656456166509,-0.018079801437980773,-0.0002114557580110246,0.04028633981266004
2573,9.632301166499191,12.154391518263408,9.968087803035356,-6.279534291494693e-07,3.107127429223846,-0.009326801399522874,-0.0019868447299627506,0.043936296449373635
2574,9.951424113039176,12.572208349620713,9.448539473476357,6.678481095234915e-07,3.4784111432015257,-0.013174022987446396,0.0003613947853646328,0.026028330725312965
2575,9.939034626477541,12.556957837149898,9.39397886510503,7.094235591062184e-07,3.4288269497937818,-0.012864600246367172,0.00035276581559128716,0.025809470460054235
2576,9.31090725643324,11.397279772444891,10.6440494633894,1.086842866808483e-06,4.95704742120518,-0.011544598071058563,0.0016749289387230078,0.03274115133141005
2577,9.360865123681206,11.500013864733525,10.550292222547506,1.0253125079226549e-06,4.7272810172879165,-0.0121370533198164,0.001502046719188236,0.03756904094549432
2578,10.15964501287832,12.764108159440648,10.59731371077284,1.2151182155924546e-06,4.199222243770978,-0.01774709871107876,-0.0002497113685641216,0.04032764235059594
2579,9.06736747369443,11.044549815012632,10.968969018528492,3.0936308667942665e-06,5.351535684794232,-0.014193243191698108,-0.00011699159214311612,0.03468632719997357
2580,9.683825947213139,12.23807656381685,9.97931165836049,2.0029957705905643e-06,3.1038868324402444,-0.010483031180203654,-0.001589256985006792,0.025702006466403624
2581,10.186555638475534,12.798495024398774,10.695634771968246,1.324976746031634e-06,4.210473833581445,-0.018106063724685477,-0.0004891337293625336,0.0424227504518515
2582,10.182158584613378,12.816137417639805,10.739886244151664,1.456656483983541e-06,4.1911500425709285,-0.01885236128762457,-0.0012362663121752585,0.06317828156712388
2583,9.3204837182426,11.414544433427093,10.620416908889757,1.2619064741208175e-06,5.048093731476651,-0.014310926979049909,0.0020758873358878204,0.033657393413561845
2584,10.3190687121951,12.922597071321212,11.133922968459132,1.4071070689064954e-06,4.493440456157631,-0.020655529923737447,-0.0010145596809322454,0.04562897400664974
2585,9.822866633800343,12.302324902075895,9.461897152680196,1.2133913002304852e-06,4.170786979894855,-0.017452689974246604,-0.0008029235500680773,0.049701611732657816
2586,9.950002588583684,12.619653543540313,9.760124930580798,-3.572545160715229e-06,3.4183662016013403,-0.012054752520718056,0.0036102671074602424,0.01970979775904522
2587,9.317977869646311,11.366406603857088,10.659320968349206,1.026265406903352e-06,4.99977967255527,-0.01185767802152507,0.0018697674303293265,0.044078989038437294
2588,10.147888832453138,12.83267730429673,9.802832290474988,-1.8420904502673613e-07,3.7604440478820753,-0.015407494233512087,0.001369453616373982,0.04201672415489749
2589,9.877963458419098,12.456883671452204,8.89488357490218,-4.062236655296567e-06,3.6451593583007136,-0.013109968585024195,0.0030626313474671736,0.0320023076101874
2590,10.222048849006867,12.964491949251352,9.69505609441974,-9.096968336073353e-07,3.6073099405512346,-0.015005331586071766,0.0012917437171758586,0.03835107194455497
2591,9.576096449902135,11.841802749616033,10.527656564944891,4.803935573045294e-06,4.768415427551705,-0.017006798967599424,0.002054153590155301,0.06540472559218165
2592,10.146078145903168,12.8284059490718,9.803674503407285,-2.443211545734894e-07,3.7715301795285288,-0.015076174553676332,0.0014148713167575254,0.03952903884250328
2593,9.523429986585498,11.778559816936848,10.51089452054519,2.067482524207217e-06,4.5936987727993035,-0.014174029876894062,0.0011028270869214178,0.032918507060681994
2594,10.15146673898388,12.855109339758332,9.717887958586966,-4.707460636798434e-07,3.734037384827535,-0.01588128549949775,0.001609423929636692,0.03290657869773697
2595,9.510931031236622,11.738852584719446,10.461236315697146,4.9312652782490024e-06,4.78172485204767,-0.015215425600257971,0.0030517013102172048,0.047910203085488864
2596,9.769203672750661,12.063329525324464,9.818910835204298,-4.390722480614134e-06,4.939053261781634,-0.017727040347837203,0.000718266042791892,0.03414782135694882
2597,9.508483921741277,11.729684184101698,10.473107498206428,4.637932427136471e-06,4.789772431662292,-0.01469281948876068,0.002917441171328361,0.04633166400688271
2598,9.911780776159938,12.460689077802972,9.545178764970006,-1.1544907063864985e-06,3.698495211790153,-0.012339278596015218,0.0014298480657700403,0.04870788145789964
2599,9.47461957943315,11.610376687793286,10.6846033030378,1.8279575034342367e-06,4.923082490261793,-0.014310348317849636,0.0017438605647100269,0.033691727241534894
2600,9.405498707385872,11.434332977662224,10.845003318158168,5.062749933543955e-06,5.545186957264157,-0.015984140192443305,0.0033892813616272117,0.03940940748449651
2601,9.78164288378196,12.36743883247788,9.17394836317937,-3.5878413865211186e-06,3.6178694049925166,-0.015674347817277112,-0.0017233432153746287,0.2363659783732065
2602,10.13765860927078,12.747374270406642,9.17992156465678,-1.276498052558806e-06,3.759737637523912,-0.01236790513235848,0.004148521976710218,0.1802868933375824
2603,10.136794751278249,12.747842298602356,9.180849890538742,-1.2750801537207043e-06,3.756771723114319,-0.012292467779539053,0.004132887430368359,0.1799002788141761
2604,9.718346272690013,12.212090173442157,9.921256931056728,-3.557573792025918e-07,3.6037505500616,-0.013074305177872983,-0.0005861086178998937,0.08971986972987357
2605,9.768550469985845,12.113825575469535,9.196693059689741,-1.5272907509525236e-06,4.5862962663744495,-0.016409026901036648,0.0006292384546197835,0.026588328445158887
2606,10.262334410294994,13.251330940261484,10.553694395061203,-5.536642471424935e-06,2.6052505013793263,-0.008527215617396292,0.006724826940185631,0.031686189048087024
2607,9.754022418896106,12.09987570219072,9.2371500631073,-1.5373462289079751e-06,4.617454236305623,-0.016682520076706998,0.0008900043063857773,0.033067883250544494
2608,9.769085984747145,12.111510406828485,9.1998515341974,-1.5479095679483844e-06,4.588360450896598,-0.016455229333021973,0.0006432700471408438,0.026812429319988097
2609,9.386264681915288,11.560648646947207,9.715554261686197,-2.3572876549874686e-06,5.027230444546791,-0.018620772619992104,-0.0032883712648210622,0.02670278870505064
2610,9.517202856683708,11.786964016063935,9.676452303447679,-1.4158593282067115e-06,4.550723629904201,-0.017997720656339533,-0.004256129704082564,0.06560339368876339
2611,9.771597774709702,12.117047896589565,9.206315263421546,-1.5143339943658095e-06,4.55882901167483,-0.016137445354223855,0.0006542535117738141,0.026581989831975066
2612,9.934006714626868,12.675247608561625,9.856286854869088,-2.4396969314727305e-06,2.5935083888045782,-0.007531756689688078,0.0008865349239716148,0.04129223545328036
2613,9.642035601363839,11.991016439173846,9.080621378175518,-2.500753733458468e-06,4.658427168881111,-0.020338198438052586,-0.004952069879065264,0.021134172051973377
2614,9.644381429686245,12.22828734994439,11.374991709877662,4.047783102163294e-06,2.7331141937313426,-0.005334487989046413,0.0039050734035661703,0.02361117619735234
2615,9.740170687881513,12.137379614797702,10.415399027532532,8.616048964547735e-07,4.4548956701186,-0.016360038593114915,0.0030599357009678816,0.011971499642383808
2616,9.84700501076462,12.338885945483876,10.9687593874051,2.449380138477019e-06,3.9072293774910616,-0.01157704893243408,0.008235626500729003,0.08589890192988038
2617,9.852639333040914,12.446487600350068,9.25956669818218,1.1446069217806544e-06,3.361290134376297,-0.009987996768320496,0.003035995374455663,0.1553004850598187
2618,9.334255346227076,11.506246055850797,7.687670553651083,-7.940312607169483e-06,4.580633219402864,-0.015010352391972764,-0.0030709506635656536,0.139303086302169
2619,9.81226239373064,12.23256360680304,10.082248311922292,-9.673242213298333e-07,4.129970569277075,-0.012642686753884323,0.003436652371224742,0.05599674943021143
2620,9.867547503258304,12.358731978154896,10.0449616907878,-2.784566284122745e-06,3.981965790452016,-0.013324683669099786,0.00193076305687611,0.04275992373985578
2621,9.790655788894517,12.210256354233666,10.18778110650014,-5.430819501668065e-07,4.130175477739187,-0.012611066495311397,0.0034928848420664148,0.05591334785798143
2622,10.239373714283476,13.072039391164402,9.324654752289595,-1.7722935578705552e-06,3.1572280887596444,-0.013334023652316509,0.0006783643519541029,0.04511855575368323
2623,9.739974208113276,12.182509635185468,9.761596008247604,-3.421898582298319e-06,4.0483671126348835,-0.01604954037972218,-0.0028980162948207895,0.06195142557419732
2624,9.194006185304286,11.387346195021404,10.395973787854086,-7.607838667519372e-07,3.7520178674436706,-0.004999973452166295,0.0055179425322350786,0.05744527958194426
2625,9.275849072799977,11.523580629666192,10.351082734944942,-8.278428788109122e-07,3.599012894306228,-0.004426744109836019,0.0045697971172521164,0.059776141954141944
2626,9.855256053139565,12.221964355185047,9.408080296100788,4.0669130784084476e-07,5.028362120545627,-0.018927553759847504,0.004406379604766062,0.06993331571962276
2627,10.04806827305096,12.666865567463809,10.50248999732664,-3.34995054848183e-06,3.8866658519275505,-0.0125826904919411,0.008694676761649991,0.0826224149044686
2628,10.046292588454198,12.700131733733896,10.282759191381254,-3.0049673085374793e-06,3.7674421258972406,-0.012459349963745784,0.007686285963588802,0.07900050153317278
2629,10.047470758315896,12.667176645457708,10.504454082505845,-3.3470799275799603e-06,3.88713357060654,-0.012637459179226295,0.00870513771211811,0.08271929883517244
2630,9.942651359294098,12.42261313894647,9.902925180477895,-1.277816342269329e-06,4.508388168038177,-0.015953745740913277,0.006356961866827332,0.0752766042746843
2631,9.965874362173983,12.732273205125892,8.994642306478443,-3.036374479888868e-06,2.92692488375666,-0.01001022265683876,0.0030056462641200885,0.05269219654098682
2632,10.002476753372212,12.591867913471646,10.29647564939626,-3.898363368974167e-06,3.9715335192646632,-0.013397113660519822,0.007439674462018752,0.07257619519454636
2633,9.071635374371072,11.143334805505075,11.032297416919668,-5.772564923434708e-07,4.147934738697819,-0.005553978879847236,0.00075081647241098,0.031125541726159653
2634,9.994713444387799,12.587451285804748,10.273971615846804,-3.635443892916944e-06,3.9011216456706825,-0.012588333856906796,0.007000731000556702,0.0701253423905947
2635,9.50803873617362,11.724543489660276,11.09276747735943,1.4407385841531535e-06,4.512775653888529,-0.012699221275802162,-5.0171773173081234e-05,0.06193594162237248
2636,9.418645475852143,11.694791743698511,10.767736814230066,-1.2665365326632273e-07,3.94678592268357,-0.010714699972502906,0.0002818526394413844,0.04004940085022429
2637,9.838441765927854,12.508526877085616,10.22921897781394,-2.2268542752509823e-06,3.2093643596016337,-0.011132652516396646,0.003526611372799337,0.05640624095168293
2638,9.89614258428383,12.637082292966644,8.876094730511616,-4.0044698824840685e-06,2.8843558923854697,-0.00923773983267059,0.004379651796294404,0.0529795415817814
2639,9.903094245635224,12.566660217621644,10.665048382266114,-4.021251914969427e-08,2.883667043700012,-0.007183477215062208,0.0033394345396879684,0.027336690518102513
2640,10.055232854659817,12.793181522219683,9.263235009679024,-2.5826410991799883e-06,3.080419325833866,-0.010287165448061974,0.0033670193618760215,0.06557318088948799
2641,9.843917262909663,12.634221899658773,8.366852564275808,-5.056956815052016e-06,2.406944957459386,-0.005729559837783074,0.006104200480832538,0.06316261699834752
2642,9.886581241200268,12.463980875913697,9.856004174398095,-3.2334206983553916e-07,3.2991227946946786,-0.009342516745782604,0.002629833017801638,0.02653346163565648
2643,9.251670999052232,11.369287412081114,11.720384142409,-1.996091543194325e-06,4.259443781697981,-0.008830178583435303,-0.0020300417911007004,0.03024848322909122
2644,9.3444290587874,11.554172432740431,11.618751349278286,-5.282093701652835e-07,4.076360739688106,-0.007582237158231545,0.0015540105325268358,0.040095253387712054
2645,9.951625051072437,12.559443238053296,10.579157112799288,7.096353781388306e-08,3.419452816289855,-0.011799934723483877,0.0005371601755624064,0.033218653771545065
2646,9.498710889701528,11.721448267009114,11.141821329269854,5.313150832254025e-06,4.692556814494271,-0.013166480207963314,0.0030614100272379993,0.061430444287776505
2647,10.054897382981451,12.669237352913044,10.011059795476902,5.488365891551649e-07,3.7161008978393855,-0.0130418360007983,0.0027576062658024618,0.07374096633800481
2648,9.897786584339045,12.440456313577828,9.361211419521569,-1.057712356415244e-06,3.851554725577671,-0.012533346425695905,0.0037961719216218553,0.05139136206408701
2649,9.797684810176493,12.06752660505336,9.918522909363944,1.8643763192716075e-06,5.124595122246492,-0.017781536376989537,0.0031459636624770297,0.0462763448116611
2650,9.26938043026225,11.258737750133792,11.037441941676994,2.299889905785373e-06,5.3361934979478365,-0.012671080636588236,0.001246724809254452,0.044561822939273535
2651,9.819731772430739,12.108734102100929,9.77017217712787,1.1717107129859544e-06,4.917965102723823,-0.01569155883824847,0.0047275317779098425,0.04979597674401412
2652,10.050509274257529,12.723135590568448,9.62322318503798,8.816096240510985e-07,3.5911760938882216,-0.013375928183931862,0.0030012712241281178,0.052906030526744086
2653,10.045708093439508,12.649917399920394,10.011683096140551,5.627264109015426e-07,3.7146626764176434,-0.012581488322385133,0.0028480207107335212,0.07263881050117996
2654,9.331974737541156,11.420985919381485,11.067091177428894,2.2160287891001055e-06,4.862047976825728,-0.0121769087778759,0.0007239698934697592,0.04407115407027659
2655,9.918802594304374,12.36654766567495,10.873516356214058,-4.520433599594943e-06,4.442515808677808,-0.013412817464143797,0.008739997122930996,0.08207169181169235
2656,9.588722966867596,11.693465288377832,10.353042097923677,2.6309956524065485e-06,5.56416539201546,-0.017582173247223463,0.003952882420412725,0.047618138184454754
2657,9.49621083856825,11.69248277729096,10.9233024703333,2.20203607694556e-06,4.856488757762541,-0.01386168055630097,0.0021793438057350033,0.013165076358224434
2658,9.199653214552114,11.111310934024017,11.059211742103686,3.63878482315804e-06,5.507511871388042,-0.011588899335505111,0.00033012545648455384,0.045121239009136255
2659,10.087952166476231,12.7324432378768,10.205580394840798,4.1787751056323604e-07,3.5481530618061914,-0.012789081576957054,0.0021357011206932846,0.04544122598043281
2660,9.652398264626902,11.970258385307844,10.53311825407014,-4.041773675573617e-06,4.7334313157955545,-0.014853107698763138,0.007857869938182955,0.08140756518206674
2661,9.835696615178772,12.118702448824315,10.516571304671375,1.1095038188588097e-06,5.130505328657031,-0.018624659246774068,0.002790930717331787,0.05048475922227732
2662,9.34300895956392,11.349531921189696,11.917544777587189,7.861837384809029e-06,5.426103907158913,-0.013451900591279296,0.0032281625993655894,0.07562343229398251
2663,9.500192165623702,11.569546034014587,10.916732696187587,4.5156688740567395e-06,5.514421814067272,-0.016094035262747157,0.0036917657378975903,0.05770845071402598
2664,9.870351617181102,12.41642781285918,9.509361790253157,-4.932905382424261e-07,3.849830854543412,-0.013450086853920884,0.002586115618607332,0.041683257766886486
2665,9.706951218337792,12.11913451445967,9.909918723618725,-1.4421888076563295e-06,4.33399523833192,-0.0130188102964597,0.009167315488122937,0.047746430188727054
2666,9.703191672482653,12.018572936356128,11.298709401007867,2.773853055426246e-06,4.789937166040012,-0.017296892203511764,0.0007058905205269829,0.1178562718317418
2667,10.033751183006286,12.708294348168232,10.425654753697309,-2.232417883776405e-06,3.5983602504500674,-0.013813661815140411,0.002833036679915129,0.030507011632507415
2668,9.92969088934265,12.509173746993984,10.214513707308551,7.746023604182391e-07,3.6363141902044207,-0.011118149604417395,0.006691800877058207,0.03492144997170003
2669,9.281725817142,11.26701899268345,10.963842699943266,2.246470483706612e-06,5.367188292364468,-0.01218062767295244,0.001694738015236087,0.05169914246041858
2670,10.3566886594798,13.135429064416988,10.611653870213024,2.6246755113444517e-06,3.7864547217616025,-0.016730762311106095,0.000843106909802138,0.03539501536147344
2671,9.508002132477014,11.826644550449322,11.976290831501183,2.8124391319707033e-06,3.9847544409177584,-0.009144966679548103,0.0033484641006485717,0.053268463885397896
2672,9.967434909817406,12.398673701843371,10.602643518362251,-1.466206174695784e-06,4.643419852811998,-0.017928095106275528,0.003231481058286972,0.059804570810254525
2673,9.685166568800026,12.076351530878116,10.069108729738655,-1.4014965303040695e-06,4.3353508441886905,-0.012660307791982756,0.008126231233446303,0.04646943437211504
2674,10.532080449800128,13.460599726574245,10.404187736146964,4.2535079532601044e-07,3.3647748440029863,-0.015278489255897289,-0.0001978342659951313,0.011796992099941103
2675,9.549387161462665,11.835902850888248,9.49503994711149,-1.4126790606367493e-07,3.977782999431181,-0.00904937568604229,0.0034626857045043508,0.03228838130595234
2676,9.674946057205283,12.04043705930914,10.0515900165491,-1.3185555608699671e-06,4.356158005314056,-0.012380809103646286,0.008384427171141344,0.04738520958283551
2677,9.657919139945013,11.985540175229447,10.41331515936082,-3.0691008123217408e-06,4.648798518745127,-0.0144551879471692,0.0066405584952811325,0.07343341866964734
2678,10.524927730145157,13.43655201226335,10.323552837865032,3.6373088831417985e-07,3.3889712429731595,-0.015962114577735408,-0.00059792914124744,0.021263921926963
2679,9.595208182169218,11.707007499431535,10.362257111296444,2.6309393485125863e-06,5.5264803237967115,-0.017762289910147822,0.003924386646458488,0.045683996673809846
2680,9.686778971770655,11.99730135633788,10.556097595600862,-4.180217811693352e-06,4.6688925254693014,-0.013069303366243078,0.00797815527442087,0.07689796732292213
2681,9.859268031422692,12.249078960213264,10.73758748157079,-8.42830443728525e-07,4.495727833400624,-0.015465151693103129,0.0021369953198027225,0.046985348575928995
2682,9.082231182394981,11.00329421233142,11.006530846660182,4.293991013543085e-06,5.725574067820963,-0.016848212414697455,-0.00026574944717361153,0.057544353964546824
2683,9.720080741113543,11.99583249267404,9.188318276607067,-7.0554481758734165e-06,4.668281311226985,-0.01463731046518609,0.001763464215353173,0.02086099557837336
2684,9.990346350390366,12.449114398410162,10.447011892603507,-1.5056153212082736e-07,4.302356058813795,-0.014435766846864316,0.0044001972181608034,0.043965921574463426
2685,9.285285384541572,11.272545444958636,10.960401445047191,2.2392983429503104e-06,5.362084177519065,-0.012239550961019224,0.001686657648317231,0.05153708268629207
2686,9.68163766486223,11.942817408949818,10.428599282329332,-3.766728265045523e-06,4.694557442300314,-0.012111189315046317,0.007838058416427133,0.07337557967567568
2687,10.074498332611428,12.532250516188844,10.646123058596464,-5.501979690609379e-07,4.630157646934351,-0.018633299190281435,0.0012060823902598607,0.05206701301258326
2688,9.49764627919488,11.61175848365777,11.197895521861204,5.795191001312617e-06,5.334207209651353,-0.016103456690937434,0.0015789812355168444,0.06285939445759262
2689,9.595532066933107,11.706342497013829,10.356430699928795,2.6234095619802738e-06,5.510009240743685,-0.017091087498784213,0.0038794596845252226,0.045292259257028386
2690,9.554908845303792,11.66708953265675,10.705643928370558,3.939718939949586e-06,5.437050284832271,-0.01668121446080661,0.002924746563786535,0.052582731583338815
2691,9.655758267642929,11.959835884331286,10.555455409794392,-4.149733184728429e-06,4.73874993161127,-0.013699364020746452,0.007934255368917877,0.07960742799260256
2692,10.004366035190246,12.437384619005494,10.517155699414106,-2.6426507764539252e-06,4.526256693041488,-0.016401391899220893,0.00202571334343946,0.045468693112808566
2693,9.831424500886254,12.254521467899853,10.186637737176136,-1.441005621469624e-06,4.364760162626947,-0.013854039208521495,0.005448726821324902,0.03998106886410065
2694,9.49889617651886,11.612112964881272,11.1625580961034,5.828320085234828e-06,5.259555875821398,-0.01663192292385835,0.001620227046933028,0.05944101942749305
2695,9.378194137114052,11.567881384294672,11.27352732024356,-3.764496741484695e-06,4.528981827266201,-0.011179803504689756,0.0039290940061805614,0.03644526124954444
2696,9.577427572245837,11.638041375276169,10.456114435279323,3.224904000802371e-06,5.697725653175683,-0.017683452393353186,0.0029336897464569273,0.044973646968081045
2697,9.581369664805411,11.6424015133335,10.444806408574442,3.1938807779206406e-06,5.676356633985956,-0.017145672404275114,0.0028947320985538566,0.04498679923062616
2698,9.2886919363034,11.436542635046331,11.515202168553705,-3.673991554491016e-06,4.462248042680365,-0.009980810577053509,0.0026467132645206243,0.021769241628761364
2699,10.38738561225825,13.11609196504232,10.745192517142954,3.716239602024024e-06,3.8281632059440343,-0.016203119039487554,6.532292079586104e-05,0.028382565311236178
2700,9.740690286142092,12.113044353993704,11.760693303481451,1.6508309391184792e-06,4.647670047781884,-0.016750519291218596,0.004777104779228675,0.04153090850453717
2701,9.715474259038118,12.073408797875269,9.32636929238582,-1.0190496253772128e-06,4.035802855616788,-0.009324094509777612,0.006505606491791437,0.027151961779705327
2702,10.098923034634495,12.662552771532075,9.630602556778223,-9.192177291100367e-07,4.249142098474121,-0.0173200514439776,0.0014609739704391255,0.07012662090768523
2703,10.147107940834028,12.710350861577972,9.51907740559869,-1.6343853954688823e-06,4.292695444185988,-0.018029362722354544,0.0011248066752307818,0.05843241549179393
2704,10.14733175834051,12.710600544824526,9.51898854453075,-1.6343861841585127e-06,4.293602168460531,-0.018039518458228508,0.001123091063782302,0.05844574891890445
2705,10.333664634469107,13.045298521153796,9.8207454347968,-4.285080787458871e-06,3.9056122638970097,-0.01730580271848802,-0.0015429369398626156,0.05735935776636095
2706,9.94099072715572,12.565806872579389,9.622868160655557,-3.1988329084369057e-06,3.711502584431537,-0.016634129353645857,-0.002417890604979756,0.06884080183689922
2707,9.817917981955956,12.424657157405472,10.939401173467566,-3.473984544927986e-06,3.1792944863032058,-0.01182660006338887,-0.0005047812519276527,0.03491611807526793
2708,10.11960146576316,12.674493799288026,9.691247876304438,-1.1567531885455414e-06,4.35579049587329,-0.01845218242436297,0.0009771429850876133,0.05548959799134175
2709,10.453012181090646,13.178700361617569,9.770395979978233,-3.69311478477836e-06,4.085410842735611,-0.01919109158045993,-0.001771976180663878,0.05807942859336172
2710,10.103851461358424,12.666838250854424,9.688575473342635,-1.1108785483250658e-06,4.322242748563731,-0.017981126066733296,0.0008963413578897215,0.055467588169390694
2711,10.24039640296358,12.687573968401882,9.497551135490914,2.7553287448037942e-06,5.336269339457035,-0.024343933490286025,-0.000248827933891836,0.036371176069784
2712,10.459302250966337,13.184633917678736,9.759454966207278,-3.7780314475033594e-06,4.119204497909915,-0.019562675692451497,-0.001825886226263316,0.058289971043509664
2713,10.578105253880032,13.307735083693002,9.66554980590817,-6.337373504720624e-06,4.208917669001819,-0.02014034179141055,-0.0028430985946671272,0.049846122731299645
2714,9.882228938726362,12.582917253943071,11.132984171552051,1.6925150468794005e-06,2.940623561993013,-0.008035362510334765,0.005588140656243693,0.03046836379723261
2715,9.94865627836951,12.312242321473787,10.560141724482316,-6.361905713755487e-07,4.706460225194845,-0.01766732446016392,-0.00021425751537882277,0.043629093569790334
2716,9.567598354229235,12.070467352454772,11.178232903924831,3.1554036078555507e-06,2.8212856081190623,-0.004630128853415072,0.00357912469057332,0.03776741170718678
2717,10.071023496685475,12.595782448873194,9.711270529757982,-6.220015960825498e-07,4.353716383664139,-0.01736019391495312,0.0013610905259616264,0.05286867530174354
2718,9.976283770743981,12.657582662235562,11.193840381824051,1.5882930807394136e-06,3.1565527945327085,-0.009241999874802807,0.004485848847795579,0.03254485664681875
2719,10.31790434966292,12.990757031939497,9.946648417283866,3.4787724444840167e-06,4.199551427712526,-0.017901757084144224,0.0020818705844480702,0.03565422513251808
2720,9.922476846966031,12.438521011058988,10.120757794860433,-1.1731400546655397e-06,3.792504696038144,-0.013646500691307184,-0.0006911830168417979,0.032921128572937164
2721,10.039942864371575,12.48194350601427,10.588521938595711,-2.7729046090121645e-06,4.831365236004995,-0.021805559480220043,-0.001895690736691676,0.04614869842681409
2722,9.892158517661455,12.288591821061102,10.278297044196584,-3.593104019687674e-06,4.802573069667124,-0.020085139945627755,-0.0018528380364168896,0.035763359617029304
2723,9.956471776876901,12.283382234399545,10.63606993334235,-1.4632011884845912e-06,5.152217779256913,-0.020676789704404827,-0.0002249462697136136,0.02937184820107015
2724,10.05918121626291,12.572566929280102,9.79869603972898,-9.951961614984274e-07,4.346849021901614,-0.016986944350333023,0.0010688388360387876,0.051219464477164765
2725,10.094915929487112,12.683167704601807,10.213732748461249,-7.164553870652852e-07,3.9331747208298498,-0.015521418298580492,-0.0003492077180366586,0.033777869260007795
2726,10.210498537487895,12.870974962206764,10.318859720244456,1.6027363041878013e-07,4.198189498517765,-0.019713804805781044,-0.0020115117362611984,0.046334499549564985
2727,10.179174995101771,12.900808369144183,10.043037207167616,2.5185836916056084e-06,3.8279576146538634,-0.016811907963056497,0.0007267575931477867,0.0770867134587873
2728,10.013452783406406,12.599765388245478,9.789662895993862,-1.3620145008991466e-06,3.960560164699968,-0.01751367742362587,-0.00171879524096591,0.035126735615720335
2729,9.951413253276426,12.638687539550402,10.56288203007194,-2.4717146581864816e-07,3.4902390559280447,-0.01566701895524758,-0.001915608356487272,0.1384389613568368
2730,10.2851998922155,12.958568074580487,9.938411062064464,2.6924494453081658e-06,4.1827138730153886,-0.01803571641736409,0.0017897410024082887,0.03717638208353451
2731,9.29266072889128,11.602131608174105,11.286047737092096,4.702446690907754e-06,2.740876403113089,0.0013742263368620184,0.003382637630919177,0.033336231035899534
2732,10.023528762581993,12.432563449389132,10.65282923504639,-3.396719149012657e-06,4.949657147124418,-0.02239426198642013,-0.0022048516580836534,0.0425014100800846
2733,10.001978691789605,12.76604531945384,9.456424052892043,4.261670567466742e-06,2.986301341401508,-0.012678870844404153,-0.0006949554396237807,0.07320501876845302
2734,9.992573274514212,12.674828987474887,9.465222390950615,-2.0804044413650796e-08,3.2431448379476313,-0.011861445393658573,-9.644278854089856e-05,0.03839157426441525
2735,10.06249973573113,12.851266941149872,9.864198600903512,-5.14826142823204e-06,3.044439711716681,-0.013098199466022736,-0.0010330025681995945,0.0825301158913164
2736,9.595337068032633,11.990396479713771,8.844366512979587,9.320179673412977e-07,3.5794565174153226,-0.0066886014873943495,0.008625040260450731,0.06851088229344421
2737,9.997618132314877,12.70258185177492,9.505741788165704,6.997474030723815e-08,3.259518576515134,-0.013022929243954791,-7.99541828976286e-06,0.03858127825304981
2738,9.997380113555787,12.70324954600979,9.506965562114837,7.488156633141367e-08,3.265756763701547,-0.013333835862330695,-2.256616391710332e-05,0.037970716605159216
2739,9.657303573315936,12.165189899904108,8.898498051745568,1.4108525148387714e-06,3.2164356141958916,-0.0057226168661318,0.006521467764256663,0.052409188815069875
2740,9.533879660829864,11.929153026994314,8.506826226913063,2.4070200061788577e-06,3.4282171112454924,-0.005274534079516946,0.008424631059362055,0.04719769020645813
2741,9.869824480504288,12.572607515681394,9.047983713190813,8.655220392582584e-07,2.8749632105582497,-0.009343560111735306,0.002031646205242855,0.050843387051540394
2742,9.599792552362263,11.845454816259837,9.075538017631148,2.1409641009952177e-06,4.76736106775342,-0.01807794377940408,-0.002518828082998556,0.01805930987509298
2743,9.576072575631104,11.783109336957594,9.065562532842101,2.2852925870635493e-06,4.924977297093606,-0.017689535631934226,-0.0028367101202663725,0.016161084358629355
2744,9.929306024507916,12.6351329321503,9.12984690602469,2.125198061500836e-06,2.8608546923574756,-0.00827436627824274,0.002503397358854658,0.040415490300752976
2745,10.002176030058816,12.488207880299663,9.207428810286302,-2.3988257701494923e-06,4.2480322688408805,-0.014735113156223344,0.003386646457379415,0.04040483921302013
2746,10.00345302023041,12.562290699827626,9.360829072178582,-2.134858627052626e-06,3.750463267247377,-0.011618083854190263,0.0039362186615877655,0.04706137605097425
2747,9.76612678446561,12.389171533735093,10.32026435207435,-6.503499371896658e-06,2.842478034076282,-0.007797223357534037,0.002491117286826136,0.05491033107979394
2748,9.999749598886893,12.488820394680934,9.204772846051142,-2.3885922601470913e-06,4.22944323293308,-0.015041165540012376,0.003386327398241391,0.04079784423057334
2749,9.78129918816131,12.330501228224804,10.642140532924264,-1.45679456691295e-06,3.4490298302240148,-0.01228075404186091,-0.0013209874610767684,0.0633297269518979
2750,9.748896784510933,12.329137618095965,10.411628896877255,2.5861022663751247e-06,3.4885629456111933,-0.013839013056838923,-0.0012233201998233102,0.1028811521732934
2751,10.000015380601724,12.49025463197153,9.199047054380125,-2.3958098121431753e-06,4.245124097534856,-0.015381163168112888,0.0033767113679168334,0.04088411690797145
2752,9.942885138384755,12.518341385133583,9.972968724554047,-2.0117333905871102e-06,3.860051313197883,-0.0164521312272515,-0.002571267107863312,0.0521401195952633
2753,9.385308321231324,11.713098853585832,9.91910414452168,-2.908309417126924e-07,3.400639341228774,-0.005432555596440569,0.0019306492403783748,0.02398794043897979
2754,9.131835083296009,11.030342788103017,9.559526368119021,8.822994654417242e-06,5.267545400762431,-0.00841424128038451,0.0003721237147582754,0.04430822914239216
2755,9.131507696200437,11.07338004993631,9.520600741098013,8.625290608048716e-06,5.195510444798687,-0.008889146491663578,0.00028506203376275387,0.04443874929048102
2756,10.114672356520638,12.952345645214336,10.122231459651866,-8.496488720296557e-07,2.437949412984317,-0.006585375375237134,0.0029100083223222812,0.04401369639104533
2757,10.114497478924308,12.915266362491508,9.50443553444684,1.547211850658019e-06,3.2258713723895225,-0.014718584192770036,-0.0018110634112620512,0.04937944666636421
2758,10.526477612720642,13.34489625608343,9.466778401712183,-1.051411504196045e-07,3.7792688699031993,-0.016535722508131664,0.0011587749033565992,0.09011410234057608
2759,9.324525257858932,11.461215764667411,9.68805789327741,6.0389866830560695e-06,4.810492495781423,-0.01307013190314318,0.0010033736579892925,0.03696628759406349
2760,10.01867378318098,12.390969958030228,9.977402273327469,3.6999017846716375e-06,5.232997780365548,-0.021590807776845564,0.0010646780218251794,0.03237923407674346
2761,9.199295776642568,11.28271307032134,9.666739496407722,7.501255514679136e-06,4.861174904829767,-0.012705836605181048,0.0006889544813563895,0.03682024484273908
2762,10.262110805719844,13.164401282266104,9.043793927807668,3.1277502175145955e-06,2.9917400763638264,-0.01266156384084532,0.0008707729077568282,0.1143533860943948
2763,10.338676700850645,13.073791863728756,9.843276362896209,1.4408383563981032e-06,3.791890725730564,-0.015559820730624336,0.0011180051561571287,0.06901333062885442
2764,9.847444550543859,12.527215075362442,9.663996423530628,-1.9911379772370903e-06,3.005060891564687,-0.010022404123242588,0.0017258218456100744,0.05669111135349459
2765,10.066906203488076,12.755775368849523,9.855166993721207,-2.933838328889176e-06,3.2859738873205715,-0.011187141581460345,0.002882203431658751,0.0353690562328401
2766,9.105811914205445,11.17069413179977,9.582760377990805,7.54516924745536e-06,4.8086282083408936,-0.01210274845310214,0.000875596759685971,0.0381331619917773
2767,10.071481323846577,12.763163739517324,9.847481303264574,-2.9697282073104906e-06,3.3002881362768104,-0.011529264476690513,0.0028848853614674656,0.03539354142058316
2768,10.023040141348291,12.40975207869187,9.989145942604392,3.521823370134606e-06,5.168811605919693,-0.021914159154827643,0.0012719047703464194,0.032433192580131276
2769,10.331587790603004,13.205762003095924,10.213574361208153,4.510696164315505e-06,2.821841747527867,-0.00796877447605042,0.006872642657144471,0.031787148772272525
2770,10.382297526033028,13.384054910800506,10.55603080918095,6.465957817934721e-06,2.4837050710754425,-0.006433528483036579,0.00788643750997668,0.03887629674306251
2771,9.99761053121627,12.253805572256788,10.123260992350446,4.1720925766650755e-06,5.690803795515164,-0.02295803068044074,0.0017094864015259755,0.01056970638168396
2772,10.299549206977924,13.210447385563212,8.977466988810232,3.0811578792859664e-06,3.0351098451853336,-0.013296205278458052,0.0012946537395441965,0.1276168545219175
2773,10.548070858867932,13.585569378942711,9.208404694726504,-2.101126930237399e-06,2.864762982602047,-0.009190511034447027,0.009004642689347458,0.013997302810616424
2774,10.240714191821528,12.931182927956026,11.204925621602513,-7.198047249227363e-07,3.9037814020664743,-0.014556456323986802,0.006188155527192839,0.05033238892971777
2775,10.06043086331132,12.480115694715131,10.533939479236455,-1.108095911961522e-06,4.681050362383918,-0.016132159300982163,0.0048157003594958,0.029935198344726705
2776,10.295774690479002,13.227552020160475,8.944527187340928,3.3446404551551104e-06,3.017686272561789,-0.013348642114653487,0.0008196047721674852,0.1289364262704949
2777,9.923832895805118,12.418995323386106,9.760675078965711,4.4088790675221465e-06,4.120860010648357,-0.015033942879492522,0.0015846221693924137,0.03263180777210329
2778,10.299467567888737,13.025355237645025,9.665041439254832,-7.617545638032205e-06,3.8078149097313023,-0.016156726541712976,0.000889870679634733,0.03635336646464835
2779,9.3595615406918,11.722491023332276,9.85636629372081,-2.0233005575663258e-06,3.299793172306328,-0.0070578829736885895,0.0016623386684006137,0.04227251715720767
2780,9.970374819177785,12.666862026940873,9.833474735739253,1.8501590189442872e-06,3.0958393967217073,-0.011289507542151384,0.0009242895451308989,0.03441843159713398
2781,10.273782168468497,13.044135978595271,9.471157173414456,2.4651963671440364e-06,3.518705050601179,-0.014048591234874314,0.001102362190909123,0.0844015407309896
2782,9.80564156738106,12.52985824058336,9.954155173902068,-4.834985994569443e-07,2.766019298696956,-0.010321213228896267,-0.0007036230735638187,0.017304564727782655
2783,9.880310463861822,12.415318848069887,10.160474008236116,-7.347056206812982e-06,3.6863648752261606,-0.011180186874319696,0.004388974346309061,0.03773759879961599
2784,9.924600757710868,12.470427637408596,10.12994981308136,-6.227306896524113e-06,3.607114962450865,-0.010276816834891546,0.004253987427941041,0.03688224821677959
2785,9.546727295583423,11.928559230698063,8.847254097513037,-7.413883094373136e-06,3.7360437705389447,-0.011877207606987756,-0.0014385660968228072,0.07204712723222667
2786,9.530088643948458,11.905705087650242,8.806002406381328,-7.62744454762975e-06,3.759904402195585,-0.012173883070784234,-0.0015638952873759924,0.0728073589219276
2787,10.043183558893986,12.633713771498492,9.698152026601415,7.327689758672041e-07,3.830139764162257,-0.01537769179144846,0.00019864414617673867,0.03471986810872046
2788,9.622935612758397,12.039761278151737,9.147264077013421,-7.39861624302304e-06,3.724694441882952,-0.011717970624657854,-0.00010724277876636174,0.06420898768097077
2789,9.932961630735052,12.683555763055455,10.886405046428663,1.5452501606129176e-06,3.065520754507359,-0.013078452855130582,-0.00036571547115897616,0.02998226973121723
2790,10.02239895548188,12.612242576752136,9.770870680567219,8.760454951210573e-07,3.783411799064009,-0.014775130142292285,-0.00010608150473880852,0.03356757371253706
2791,10.041631809087244,12.621829571544744,9.607477136075728,8.173650922915952e-07,3.8127310628310225,-0.014736495479838718,4.158310617074796e-05,0.03259467036282536
2792,9.761898240076015,12.137041108495168,10.633391864010743,-9.93691038569184e-06,4.110584495222797,-0.009793131245235278,0.008860495798326679,0.032776984901614195
2793,9.652107148398159,12.04244541225408,10.046323265551916,-1.7057554736170364e-06,4.382917462108549,-0.016877336613783458,0.0008720946498807549,0.03688623422585394
2794,10.071840482029922,12.859605847568412,9.309380216227133,-7.363793433629e-07,2.9924825306612357,-0.011305097584143355,0.0029686012810632473,0.028644953412727815
2795,9.656981965098192,12.054425491726333,10.363990413712738,-2.360353387476809e-06,4.126178746725989,-0.013875551268095594,0.0004827585856980845,0.03846882198396866
2796,10.084182491616373,12.910479880998809,9.865939483914797,2.4136066292373067e-06,2.934880665858999,-0.012303788807608731,4.760862446360342e-05,0.05578362097057474
2797,9.877007502111036,12.485572070064263,9.890535825965232,-1.9471314588213043e-06,3.4764661117234317,-0.012460599614737788,0.0011947160172176728,0.022549233254370835
2798,9.699035634962765,12.06368419909365,9.976409157637253,-7.63614986701913e-07,4.531156453753709,-0.01704642640618518,5.381015446982978e-05,0.034826993851109884
2799,9.992763400590597,12.731943961823834,9.611621515018179,-6.554825836237364e-07,2.961820025892537,-0.009612304127539578,0.00214923314028699,0.02717808240166262
2800,9.952201076765176,12.5490896024056,10.253997048830854,-5.957875637129788e-06,3.9074626001461974,-0.01648169815351952,-0.00021466767403836764,0.021234796037661915
2801,10.080671241176068,12.720972597694686,9.159954300297857,8.981204182571137e-08,3.722639190450439,-0.014090385985468898,0.0019157039178376368,0.1160195642088839
2802,9.373464647271634,11.363593052592313,9.991540204177879,1.2042993568879724e-07,5.611978037346157,-0.017794051272240655,-0.004432650919032605,0.0298582301914398
2803,9.883605962629009,12.456013649328462,10.395079515335595,4.653943067097498e-07,3.8008582006862697,-0.015081870812819004,0.001010476199084238,0.03834997543804427
2804,9.892512110735526,12.421235157182457,10.383475218823213,2.569165779489174e-07,3.821620419005132,-0.014038635864839609,0.0012509405040345837,0.026410405091329504
2805,9.912084689892303,12.6626129164754,9.532774466149093,-2.099183934407552e-06,2.9201066274760548,-0.012565128046059647,-0.0010890321370762698,0.03116594435090534
2806,9.695262425502722,12.129311500953587,9.989859707326247,-8.001578562562632e-06,3.9831707317101945,-0.013070920354679327,0.003779037182262413,0.020730801160883827
2807,9.818854183799,12.224005167448118,9.495762030447098,3.0937688929760193e-07,4.127338091182243,-0.013439500819476115,0.0019325800497453887,0.08135415512544847
2808,9.564137027203682,11.848897305826938,9.610131710820896,-8.824967680091794e-06,4.634643094329935,-0.015589585516598147,0.0024275184113653515,0.04239993907865
2809,9.840427894279069,12.346528988142875,10.16467643528161,7.997845738699032e-07,3.9188030307520254,-0.01428255215975534,0.0006958199686492583,0.06674708592582798
2810,9.959053037062311,12.64580474355352,9.380544685996954,-5.57405600450914e-06,3.1364171548611424,-0.011000051460090282,0.0011126075108852228,0.039743044399568515
2811,9.774492379245437,12.129879723947022,11.01762777159288,-1.997477339052524e-06,4.877588524044599,-0.01936751426614306,0.0012220652344228852,0.037414624561022534
2812,9.831920702583428,12.241402573758553,9.67310593248588,-1.0631290585359755e-06,4.568066536396295,-0.019132653459406596,-0.002891526924163647,0.024124069885699494
2813,9.86262059122758,12.279131223410053,10.896939242825248,-1.9285349686978044e-06,4.60272836334705,-0.017058371672367123,0.00271901121142416,0.03680508811427594
2814,9.940225767869272,12.419843655734445,9.627365021867638,-3.047061940663278e-08,4.502020374059003,-0.020177062819974487,-0.003889009496744065,0.021818817900327737
2815,9.35908719269504,11.47114831638786,10.222127110801445,1.219177884274176e-06,5.454761325030642,-0.021754270546447314,-0.004523388958194496,0.03582916821369431
2816,9.600837742700028,11.97030146849484,10.32805848999546,-8.218884899796737e-06,4.111305051277758,-0.01201038045056564,0.005313008583028643,0.04431630449720711
2817,9.211931991678957,11.254206909024871,9.977195742294082,-7.960757498782616e-06,4.485462229415033,-0.004083932012918456,0.004909410925808784,0.054931222429559445
2818,9.912222728941984,12.4987961420318,10.96156924978213,3.925588950267621e-06,3.9239405412845825,-0.017839988625522437,-0.002756485137991119,0.03892669412586871
2819,9.852470250744744,12.260589069864444,10.860849774528772,-2.7019186465290437e-06,4.578108836161274,-0.01615226698669063,0.003288053929581746,0.036309352646708565
2820,10.183009890110466,12.887007750157847,11.02043296333412,-7.629557129126271e-06,3.67662463693741,-0.013981603873200512,0.0037358009376839774,0.02813679951134182
2821,9.738180692168115,11.994973750806782,10.645902928690129,-1.4164626946221835e-06,4.932111772919603,-0.018167601919290177,-0.0004497096081595743,0.047933274112626184
2822,9.520995270031365,11.826916044481676,9.728088217537737,-7.856073420905598e-06,4.003106150275956,-0.008669598574109419,0.003638518142586152,0.04301588477662289
2823,9.996571212019145,12.64050843319644,11.145680363633671,3.3698187571493807e-06,3.5727832468003755,-0.014236393470691128,-0.0009940297376973789,0.04157128853430501
2824,9.361377014386802,11.578440446318076,10.731477628395805,1.4188947415030173e-06,4.860792742554242,-0.019373549115886093,-0.0033443359630090284,0.04518509316819317
2825,9.824866210380096,12.340990775760744,10.663511010062068,-4.4580114323662175e-06,3.7720698306148046,-0.01118007248423184,0.004351197003905045,0.024431898284808604
2826,9.492632826081769,11.644168294366125,10.273129914155303,-1.790332622067528e-06,5.240213365367428,-0.017531043654820874,-0.0006051529312727779,0.031317557955242895
2827,9.841790365962172,12.372128421984096,10.649425280592071,-4.293573961491182e-06,3.7343206465749934,-0.011423609484610872,0.004196880778469983,0.02361493387777337
2828,10.21513586783266,12.927555355479356,9.548163822629524,-6.790969746275032e-06,3.691335620242441,-0.016474546317099957,-0.0008576150828259248,0.06080599446956138
2829,9.896252427948205,12.549851200194825,9.464495411637238,7.73555788397739e-07,3.090627781723959,-0.009987459762214896,0.001976743645563454,0.03629387857193238
2830,9.791760394409446,12.328619846880596,9.642036944734677,-7.085306958122481e-06,3.243624779945556,-0.008364205591352578,0.0029292219651506106,0.021751761337609615
2831,9.601459559670339,12.158251881711802,9.618089105334052,-3.6892442344892423e-06,2.754800000742744,-0.005960035878954967,0.0022188214357022193,0.020134547315791534
2832,9.765320338110712,12.160611129768744,9.65908834907788,1.147331345097875e-06,4.393999764488513,-0.015445076248436045,0.0019050834359528057,0.156319119701268
2833,9.699817792218848,12.296178630113506,9.48332840511824,-3.195424807394582e-06,3.199778382715381,-0.01233027957481996,-0.0005134564023163077,0.015963874282780073
2834,9.647502863851908,12.208089388360406,9.217720065642512,-3.105747777548667e-06,2.694328073769561,-0.005853911490243731,0.0017065481350780605,0.017774785416196245
2835,9.717846001435678,12.073425688289506,9.93499534757278,-3.13041312664459e-06,4.550495330452067,-0.019030420570967328,-0.004243470364958487,0.04611796351355688
2836,9.835837682634018,12.226717067933862,10.779678667562676,-4.565075118423051e-06,4.865683117204609,-0.021888891169586807,-0.0030790826361430006,0.06010437409875534
2837,9.711807576611587,12.08585728455593,9.89256812104918,-3.2424352489703284e-06,4.489175606660904,-0.019446778452965763,-0.004254490377481564,0.04630361167070991
2838,9.897916963718744,12.56752324036728,9.162465215267927,-7.711784798888425e-07,3.1965354932259324,-0.010850436715929612,0.0019238579072308993,0.037632425060938765
2839,9.719164697784002,12.062258151941554,10.021822805737946,-3.2160254534340164e-06,4.628634760293821,-0.01972298761560687,-0.004753736084140344,0.04723821073645712
2840,9.746361617504297,12.218757936175905,9.655703660557812,-1.4019374266768336e-07,3.9431438138263206,-0.014190158727366864,0.00044121104070812226,0.03772780516211591
2841,9.74646984612071,12.198256392521705,9.674653615191867,-5.1866128362768155e-08,3.9800869750900647,-0.014040519446855162,0.0004292546913329321,0.03363841691941111
2842,9.899749307280524,12.525989471228142,9.17902671581066,-7.537427709899922e-07,3.2357118310070145,-0.010490071561833512,0.002137856911330182,0.03811712745761875
2843,9.753637500046752,12.166884994229186,9.297565894863828,-3.979584385354496e-06,4.253447015652167,-0.01536267587221878,0.0008935681968635225,0.03170523804266328
2844,9.982853209656112,12.598963024093152,9.09443276737479,-4.2650666052021553e-07,3.5324106661759296,-0.011729418262080451,0.00260112878045299,0.03900781670675359
2845,9.929948815212684,12.598750949659298,9.982131236177374,6.386656204372761e-06,3.296845040234283,-0.013692018045492972,-0.002524125793589376,0.015565937821282658
2846,9.733962070648223,12.182773311057773,9.323770175118112,8.117102199485919e-07,4.1332947044548725,-0.015566119781020803,0.0010818507737469147,0.05313356114354424
2847,9.965255683619652,12.533147087910912,9.14598497487471,-5.018299219440711e-07,3.7081323208068446,-0.01221056818246504,0.002577544085860053,0.03544416826803053
2848,9.742657351084048,12.108482055724114,9.311477819801928,-4.790914866288624e-06,4.483198858676632,-0.017658607966998432,-0.002450690185028483,0.03714995520383067
2849,9.961826578689093,12.561796994179298,9.175636874632877,-2.595001220457309e-07,3.6624813969340626,-0.013778959371054948,0.002482777864743992,0.03965748971917553
2850,9.733443814867352,12.1557763785141,9.449003093879229,-1.8568670916140287e-06,4.3477171305181495,-0.017322589934805385,0.0006286861396420075,0.016504561950462918
2851,9.747578495819562,12.115435222742112,9.187807804152817,-5.1202629070106296e-06,4.469851109259944,-0.01738651924672298,-0.002095105709801275,0.03537121815377485
2852,9.74675408582831,12.17702239488867,9.549834286670352,-1.3513204283622358e-06,4.105654514082612,-0.014898379243083574,-0.00021795015889139,0.03408267890468509
2853,9.954779981452608,12.539670312778336,9.129807463962653,-5.234665437299731e-07,3.672190621581252,-0.012329972705782635,0.0025136681846853973,0.03853272270446584
2854,9.843667360569295,12.287507181492192,8.959902411594038,6.516960006476101e-07,4.292367546849163,-0.015624661153122513,0.0026371118975937937,0.05423459891267376
2855,9.749229911812138,12.158173759667571,9.435472973139127,-2.274337985767683e-06,4.250590030895667,-0.01519940885098102,-0.0008064447375164493,0.03272101205621881
2856,9.664101283987584,12.188985184514788,8.290585973290746,-2.339434509703468e-06,3.3254936832960915,-0.009142004874640825,0.0032915296985361205,0.030191719266227383
2857,9.8505640925737,12.265016846099854,9.504157727223173,-1.5348944335130658e-06,4.2910147846826785,-0.015365521414245655,0.0001823375660131004,0.03321072079661945
2858,9.886283995074912,12.50546476168014,9.245003093623009,-8.821068489265625e-07,3.458531779083406,-0.01217349317633046,0.002812596553553631,0.041897816506760166
2859,9.717610180694022,12.074113914335822,9.933913327256661,-3.1346061528364797e-06,4.55104693497338,-0.018900624258345156,-0.004261236166453036,0.04609542665676916
2860,9.723147674174314,12.097933946668755,9.884167464162454,-2.5431005849595446e-06,4.441493098897492,-0.017968084039695808,-0.00336124089068212,0.04370521841337296
2861,9.848001632480328,12.296950603712792,9.590489187123946,-2.4191806795841855e-06,4.229783037395275,-0.015640900514859335,0.0011399690965461426,0.056565268525796075
2862,9.80615808435871,12.134858700535712,10.287476023090996,-4.386782047807193e-06,4.950361077708086,-0.020495062244901177,-0.0007736647184255983,0.07056013159547556
2863,9.924465009419933,12.48397722263562,9.258919512266509,-1.0685675906671632e-06,3.804866141242499,-0.013398884620896076,0.002040826479678441,0.043175912061574395
2864,9.945151929566574,12.525292183626844,9.127463674439724,-6.099939281042073e-07,3.6610398033504006,-0.011995566413474356,0.002527655303378332,0.03719991544032476
2865,9.774535036680298,12.189067408416207,9.260404131026846,-5.152187448511478e-06,4.256062152890444,-0.016291927290197485,-0.0025843508465047613,0.011993692128159051
2866,9.844079418228972,12.22574541643066,10.845709033019352,-4.897874798006412e-06,4.848096280503587,-0.02029836064811272,-0.0014381253897088385,0.06880148584840683
2867,9.74387768163524,12.120474544631708,9.95425048390615,-2.271776646967488e-06,4.659909962548575,-0.020615950193277083,-0.0039386895439174514,0.05223397320858392
2868,9.737921765655573,12.137873728885936,10.073309377006083,-3.174255561628579e-07,4.520631921699559,-0.018487730583029095,-0.0015131485079435843,0.05240925239409654
2869,9.760158088984959,12.206867814194371,9.233203460517764,7.394995554109851e-08,4.207149913936885,-0.015307371770956216,0.001568734283264108,0.07176651821508767
2870,9.722354997724718,12.158324694374183,9.678713752660268,3.167022562499102e-06,4.353135004721164,-0.0160717041910636,0.00386991984307912,0.05527707034946045
2871,9.696005490226009,11.949064588256046,9.670639071407539,3.7489146545906e-06,4.981641000326401,-0.015449024335480227,0.004409563615550725,0.06652496607173833
2872,9.82041426627026,12.554193737626155,9.838882918646744,-9.812808363579449e-07,2.887923608229056,-0.011938941612762436,-0.00044479804947181265,0.05043225643522326
2873,9.738674272032917,12.163642494914606,9.694246185550789,3.021465330537278e-06,4.3319679451661175,-0.015411253314238274,0.003863210576076692,0.05429968719583875
2874,10.078740898219976,12.803472623091492,9.75232348369864,-6.680754594512614e-07,3.424738227048406,-0.013003429329580369,0.0026818392743032924,0.08722062878389109
2875,9.990692861741964,12.710459185868787,10.291310583490889,-7.688953381620597e-07,2.889161046478016,-0.009266520063877884,0.0018860009792631765,0.045352067449752675
2876,9.382646549479992,11.656303651542364,9.177650579211535,4.122076730627896e-06,4.387888638455113,-0.016637150726851683,-0.0038360965550324816,0.07371920589148437
2877,9.928349462351147,12.556406308084068,8.416872370633174,2.871928405859914e-06,3.7548698536027905,-0.017839578855019914,-0.0034849086653363903,0.003745378365546659
2878,9.897158561685062,12.596954535464238,9.288199264764518,-1.1597803299678205e-06,3.081061641995709,-0.011420611509479628,0.0007789424423199431,0.030441752959850715
2879,9.855281122115109,12.512995921145466,9.422576930098824,-3.0741383086871567e-06,3.227738619539059,-0.009477212699376038,0.006362346377751023,0.08255845087535935
2880,9.68315844556372,12.176733274591957,10.15106617087495,2.0126554501569673e-06,3.284885815314798,-0.009410401839491142,0.0005005609219659521,0.05040476383258221
2881,10.138544229074547,12.983156814079896,8.480714519808997,-7.567643188805749e-06,2.942154965386125,-0.00889562034890692,0.007617116249021371,0.07510487834959283
2882,9.547247930750203,11.856551581885068,8.55665134708988,3.7299827124813136e-06,4.047966616412917,-0.013292750389207648,-0.003540673457609146,0.03215235399762807
2883,9.9424165274709,12.669698123550427,8.351971198374907,3.4171856809545665e-06,2.8838193582588527,-0.009487191589046446,0.0026150956182001755,0.06249389338333139
2884,9.820349747461682,12.538574836998436,9.375159365786955,2.1078086314969266e-07,2.624857082651951,-0.008259748029005556,0.002544237524319277,0.036054086912170095
2885,9.825976471441942,12.350871065959788,9.405121895540614,2.002679774924959e-06,3.641416990926636,-0.01360073384921368,-0.0018907308995544836,0.018314245543581215
2886,9.842458204422336,12.490985960216758,9.545506046687613,1.3546538836436117e-06,3.0545013360448894,-0.010512862677331447,0.0007588800588239832,0.03894682267674526
2887,9.868522104894105,12.57351778631148,9.252420822273324,-4.621905732109534e-06,2.722383793112819,-0.006841814079392605,0.003704480934809244,0.0587685154122705
2888,9.369334945650742,11.574662293947274,9.85987930916571,-4.672196645502726e-06,4.646493706154638,-0.015826018878239145,-0.0012543470026812314,0.05615266662809951
2889,10.072611774375892,12.807951378073035,8.83999607666947,4.3167697810849806e-06,3.237495924188027,-0.011468099616482584,0.0027704403839232533,0.054347286552196075
2890,9.458312259051327,11.700796672273125,9.609729297056429,-2.0619069473702707e-06,4.467101474500589,-0.013927276514341292,-0.0006798178577916338,0.04936674342291775
2891,9.368042084420022,11.574678857393552,9.856938160989465,-4.677732983738644e-06,4.65156249000105,-0.016119235054253944,-0.0012557052229257965,0.05626703325808352
2892,9.883505213607938,12.535008815017596,9.434341356025168,-3.6305141278394777e-06,3.224272421125172,-0.012450479374252858,-0.0003420674240943518,0.050543725632563534
2893,9.825399474515844,12.491530479241256,8.891467890722684,-2.5224078440598216e-06,2.9457197806759803,-0.008407219373319431,0.0038264714926420982,0.08412685587001463
2894,10.081762138030086,12.852326316026229,9.196734480456533,-7.535269931357646e-08,2.997016174288465,-0.0108665359827728,0.0016466808711269165,0.05116308584537354
2895,9.9297248993524,12.666785300020392,9.035993361738093,-1.9321991530162386e-06,3.006480111044701,-0.010060920114840818,0.004489576418282078,0.01993859107471508
2896,10.024663409922946,12.728042714919432,9.301699160841101,-4.581130067092672e-07,2.982950722944025,-0.010476399395518546,-0.0004465901333616027,0.019918895267828113
2897,9.788626212941725,12.200484107001367,9.537693987372325,-5.52105174449068e-06,4.0829852986779,-0.010237496995640964,0.007827446038826237,0.033892588785622804
2898,9.77689023286317,12.181244052525068,9.390041819601395,-6.561369899240805e-06,4.172029797291932,-0.011153596379900262,0.009221661092927654,0.035568908411856164
2899,9.781860118369256,12.218589114567134,9.396954818636045,-5.729007344028112e-06,4.060476176011399,-0.0111766999943659,0.0083031511282181,0.0374569940214811
2900,9.982626063532381,12.844322158149897,9.528014257799969,-8.420382505494211e-07,2.584612003561322,-0.010215557342900706,0.0010913589543094398,0.04792115195358181
2901,9.75067280784685,12.201892772685538,10.466255093877704,3.651608146430165e-06,3.7309222895326015,-0.008292185123818345,0.0077094347316394975,0.04276032964965808
2902,9.95292361787262,12.60500839058226,8.114911381029366,-1.3096333106320463e-06,3.466703641496287,-0.011996235278141388,0.0031361129055322416,0.015144933907268903
2903,9.831814702545488,12.45588794151032,9.8335672574436,-3.9825047132972417e-07,2.970115543351305,-0.009548126525635872,-0.0013953582106991788,0.0537221634466792
2904,9.890887143465296,12.311319540251397,10.329334010294428,7.145259817719231e-07,4.2532007723392145,-0.014524756167551209,0.0013430627315916897,0.03911840774620841
2905,9.96347128049888,12.624291750774988,9.136636875516992,-3.4563115264433298e-06,3.2327625788530456,-0.010817335338449963,0.0020764498455559163,0.07065531840346577
2906,10.094385023260571,12.927454196207876,9.302014295326535,-1.94892356380356e-06,2.795886017279155,-0.010913302959138,-0.00018271426583258384,0.050340054997039224
2907,9.847681249401646,12.280680143601002,10.009804159341613,-4.131299660056598e-06,4.244144040997203,-0.017455625611913266,-0.0034033331896839284,0.07876431986358741
2908,9.719267396405538,12.341809160667523,9.346371216057424,3.6829592070920497e-06,2.583407661212223,-0.003005049223682164,0.006679146804374519,0.07590028377710266
2909,9.25274533264282,11.50167894421921,8.476424262089088,-2.587907848640228e-06,3.847195684865473,-0.009475923995566309,7.837099507133037e-05,0.09612323864285918
2910,9.248445869230181,11.495322281643242,8.458554969449118,-2.6481020628601155e-06,3.858347975521271,-0.009600627373305423,0.00010748700663846871,0.09654370329885549
2911,9.242040082231153,11.489169409570692,8.443426786366341,-2.6415032191502666e-06,3.8811331920737953,-0.009464822714595774,0.00015671303596376512,0.09708332423389744
2912,9.733250143306925,12.3548776428601,9.043344953244556,-6.244218215787362e-06,3.2421367592805246,-0.014172822909936728,-0.0035931623076325093,0.07861833248666522
2913,9.975613544589534,12.691605108039331,8.992471704821563,-1.270932063243986e-06,3.2644840324820397,-0.01422804583302236,-0.002250256422060263,0.1049159200631495
2914,9.974014012682591,12.694255461528115,8.988988446517581,-1.279921892087867e-06,3.2677687112873706,-0.014734864533817615,-0.0022763212899582653,0.1055312023840901
2915,10.12544776685452,12.710244501389925,9.538248103501088,-5.1321589016259265e-06,3.9066212629468926,-0.015189250963725393,6.749512533416567e-05,0.05721525669414088
2916,9.287325572908479,11.666051235857758,10.891239147918524,6.5562274778882e-06,2.8659179051029637,-0.00348227721391472,0.00040689750267270715,0.04726327990360053
2917,9.792359601518394,12.562262101982496,9.613424376415917,-8.319928857443974e-07,2.6093161304888266,-0.010256423223347208,-0.0003319948830332916,0.02408917025786337
2918,9.888081423430823,12.428564340414972,9.632151426246677,1.8587603460453957e-07,3.551135016026258,-0.010514977274725334,0.004121681412678343,0.08875802882082721
2919,9.824307886184016,12.43710594423034,8.909109508331507,-3.9682404438070215e-06,3.1770012832106125,-0.008769092946026923,0.004252426484238797,0.09495401320592695
2920,9.616261121603442,11.943786239253768,9.038002375651619,3.4407094902581827e-06,4.0266181850059395,-0.00809131496399136,0.007114991011360717,0.06238522487669
2921,9.620610760214195,11.933304633172233,9.0445359468198,3.483622670770753e-06,4.0527500055799965,-0.007827460649404459,0.007118985578899681,0.06361741719087027
2922,9.823829845012881,12.43692173926216,8.908121919824188,-3.964171857863251e-06,3.1813380778648983,-0.009105470698126285,0.004244991175825908,0.09486168903477123
2923,9.602324629973094,11.872289670253831,8.84323544807728,4.114719524749447e-06,4.213572519171419,-0.008473511344256446,0.007844936577471897,0.06478362711907851
2924,9.833107000804604,12.44555125663974,8.998486906866408,-3.592437594374998e-06,3.187748758234813,-0.00886752750062569,0.0042963180736526,0.09216256451067893
2925,9.632502632765528,11.950746564641888,8.818903227087837,3.930827385543532e-06,4.182836539849362,-0.009319004290101046,0.007883322754283521,0.06516938086112437
2926,9.625263704915552,11.94657023864076,8.814353797467687,4.015117802654816e-06,4.182109522650964,-0.00910432824619297,0.00797711454952883,0.0669425889534607
2927,9.418387621903888,11.677696223789734,10.548775714092596,-3.6136519198124626e-07,4.0722762963818075,-0.009283539638040558,0.0025726381683860928,0.013459944722204076
2928,9.477085750142528,11.716207918964749,11.362018366077406,-4.8149764315292145e-06,4.180842169375087,-0.012531387541262907,-0.0030370282414593653,0.04686811351211487
2929,10.010650009392648,12.524692357438282,9.990221271825394,-1.7219975773271633e-06,4.204342517372255,-0.01642632902370894,-0.00013024256570320534,0.05465894377168241
2930,10.078106111315144,12.638297013648714,9.967474489284696,-2.3834076758518245e-06,4.187882000062047,-0.01829910176151788,-0.0013000267927372336,0.052315391052202384
2931,9.610146631816702,12.002952003938908,11.543024546500714,-3.970975675539446e-06,4.128073774401239,-0.014305482291955936,0.0006978136034207494,0.06434345044726864
2932,9.775930136389045,12.083274183115398,10.484733890087227,6.0735104577893065e-06,4.640195180972307,-0.012228416874160306,0.007853686065758137,0.03670773330317534
2933,9.782465967709888,12.087443574487615,10.42702759523716,6.4176180902673324e-06,4.679713727269019,-0.012343726410885512,0.008459331237121233,0.03629083917748037
2934,9.713965252184432,11.98407408631964,10.340648119120695,7.698357664559672e-06,4.757469201448685,-0.012394688692452449,0.008845990937979702,0.03767604556723256
2935,9.992746562348621,12.552017914429593,9.777023229405607,-5.965537066074602e-07,4.122315946617667,-0.016428489617327582,0.0018220093652811008,0.05780243385573648
2936,9.989081664163104,12.546071786543962,9.777579768868303,-5.708303087859771e-07,4.125973499312054,-0.01637702920076657,0.0018556390384351937,0.057684535363805
2937,9.678937406670093,11.874727304683892,10.568854369503946,9.06702153766953e-06,4.9500143564772205,-0.01216337947777639,0.009307391861520704,0.03009663770986285
2938,9.997624307699338,12.561611003965906,9.75527795096895,-6.10263434521664e-07,4.128692163866574,-0.016754824846606762,0.0017412395511219444,0.05842623839765326
2939,9.812620763844322,12.297844753441224,10.315523927950316,4.059958585995317e-06,4.007283334076904,-0.012401786095843095,0.0052720729189402685,0.037174831064736805
2940,9.82079167557492,12.313051500607797,10.144500952742634,1.298661412060314e-06,3.82481115898918,-0.01341873977891054,-0.00037376483833573634,0.03931948071891707
2941,10.040126185460377,12.540352758429044,9.754022999421853,-5.873513476395683e-07,4.081144992748957,-0.01442296528945622,0.001508225833202516,0.04910815659606957
2942,9.74806101827956,12.194098314570232,10.362765734851893,1.094581603315475e-06,4.007066194994577,-0.014898953238351664,0.0011782561722596327,0.02185866522419816
2943,9.787241727475317,12.299399930678112,9.678283361086642,-8.412119678188088e-07,3.963081566404128,-0.015002553142745048,0.002344838365166798,0.04384370633417266
2944,9.603935946555037,11.997571003609853,11.578830440418574,-4.268938906603092e-06,4.132147807670252,-0.014509541749394636,0.0007148213524772343,0.06600972360133588
2945,9.967085535250929,12.478515204994522,10.641072758289104,5.075874422631661e-06,3.8560717202772934,-0.01100948766501527,0.006723855758111165,0.036833776285997016
2946,9.82003018887064,12.288002677096786,10.218042433278043,3.6674576111090048e-06,3.7810962428784176,-0.013303196016900158,-0.0010526391560636307,0.026414095606382467
2947,9.606751625098205,12.003604596103248,11.557455765373549,-4.0136907389450985e-06,4.140452089585827,-0.014945326356135796,0.000707029193751034,0.0636632119315938
2948,9.94627244990507,12.517691638645658,9.527487968605898,-3.083456923574401e-08,4.061439648795698,-0.01594174448946288,0.0032302146941384307,0.06555624505611682
2949,9.818336549443368,12.276541728634804,10.20735269474686,-6.102201871274436e-07,4.079677289218378,-0.013361705273111616,0.002122279736602138,0.041952326811233565
2950,9.671910302453592,11.9442561972751,10.410626375424146,8.236614393329715e-06,4.840923836075721,-0.013977741679254528,0.009543778506200301,0.04542445029418822
2951,9.849941016713966,12.382205771832648,9.933345748696524,-9.645387849517672e-07,3.738880157774121,-0.014506356908067442,0.0001865963686688134,0.04097534224957264
2952,9.708304593631203,12.144812426423645,10.762694616949096,4.46828773711433e-06,3.878236652368931,-0.009964204839482245,0.006220782810140668,0.028810615007224535
2953,10.122782543081245,12.671781249769912,10.250482881253832,-2.598810751566118e-06,4.186324232376532,-0.01506754327784241,0.0033570495886822865,0.05016985286702197
2954,10.13741608851912,12.69314619958522,10.24734130527999,-2.7231743102349426e-06,4.188400885316646,-0.015242080350279508,0.0033765922500486817,0.0509752561052938
2955,9.851772913014525,12.390979606180617,9.816963234793635,1.114624572446193e-06,3.943354142591864,-0.0166150209511065,-0.001088576257686262,0.04038072750726165
2956,10.141418978062957,12.7020737597958,10.277761952329676,-2.8041579553735545e-06,4.178498579731167,-0.01517292480762867,0.0034326254629644956,0.05311127261866687
2957,10.115297442448718,12.66960561407226,10.280505394431048,-2.2420648238589753e-06,4.165487160387143,-0.014861890014386352,0.003583970132439541,0.05171750546679958
2958,9.915415907050253,12.368353234189955,10.185376920395678,-1.341937539288699e-07,4.328923748859754,-0.01433849801415434,0.005005460661807411,0.04767569951775562
2959,9.889420775304425,12.34711680973334,10.548113195561134,3.335591390127825e-06,4.262861958833187,-0.014224515534636417,0.00570684464325061,0.0302324580839724
2960,9.649061331572394,12.079332325278807,11.314443292975584,-2.2499470951047302e-06,4.091909951054569,-0.014803131815710304,0.0016075001292743234,0.03697735732394326
2961,9.195035027090546,11.223930998319418,11.428604606759484,-2.050438488550889e-06,4.651888633658029,-0.007200774687625797,0.004427873701499095,0.02739812422084996
2962,9.836020093610648,12.366223099118626,9.888752225814423,1.2518082243396077e-06,3.95655291031416,-0.01593357806074156,0.00022335651140893524,0.03818955365259269
2963,9.674025133288032,12.110536201382049,10.924233451217692,4.3273525047807746e-06,4.052379176587479,-0.012224079876238012,0.007186781061456159,0.045572606334088245
2964,9.674799957775619,12.114038743856684,10.93267808990913,4.361698461263512e-06,4.057846818263072,-0.011974112624708232,0.007288674249220231,0.046215147454904744
2965,9.939562115089632,12.439382938572567,11.27454459448806,8.734793652128834e-07,4.120256810082977,-0.01238127361910276,0.0067700297284690875,0.039679363329788664
2966,9.763681613931418,12.180935090294469,10.96975702030608,-3.6521761951905594e-07,4.177546837043737,-0.013032225211931273,0.0037750644287770706,0.03585154128438915
2967,9.597403164291816,12.018932261476296,10.832741711076322,5.381394688784009e-06,4.039602771239077,-0.011855088985841148,0.007440287392394893,0.04812572538385847
2968,10.206012947513043,12.788447776311727,9.767377104052342,-3.850325205588462e-06,4.188835306339009,-0.01614239731221149,0.001939309324836022,0.05793165808145102
2969,9.774032367180135,12.21349138382326,10.7907766060585,-7.419931834241874e-07,4.17210556542761,-0.013770297224520524,0.0029384678572178073,0.03702344187521384
2970,9.639749264568596,12.022145990483734,10.728892660392711,4.652250521878205e-06,4.242285147424514,-0.012324516105408698,0.0069359553176468235,0.04589793751724234
2971,9.903608425355538,12.24846659883604,10.675255189070116,3.652290403834228e-08,4.552039028180462,-0.013284024350610454,0.0057740136208723905,0.02974529173494165
2972,9.745889638372224,12.197335629527622,11.087901198829575,-2.783245043236963e-07,3.988699685638705,-0.01234438296451592,0.003951501456150747,0.035556750039732805
2973,9.790431927850992,12.279397540642847,10.844075702396609,-2.4286337666408226e-07,4.005340017638272,-0.014574217718493793,0.002745376994334583,0.03962155179699089
2974,9.988276559623351,12.75761992265362,10.181016527871092,4.729713312270692e-06,3.178737153755276,-0.013782978536759936,-3.652589764400831e-05,0.031094308513013348
2975,9.607107402611188,12.065652746502613,9.294497869602113,4.0204706573224275e-07,3.5172140078933847,-0.008146256732476768,0.0055369061537275215,0.04806660133857203
2976,9.277984181690167,11.457444427926577,9.315020972321928,-8.207147219136846e-06,3.8240371028459905,-0.0044046525716287255,0.0013763524519346598,0.02437560986895998
2977,9.800826473627096,12.447887121422,9.559674320031048,2.121181172010814e-06,3.173733583408924,-0.011172490215852468,0.0027287685148809494,0.051620445256743176
2978,9.533275406133288,12.18327432270362,9.639761944075499,-1.7171647873237018e-06,1.9592748640327895,0.0006570355701994227,0.006763913533523819,0.052656568021314715
2979,9.490335879315673,11.797031002842754,10.710487792483407,-7.927986856004388e-06,4.187926306363568,-0.013297028540568884,0.0013775553843976777,0.041328057488160805
2980,9.815934636280792,12.427469986007504,9.474228855835069,7.880311161127066e-07,3.15069579157559,-0.008675038031188756,0.0029005986613434664,0.04745826553039293
2981,9.83114941181057,12.447518216170272,9.437116839466924,7.602764610755255e-07,3.122903598474303,-0.008305016088662756,0.003492179768896204,0.05102430606833715
2982,9.835299412167402,12.463070326388047,9.406938657518465,8.467761607300084e-07,3.147592807732604,-0.009219961032602024,0.0035327291448297923,0.052528577747058595
2983,9.830632359245213,12.455684768256411,9.488821373717366,8.74083152878837e-07,3.1029271016752578,-0.008352173176716365,0.0034976480751235843,0.05168005542854592
2984,9.766282161888277,12.357387100880134,9.642003558051544,1.0613931963035656e-06,3.288019126625322,-0.01195127455744566,-0.00034610111840934887,0.02748620962730746
2985,9.67604389079196,12.20021543272448,9.885397653925965,8.194040804060828e-07,3.5415824590126994,-0.01431385194048111,-0.003028202336531411,0.036335799759128
2986,9.47059567353632,11.719264670379593,10.788086158617572,-9.257953605849797e-06,4.367885177251752,-0.012209360906723851,0.0016708250056625294,0.04420837928700132
2987,9.485293722423565,11.702578518388794,10.203589417255344,1.6858297463032176e-06,4.485742051384372,-0.012371398431319567,0.0008555320281477352,0.060741402073467586
2988,9.813500553431943,12.415163778109603,9.397132217869457,1.7384002886495205e-06,3.298924165788977,-0.011009212462807644,0.003310583314075306,0.05874043716648874
2989,9.913014540165904,12.498336178761926,8.47588062678383,-3.927381540962359e-07,3.448788359254518,-0.012612328738070888,-0.0009032578609807552,0.06058266137902302
2990,10.180509412044607,12.838953355243447,9.087960166472593,6.000863628261623e-06,3.928334051964665,-0.01683586364524127,0.0006859244889243035,0.1425664645606541
2991,10.005974961410136,12.65857000728661,8.52119951105633,1.633017862128453e-06,3.435864265535094,-0.011948017378699188,0.0023214419774068985,0.0569665727584761
2992,9.935973869571614,12.541220625766025,9.903081793888045,-2.0431154998844442e-07,3.7311874345272633,-0.01621278781687492,-0.0018520696491610585,0.05294421878569481
2993,9.938975915834293,12.54865775322206,9.90425229668339,-1.8189349050771282e-07,3.749456803807514,-0.016734137474864394,-0.0018692218631665715,0.053599240275529585
2994,9.952818660279695,12.548523309237051,9.922964728853247,-3.232891815329586e-07,3.7195313214389008,-0.015169223975769792,-0.0014134687946104902,0.045062849770644064
2995,9.905966048405741,12.522482050557024,10.214750957010368,-3.453501366224166e-06,3.461580387919397,-0.013439934608533231,-0.0015307352850219445,0.014612511416882842
2996,9.71496489047821,12.284951356038656,10.104091816166065,-2.410773766574621e-07,3.4047142055294772,-0.013406732772877288,-0.00073655719207759,0.040199235670922914
2997,10.003657538460107,12.621760761103085,9.8571273651594,-6.701436911665478e-07,3.828204009384915,-0.01654142224314925,-0.0019472101219375328,0.0455852681141179
2998,10.096632022911791,12.713586089358246,9.463175733722748,1.1323999451944217e-06,3.9443444366294367,-0.015531494162718268,0.0009105215074161481,0.1372441153171414
2999,9.580058816101207,11.844357140390018,10.353657236692449,6.525237580095897e-07,4.549980785363558,-0.013618388982351508,0.0046247966279711825,0.011690311623522326
3000,9.42412884234868,11.817223842040905,9.79824415711543,-1.7599611574998925e-06,3.2170102926355764,-0.0033114848984417272,0.0074770320611015776,0.1235949974820903
3001,9.772148407284329,12.230591105878707,9.06302197913459,8.297167339439839e-07,3.9189525409838826,-0.013361896784891632,-0.0005016739512904936,0.083594520334876
3002,9.704645707908934,12.12915821096954,8.989454779419434,-2.914943061093604e-07,3.9123829190033415,-0.012660763404779752,0.0010710862947255128,0.0893803688559821
3003,9.754479528654084,12.27955018979356,9.5449495598154,1.0190698353438624e-06,3.9327394580463624,-0.015292328187439648,0.00193454114519781,0.04183211733038247
3004,9.410605738495438,11.80174613604523,9.80030687099084,-1.8059358291793863e-06,3.2312560596745508,-0.004499573338191627,0.007592716573188566,0.1252439184513446
3005,9.989746075299843,12.662139046433916,8.750680935897815,7.170442248389727e-06,3.6925898159902855,-0.01622034597606282,-0.0002670503495911061,0.0697568359148659
3006,9.823508498620196,12.356717549975398,10.126599592093353,-1.2031389523306246e-07,3.548420642859723,-0.009897135930110415,0.003579083086547851,0.02392076789310319
3007,9.865491347958741,12.548131291017466,9.427949297943893,2.395616579019346e-06,3.001250822203651,-0.007842960394692705,0.0061723855405775,0.05328886560209037
3008,10.290813994392302,12.930295125083708,10.224333852703746,-5.395558513998478e-06,3.8547888324402018,-0.012676475983176378,0.005663633612503069,0.008024074616982443
3009,9.977499555552429,12.644059503956624,9.14808461830874,2.001105897451775e-06,3.3943694473138573,-0.0115746859728618,0.004339474158109401,0.049314654638282544
3010,9.881680264248365,12.470731421916122,9.250358432096832,2.8451688229817714e-06,3.5080385011277455,-0.011125633017181436,0.0028088749957144534,0.03116321727467962
3011,10.02371044126162,12.681041862072032,8.497810459232383,1.8255360993465852e-06,3.520525286437739,-0.010906639467203645,0.005811010263696336,0.06198192556702145
3012,9.98043514181858,12.607829654643092,8.476441708076242,2.1539716180380858e-06,3.6006787500016766,-0.012125322348649426,0.004940127190743352,0.0429861572836551
3013,9.997367285053693,12.560342720676408,9.681498976180237,5.036109549099575e-07,3.8699844960582057,-0.012753611427464222,0.0037536572013297386,0.03900805850100175
3014,9.886501702310776,12.354973160160702,8.666556816635094,2.080399833031377e-06,3.9692530943984425,-0.01374384103670359,0.00018692912311456348,0.03402355899868645
3015,9.838306973692337,12.374052774501369,10.07119416853618,-3.210601947304128e-06,3.859647978566496,-0.015781090700467307,-0.0015122446623977678,0.03289381454201448
3016,9.895806339227754,12.451819133867891,10.65477942100908,9.960767153698152e-07,3.9818884193265176,-0.017019569326951742,-0.0016471013479885555,0.020463329389496847
3017,10.138533645665218,12.727963080328578,11.021977749963476,4.857924813273482e-06,4.283474444803805,-0.015855755273185192,0.005530143212819446,0.05793400099037345
3018,9.981561801999655,12.50236205734448,9.126827985425,1.466437192871031e-06,3.94309748353265,-0.015061370752359252,-0.0008212223322472384,0.030471934072940552
3019,9.83879999106828,12.373733758045486,10.071413981397102,-3.113663034224276e-06,3.835917951801181,-0.015374965642943567,-0.0014795299924656754,0.033034602038147315
3020,9.838965443572576,12.373626698793393,10.071487748753164,-3.081131146474735e-06,3.827954353463877,-0.015238673473329956,-0.0014685512230924575,0.03308184914331095
3021,10.071601451573896,12.63804166363836,9.848677722875813,1.2764866446740805e-06,4.294447262575601,-0.0171282879990263,0.0029580308730677266,0.04217862059640004
3022,9.814295118141219,12.33551303838972,9.976389467088753,-3.312025335297327e-06,3.836497846102033,-0.015151020875045131,-0.0012768333610188353,0.03306456368497481
3023,9.499360429178358,11.947671892026293,11.313424195683409,4.957071737312115e-06,2.4609005497777945,0.0016976911930507432,0.006747022016787378,0.031226959699377884
3024,9.606238885756095,11.983560056563418,8.593920919981786,-3.449187982239279e-06,4.091143237903538,-0.013010888024271932,0.0014751376359986288,0.10642600709446
3025,9.889355609716088,12.44395781644976,8.878883665618803,-4.326961497476806e-06,4.0324161603155835,-0.01709626600847308,-0.0008401139793613025,0.08107918324826206
3026,9.692051390537499,12.100874147019038,8.881031579533948,-3.944479274163043e-06,3.7736158661826855,-0.01141040740894158,-0.0001026100084172638,0.0814248825876366
3027,9.775842948959935,12.077452331200083,10.625665074553003,-1.8094319746730009e-06,4.923931815893547,-0.01897079299190729,-0.0005383481746285908,0.02846211804889569
3028,9.76885990307503,12.074578765027113,10.653266349127817,-1.8482943834729567e-06,5.009307889769987,-0.020118878698076284,-0.0004932848210895636,0.02852196248079317
3029,9.777382321561866,12.072341872309469,10.642885340052104,-1.8493570263121208e-06,4.9719886579917585,-0.018977725398848316,-0.00045702400707145057,0.030006455080581432
3030,9.797219791790893,12.13817829053058,10.330370352974771,-2.2882956852209973e-06,4.805531623837403,-0.018644401306478316,-0.0005248931930675914,0.03905462845516413
3031,9.686081211706194,12.02202649958048,9.5460158520227,-3.0523920727296272e-06,4.710015721035499,-0.01780544907568669,0.0004998493958870915,0.07327571817481202
3032,9.728230867969549,12.22847362343298,9.754007030040844,3.0214841389292117e-06,3.600990425989214,-0.01226422861027092,0.0008133167385717542,0.034829365792900024
3033,9.883059495974882,12.367773782093153,9.052428446859157,5.802667252586413e-07,3.965756068649001,-0.015044825611576332,-0.0011568124934390844,0.05453985790185456
3034,9.869713412135177,12.387123687499368,8.93838020641304,-3.8755102910929e-06,3.913769514824609,-0.015770632760336984,-0.0004928438134711361,0.0872567312555939
3035,9.728445517865941,12.229187602431198,9.74228623406661,2.9842875388589336e-06,3.6013364485876247,-0.012186113455999454,0.0007794459450983816,0.03507475297824202
3036,9.784202181141815,12.1116320955091,10.372778699368006,-2.4187229897587116e-06,4.930918363011729,-0.018972616576305855,-0.000665660944223218,0.03713327585753294
3037,9.65170352850716,12.012051594741465,9.867141671850531,2.592264363915888e-06,4.304127730074097,-0.013490611901186196,0.0027039937348802686,0.033070448685456624
3038,9.825998861544774,12.089478498729209,10.707737826747636,-2.5974708461597674e-06,5.0526656577658535,-0.018904923835068404,-0.0011181068751739366,0.041073569142458966
3039,9.660000435176352,12.039301989284343,9.181261928364439,-5.007697581352552e-07,4.471303458049952,-0.01804853087099967,-0.0006599551349815926,0.04739384599174799
3040,9.858850281977343,12.462147969631838,10.078477261395005,-1.2029685039522725e-06,3.2557746531518372,-0.011678219653752462,-0.00045553316040566807,0.03249323851192963
3041,9.692371156785027,12.0940306696924,9.733833845939317,9.842403317970632e-07,4.201150990090111,-0.015526517159005378,0.00035509893587017886,0.05072657978024921
3042,9.699685365422527,12.254446772200636,9.89604588164035,9.540982720255901e-07,3.195669376080208,-0.010291165871024714,-0.0005428098880583132,0.03626240613049259
3043,9.871808491503915,12.46835946390846,9.915100148833629,-7.584242572043961e-07,3.2134870372057427,-0.01070959164916792,8.900112130186564e-05,0.041887794028116675
3044,9.647712042952419,11.971953937215702,10.212076587574709,2.0254751239911403e-08,4.1426453516411215,-0.00928920376058856,0.006238439808544596,0.05156887986818779
3045,9.994762236624933,12.54477295608136,9.559472525656973,4.320430215731731e-08,3.958065765391902,-0.01545932839947088,0.0014114440511461916,0.03203138290431759
3046,9.603377399144442,11.945427371586764,9.779259323076705,-1.7453104752720196e-06,4.268488850543485,-0.012348752374849782,0.004654083694797233,0.061429401860057346
3047,9.973563117360246,12.591043851311955,9.874480340618016,-7.654503294872817e-07,3.564165245555155,-0.014027802634315393,-0.00132592447425904,0.026183445239320036
3048,9.774885966956308,12.052322704528663,9.997562860764312,-3.4054082446387555e-06,5.073913269360509,-0.02032647026780775,-0.0017786894218120484,0.04309358284277643
3049,9.60850954452631,12.113199076956516,10.997570601606345,2.864788240135119e-06,2.9283661023174536,-0.006195855331360394,0.0031814400595843143,0.02922173914890888
3050,9.626612672412662,12.020845268719963,9.007923719129256,-4.792719406291071e-06,4.270218586557301,-0.017150539947209054,-0.0017102660664444467,0.07668967396385513
3051,10.023383199629306,12.619380907789251,9.732694574414783,-2.34765601335644e-07,3.9703983614963674,-0.015709704257181826,0.0014919636220874328,0.035869245964452734
3052,9.512802076370662,12.062905176797742,10.028378386534534,7.644653043435578e-07,2.2535453375799883,-0.0006620092337384989,0.0028555642299459803,0.01902048600170067
3053,9.757314323033341,12.0015265104703,10.308373069033811,-3.1707122434810207e-06,5.2404196998487445,-0.020086144982140005,-0.0012514339229607477,0.03805944092499723
3054,9.661711418928656,11.98872923572038,9.187165951377594,-3.752747088681424e-06,4.542084932009527,-0.01647988960875678,0.001975749029094567,0.06735197309662326
3055,9.797121227357499,12.098569273426506,10.6419693534514,-1.8760561331785924e-06,5.242577995558189,-0.021981232592741387,-0.0016305207728003323,0.03178210299292007
3056,9.674181552909008,11.993257129805922,9.232190530001917,-4.323147105249178e-06,4.300599299945412,-0.014641697198680637,-0.0017983673393491349,0.0669673256315276
3057,9.533329101646489,11.976876332447448,10.714263739119463,5.0472499916366e-06,3.3596952313235993,-0.006544862768706665,0.006890376912514283,0.04527231490635854
3058,9.652057100587147,11.919348858703197,9.507064776635993,-4.163645579447197e-06,5.025363893521506,-0.01918468128934389,-0.001400357416740815,0.05341151089853127
3059,9.691873043229958,12.180508788095022,10.297192036532891,3.359988575864441e-06,3.4745487161613955,-0.008579000855477562,0.004252860847436518,0.04029906773773301
3060,9.196907168714347,11.258308385771144,11.398843065760992,-1.9083240090491526e-06,5.206406650818029,-0.017749029674280718,-0.005389439279634544,0.02903214125605798
3061,10.07493680481951,12.64417305434745,10.943936319088428,5.268831538344862e-07,4.088362792694563,-0.015170288968232054,0.0026802697363253352,0.03417923760973683
3062,9.678243892405558,11.986299865131834,10.22996507682895,-7.590040524750434e-07,4.71434141170795,-0.017964430676130294,-0.002592500422238456,0.02176603612847255
3063,10.137645067663811,12.737496135709709,10.958783481035754,8.189570395611207e-07,4.1728610331525555,-0.017167133340423173,0.0016711281353622553,0.03249724665948068
3064,9.268977032433053,11.43531258535474,11.519602182119502,7.79148007188169e-06,4.086138819868574,-0.006600612699401764,0.002761608505306333,0.04420775124040312
3065,10.074927304300108,12.644282150866594,10.944239360627853,5.279057304776663e-07,4.088654998528784,-0.015166754686332272,0.002679756963183142,0.0342007043951206
3066,9.173033769309791,11.276596741197157,11.734808595038496,8.7937341189017e-06,4.128974811468127,-0.00562218841071202,0.003071746517249229,0.046238388069912595
3067,9.616387570165061,11.912037562191694,9.72840578592564,-3.627247849829298e-06,4.91236411336328,-0.019724422827934532,-0.0006064294084292497,0.0537155681627375
3068,9.650896730725576,11.93693603853135,9.899165472930314,-3.2745372794856247e-06,4.867307638663451,-0.01818136996772936,-0.0008600661819013336,0.04984416140890535
3069,9.163222660905149,11.274306553545497,11.599194004814947,8.753981155324161e-06,4.086893711810221,-0.0054776006313453154,0.002785613449554514,0.04571816330586968
3070,10.126889423657948,12.778703183231364,11.05817289371805,1.371193134876262e-06,3.867193020913162,-0.014413936119353205,0.0034368156976774195,0.03313156753762592
3071,9.712267420567748,11.994181623281268,9.353633581362358,-6.677258139318899e-06,5.107842612965045,-0.020680500859924976,-0.001916000644284888,0.05911125335178974
3072,9.962419590483734,12.517281299246076,9.498498888760773,1.2768752053645123e-06,3.8079987788149183,-0.014370838812047464,4.334936598394219e-05,0.016538020387523167
3073,9.701593745521262,12.159886262681717,10.062955911918536,6.646454582033286e-07,3.783006874108122,-0.011686314116554663,0.0017186659540409529,0.02742085494873335
3074,9.254436700071246,11.413009607499871,11.53405616918164,7.94038106818744e-06,4.08751998766641,-0.006521620442173845,0.0026194289773035823,0.044773906515986374
3075,9.1980286373993,11.330269636763726,11.485840821781686,8.521094339839321e-06,4.05950949789131,-0.006098013330049073,0.0018585745565665873,0.04460848064914075
3076,9.38434468697591,11.530661559631882,11.353486021920702,4.783807959711747e-06,4.555694035469353,-0.009987731904403146,0.0014889101606348344,0.04054111536360721
3077,9.67271250375709,11.90025028587788,10.146924707059492,-4.287938254128184e-06,5.272985775902948,-0.022086224777181186,-0.0023020796293186365,0.031145170941593324
3078,9.697915309039699,12.078646025514365,11.554170880968703,3.3027223976278776e-06,4.240206986938307,-0.011382692051193388,0.006854266967456743,0.0447708003733619
3079,9.597208728357312,11.895623245403996,10.629529721024715,1.7499092636749525e-06,4.006711911009144,-0.00941082847093002,0.0025172449927329046,0.040593430878022294
3080,9.662838838191767,12.004037789346995,11.824851157337267,3.792211352734995e-06,4.292057334828049,-0.01114346480490934,0.007750123803718281,0.04397008933960674
3081,9.782964449060877,12.194906270239306,9.504593516322274,-2.5846995216812155e-06,4.517522306195085,-0.018967179691127045,-0.0025511248379151445,0.051444983677708896
3082,9.943204284838592,12.6472246197367,10.034951702232815,4.134158670669414e-06,2.929957942346683,-0.009594803302212742,0.0013616484697230652,0.031220114023364692
3083,9.937344738664901,12.332293458844036,9.145411254349167,-3.622305187313383e-06,4.994748613707103,-0.02325309065067868,-0.003620994382843077,0.05418767078294269
3084,9.749264372102383,11.940353668757286,10.779736592808325,-3.1342082826244426e-06,5.534146190164712,-0.022170080087776246,-0.0013199162733280715,0.0409959413496791
3085,9.652242120938341,11.987801121115632,11.702479906574986,3.838002821017161e-06,4.266638275505617,-0.00978153129183392,0.00751373725546652,0.0443113337532538
3086,9.742133231743324,12.133456971680598,8.74243309939977,-2.0085253113055827e-06,3.995332286633998,-0.010428924099780528,0.006331243709442564,0.01739079922781643
3087,9.967842258061093,12.593263167926535,9.337718104234016,1.3339649524981894e-06,3.7577663495087807,-0.015698518407198617,-0.00021537808511169545,0.019336899973851157
3088,10.036767383731991,12.698224212648515,9.645757419169387,5.723737437079426e-07,3.598629399970697,-0.016129448478243005,-0.0015801375004842154,0.0635226363634431
3089,9.628924410627754,11.756893983340133,11.681610501201614,6.942913315231148e-07,5.618236572131753,-0.02037534968670217,-0.0008694958777711196,0.041010980222619536
3090,9.566320524593593,11.71269885106184,10.20935680904834,-7.1539490253302375e-06,5.416148866780553,-0.020482779511295512,-0.004340576801772359,0.025062452788940565
3091,9.830561586116717,12.336753076416706,11.510476665366236,2.481648129323283e-06,3.7896678488404048,-0.0115788824439952,0.0057185918924484574,0.06969379879573498
3092,9.632251569492112,11.76494405065426,11.728555824482187,1.1158725758399254e-06,5.630930211505577,-0.02097178450838371,-0.001066055261520168,0.041819939240828274
3093,9.632525103245317,11.961985847459111,11.719639389415509,3.686194683283949e-06,4.343895670897302,-0.011733696953646594,0.007877590890400882,0.04276673694191769
3094,9.63198292115324,11.760722362446009,11.68983507465399,6.65404394197073e-07,5.629253379950631,-0.02028905292467707,-0.0009150166556122774,0.042174588901518345
3095,9.74465451835478,12.07129721337841,9.788005166623643,-2.9877583843171357e-06,5.020567580749218,-0.02087418799779311,-0.0015799601658013276,0.051055643269202505
3096,9.942250964302724,12.616125108843937,11.681824382849117,2.9520379968615384e-06,3.3110995336433966,-0.01084054674313696,0.004857185034416458,0.03260748359881814
3097,9.40382102446532,11.575050377281928,9.239497604287374,1.3632920540769728e-06,4.645922671857456,-0.013327129502536452,-0.0016258231836180012,0.07888596372640366
3098,9.698250338844877,12.342938701724153,9.972113692636224,-1.7489842875239618e-06,2.4890295838902325,-0.0043165174504120295,0.004924554493119779,0.05069361864601957
3099,9.392628774004645,11.552180743236445,9.205981150699207,1.3806460100028386e-06,4.700088828767162,-0.013831701219518294,-0.0017379678284896677,0.07937824459333667
3100,9.636825090156277,12.29778475440894,9.662729803432667,3.0857615724213465e-07,2.251229471679853,-0.003630642644628099,0.002956315640657836,0.02204320037909672
3101,9.376242942248007,11.481939182509503,9.175143412589092,1.3993091127765578e-06,5.0426312072215085,-0.016427512171827266,-0.0021479260125408356,0.07596992049134947
3102,9.437718037643615,11.670963617293468,9.075478247140433,1.2372422658218412e-06,4.7526909883661625,-0.01717286760393718,-0.0012663075647139149,0.07142589185680853
3103,9.443636745673677,11.673971378546325,9.017713085263876,1.052782461156832e-06,4.864074912544279,-0.018898750514890247,-0.0015684226037051144,0.07394465962372096
3104,9.505330512576812,12.026852943557213,9.893417699961308,9.189268302716088e-07,2.6174361589315644,-0.0029444602894787113,0.0035983458372995324,0.08464827078932333
3105,9.974998384707611,12.64176727274324,9.23519596187838,6.198540955688947e-07,3.2538661967416465,-0.010199662968761913,0.002943230302130754,0.05996534587701527
3106,9.795921916509185,12.429462965966485,9.618148024701123,-2.0401635753600814e-06,3.0866950130350466,-0.011034282948472546,0.0010342921869742627,0.0809521325189874
3107,9.797559352462496,12.422930431747696,9.623955700291866,-2.0886413475819124e-06,3.0965954511802054,-0.010315114465256986,0.001031089961340192,0.08214962413028196
3108,9.918575849278,12.377970920430592,10.0427876436323,-1.6538024757284e-06,4.5108647545342935,-0.019243675990919577,-0.002664382811153096,0.054298255643262114
3109,9.549710678668704,11.945017160903534,9.909359807052834,8.999557082993607e-07,3.8956012513164526,-0.01131995794870926,0.003642353906264896,0.07765077849499466
3110,9.555566700703075,11.962562323334287,9.889415763374345,8.57232771857466e-07,3.8764703234786344,-0.011885557590895149,0.003564696003268167,0.07820507225771027
3111,9.554679154136894,11.961095497614522,9.890637162828682,8.528184170839969e-07,3.875928518689246,-0.011908971418119228,0.0035705326292892253,0.07826973133911606
3112,9.558239318993877,11.966560988648668,9.917252762870561,6.092807850457388e-07,3.8601948161339488,-0.011666139700384147,0.003460693710282222,0.07512505573964975
3113,10.01927130259887,12.617212788312532,9.708785264030295,-2.879808058281994e-07,3.7143611058401023,-0.015528312593624562,-0.002345280853766384,0.030175714334648066
3114,9.769623751489911,12.254700981672595,9.01727860369336,3.171139670410875e-06,3.9910182848870703,-0.013268268539746317,0.004786473499812391,0.04124684431128186
3115,9.769938077865664,12.255710258225918,9.015998130012818,3.1697411928005383e-06,3.98983907011262,-0.013235055184567836,0.004786619342981398,0.041348138932307696
3116,9.55652932082483,11.904437977880928,8.906206416071502,2.1588166053031357e-06,3.7158526668314784,-0.007876911256849257,0.002512098933478374,0.05557850373562168
3117,9.710210426922973,12.157398134406767,8.98527023834794,2.886809265691865e-06,3.913157285891889,-0.011735447789571175,0.00415003927492528,0.04533085395087124
3118,9.796015119812902,12.349217790495809,8.989422288396039,7.636534969110966e-07,3.278223468798288,-0.009729701066257118,0.0025004364776628416,0.053937825462696626
3119,10.364999574008367,12.87417148462221,9.422658650866893,-1.386923178471441e-06,5.100264167554183,-0.020648128491342097,0.0055212260612070505,0.1301499090026576
3120,9.532653592948328,11.897577889144832,9.303475658306237,-5.252114107556942e-07,3.835385303723464,-0.00908345026636416,0.004838995623670653,0.04666844337737605
3121,9.662408483811623,12.21369436091998,8.955342992016487,-1.5537870085549761e-07,3.11897631854212,-0.0086908391118277,0.0028736123458451275,0.04544475502377322
3122,9.388284297595945,11.632328902845831,9.389621235236978,-1.4840266873279051e-06,4.388964346873252,-0.009976300094749462,0.008344447374513448,0.03796135369440775
3123,10.321073168503172,12.830052499931,9.322531360041845,-1.116344767677831e-06,5.0632653873576,-0.02077028562226838,0.004733534284684799,0.1266442474343696
3124,9.31364351418873,11.428527560367217,8.951547636665179,-6.560495501154321e-06,4.5655934041832795,-0.006777395017910826,0.006934819982300276,0.056300698204560594
3125,9.818590464036628,12.419959644758793,10.287619787584726,4.842866726620032e-07,3.044622659269887,-0.009584483701927063,-0.0006181267888747833,0.02228032466839103
3126,9.357139178195736,11.571443696381635,9.445745771922487,-1.743046363500298e-06,4.33433945707476,-0.00914850645521803,0.008605854556974196,0.031791259299801866
3127,9.845389108814238,12.3589297461443,8.970475303213345,3.83268190892261e-06,4.167392891571789,-0.01481831935446848,0.005616233041970585,0.03703159767377877
3128,9.632823580436249,12.039454090644137,9.634638751202464,2.010846318185246e-06,3.9904279428192697,-0.01234461094322282,0.0027654007645072976,0.07082717538896392
3129,9.658111285663018,12.079921751934604,9.876012810758846,-2.657373471854275e-07,3.620456300558248,-0.008025750276778529,0.004952552323743169,0.0388855527818375
3130,9.724102283491751,12.353385074267807,9.675201992813896,-1.381319557635428e-06,3.0050646458520323,-0.009893275312988073,0.0012437489126429333,0.03310905814584386
3131,9.565388328374896,12.056113812375324,8.417099333136965,8.692173863525871e-07,3.2125443446911848,-0.007680723328609667,0.00417014272042532,0.01893550421650804
3132,10.085749530360063,12.872007114579592,9.619933931254247,1.9594617145198693e-07,2.888428994546498,-0.009961969602424117,0.0012800551223662946,0.08725360224415098
3133,9.906777225013744,12.411698429497326,9.639070180550473,-1.996485311335305e-06,4.179683101037589,-0.016773236647831202,0.00051909933190117,0.03883621589783529
3134,9.907888764012101,12.415208814852422,9.640353688275527,-1.9648500124284292e-06,4.191263523586319,-0.016943575981672232,0.0005279250908359781,0.03826517088670353
3135,9.755993101041845,12.364086842369073,9.387692966775717,-2.545460340720352e-06,3.1031313477165705,-0.011131865678948649,0.0009819500659156008,0.09899232808826594
3136,9.53990086564454,11.844376978616664,11.225915113529505,-8.409402115489246e-06,4.400234293396103,-0.017626157371051568,-0.004760996702705567,0.020907605222735826
3137,9.801220311464549,12.371849330812598,9.360043875806744,-3.0029263022601827e-06,3.2692296927844664,-0.01021557030798942,0.0007476813927077691,0.1120769878391486
3138,9.727271226964277,12.11208268135248,9.796301184836821,-2.8752442511690946e-06,4.265132217888503,-0.015533076511360029,0.0006288326543739105,0.0675636284003845
3139,9.732172411118194,12.12619868454755,9.753548258714005,-2.7992611794398074e-06,4.21292633847141,-0.01439463386241353,0.000531685357186582,0.06660606121932466
3140,9.80143335134395,12.346162612921674,9.805253616386587,-4.124002241454815e-06,3.5427067450077105,-0.01197671496197824,0.00034978953770050975,0.06784788899358671
3141,9.94861909993119,12.51822216335419,9.815300382990385,-1.3901319397619518e-06,3.8770744783663327,-0.014669832059087272,0.0005927058515648394,0.057594867345736406
3142,9.905751521091899,12.41291204990813,9.63908702669928,-1.94703980182619e-06,4.201150678627057,-0.01698929864234683,0.0005551432397978501,0.03865554066598101
3143,9.585158930041906,12.066367564584343,8.588243087194027,1.566199316582524e-06,2.9336534893023587,-0.003908802996340929,0.004255681787835985,0.05782344781562332
3144,9.800688260016717,12.371026649650744,9.35592285151271,-3.0234699270406828e-06,3.2733250704313663,-0.010310900472612624,0.0007484300735809255,0.1125474221399359
3145,9.772844252441542,12.407643057823565,9.273828220730309,2.034028461664438e-06,2.4260781043280057,-0.002931468618084465,0.004402131898677527,0.01834913340931099
3146,9.873223391357609,12.437763213738965,10.182802330383808,-5.807441918959934e-07,3.240593034508673,-0.009311438206926271,0.001282240210332953,0.038777525434337275
3147,9.791170521855916,12.36321192644068,9.342087061164206,-2.810475430533874e-06,3.2862136691726844,-0.011339769363892317,0.0008340429149491339,0.1081644998684325
3148,9.797489096786101,12.387692643763083,9.388127981327184,-2.713034802499659e-06,3.213206599677653,-0.009943011283485981,0.000787093384680668,0.1126454298470533
3149,9.804068234339175,12.39490307457206,9.36952161911831,-2.9663977758005844e-06,3.2051805543251755,-0.01013234078932376,0.0005054194965412482,0.1160597549762624
3150,9.878705914249984,12.490204032515006,10.176653516790994,-1.7700535086850118e-06,3.5108278054164757,-0.013970124244041676,-0.0009766196016036662,0.021993444608217862
3151,9.79546837252721,12.38990402287546,9.383327454380662,-2.720840683071831e-06,3.2111916146293553,-0.009869047579471352,0.0007820367029810595,0.1134809762178706
3152,10.150987966441512,12.729914088283046,9.796069684843626,-2.2162843690893578e-07,4.157188053530371,-0.015486922619734757,0.004023805334892429,0.06565946284117058
3153,9.793864648059326,12.38307304197954,9.308457181149114,-2.9571047396458626e-06,3.2903482843102436,-0.01110072968329656,0.0005016518105532748,0.1216516384563033
3154,9.878605009671489,12.413109501438598,9.99472976141555,5.715314810081311e-08,3.952310801507605,-0.013541414499179925,0.003941417360106185,0.05040685898986979
3155,9.645758880065653,12.004025394457736,10.56000198479044,-9.342898234359737e-07,4.6224000635426385,-0.01748257598262498,0.0022091765559045014,0.019253342871637588
3156,9.89895488989524,12.623218691676488,9.054455784550957,9.549645858991085e-08,2.674354801469331,-0.008365877420951379,0.0006859250499318317,0.04636822442122679
3157,10.03463859455843,12.45794627170602,9.9549980700116,-3.7561933360226714e-06,4.9687406462008905,-0.021671229553578544,0.00012307735218755904,0.026020730593192997
3158,10.149474672483272,12.727574931785837,9.798888287518102,-2.618283721226214e-07,4.148020570660685,-0.014913670379685376,0.003967429632258739,0.06650692836591306
3159,9.643951880983352,12.278340022413124,9.499570385972541,2.102033043106462e-06,2.7405436256917564,-0.006225060910800984,0.00662555445427873,0.024393046646084715
3160,10.0947840211968,12.659135201393791,9.733367850034293,-9.136189687239524e-07,4.143220072275085,-0.01547813234951756,0.002791182906127416,0.055166779611698115
3161,9.65940120635641,12.003054259249136,11.166012173713336,-8.412876722026085e-06,4.438356930932221,-0.016890904328883447,-0.0040994916168073,0.027626220761752807
3162,9.922564460683954,12.436946621880605,9.000266898184929,6.285977757075719e-07,4.155683347569745,-0.016262156845362676,0.0011494635540151604,0.07193437136323932
3163,10.08883769699888,12.657972881312688,9.728764189953726,-9.903237341702381e-07,4.13234699050243,-0.015935852173007428,0.0027395597781320214,0.054492084463704654
3164,9.616852975390263,12.037852095154689,10.420656959621414,-1.0643724300446764e-06,3.4932972391643777,-0.006945327790362291,0.006977981041521071,0.04162062439200094
3165,9.73319436173225,12.132123512259518,10.433093002577667,-4.2562271164535875e-07,4.075174013428539,-0.01230341236053712,0.0022722662886148675,0.04967975692626721
3166,9.82469185617868,12.533693958830982,9.449005060442577,1.2301192011079802e-06,2.5435336955003205,-0.005869891728165733,0.0022767667152085646,0.07516995864112397
3167,9.682377942786397,12.278778556842433,9.231153780440136,-3.856790388622761e-07,2.954317913612712,-0.009395462420967884,0.0013906563713861567,0.050360182026776855
3168,10.480731432800978,13.36581665814523,9.938347718616875,-1.3070661718443046e-06,3.420528065642829,-0.01388847041512117,0.004211722095036884,0.03184693967029294
3169,10.469680351149858,13.343713695799964,9.928076378266741,-1.2667952646588765e-06,3.4187331572102715,-0.013493051682218274,0.004148425284774436,0.03190182263094031
3170,10.072343999838507,12.874631122004075,8.375266561242764,-4.461819733465765e-06,3.1114936178444537,-0.014361975413564545,-0.0020918839173696205,0.0763425723623975
3171,9.987704393382948,12.709081294008046,9.522290327599226,-1.3993175650799309e-06,2.9999290408187824,-0.010570434029942746,0.0004799742792017856,0.07679900637935541
3172,9.783049060792312,12.31818628051716,9.219944449371626,-2.2298616087540858e-07,3.164547392052829,-0.00812286886765641,0.0013542115693003622,0.06799427096395344
3173,10.066678106471969,12.866290879765677,8.335173664875624,-4.5478262518061496e-06,3.110786938441094,-0.014403999003753387,-0.0021849051875208942,0.07629200203888313
3174,10.46351558277886,13.335598463128814,9.925320526575783,-1.203034689543498e-06,3.4134594273334007,-0.013409735367086452,0.0041299784240912945,0.03184345337637061
3175,10.302319248499014,13.06997054909558,8.898776206288769,5.476888732694206e-07,3.456704660980428,-0.013275676378013716,0.003194951506057512,0.015551942993352613
3176,10.11417993011079,12.807990694960036,9.241448793006148,1.4750385418848506e-06,3.2844728760629542,-0.01056290598580055,0.003169576120215024,0.014306041516008047
3177,9.227422683754819,11.531109851209765,9.60979832905974,3.99593999005209e-06,3.253492150078036,-0.005374832118685807,0.0018674124761605389,0.030906616506370815
3178,10.404738352036862,13.263126182563973,9.878235695800177,-1.0343711206124333e-06,3.3578851615742957,-0.01284068380049628,0.004044843037808007,0.03220986598995873
3179,10.223820292311256,13.069859667887732,9.675492590652407,4.111071535840981e-06,3.137860365945331,-0.012395612191564553,0.0019983873384797407,0.08311571144225208
3180,9.784454707236664,12.444471441613224,9.882778761153158,6.230631311153536e-06,3.0787517480727455,-0.009873535153879495,0.004496006337754592,0.02431993880815965
3181,10.239035491370725,13.085177200189351,9.655965545046335,4.468868169645408e-06,3.1683237478858235,-0.01249637197526756,0.002490141508755232,0.08295490275949602
3182,10.254454197932116,13.096884007794188,9.788115325473944,5.234236737721459e-06,3.214917249097078,-0.013240779456979362,0.002500080475395154,0.08128062601683794
3183,10.254690575983906,13.101208073495709,9.785764542445774,5.202521656617613e-06,3.2066914091309155,-0.0130707467271712,0.002515423718218428,0.0820862694867208
3184,10.019533685452087,12.609866549533772,9.467233744073924,-4.4328364823512865e-07,3.8533887592784297,-0.014946357322264412,0.0005414200421049423,0.07925074622994518
3185,9.937243671490613,12.683160829574613,9.955320482360206,-1.115629595989472e-06,3.092893075671651,-0.012650886174801606,0.0010005963566089128,0.05161068287166409
3186,10.016159793398325,12.602817071801562,9.462663652476456,-5.242863252652048e-07,3.8626671905670857,-0.014973267474326854,0.0005130982042805018,0.07921006381845953
3187,10.210515070512836,13.041429476018058,9.82866403812849,4.5295638821638965e-06,3.1870043030657063,-0.012708036348283935,0.002344936826165723,0.07786028245301854
3188,10.048575460045718,12.724014534941713,10.120334527695318,-2.678738867277348e-06,3.4480826682367303,-0.01334978957313649,-0.0005999078036324118,0.07139751516179488
3189,10.247787929916573,13.06585380460388,10.002891333832109,5.2197835927906385e-06,3.253109317125715,-0.012812667115377652,0.00249628027393974,0.08126721629334072
3190,9.90071328816971,12.54112332083972,10.861030206974046,-4.085245407603546e-06,3.261001707365769,-0.011607421803418163,-7.64151291519112e-05,0.01847621284048756
3191,9.976477631544494,12.549683471530408,9.62960700596945,-6.050390600650142e-07,3.8378779921453137,-0.015333047897391696,0.0006901722801103002,0.04703124375478007
3192,10.005235685873982,12.575331940391404,9.615803530073016,-3.983557915705653e-07,3.92304728743096,-0.0150130991729336,0.0005431480290783463,0.04073379428856816
3193,9.979339145146037,12.346296517495327,9.272548251410662,2.2556303601368476e-06,5.244018503227991,-0.02297772601728186,-0.0008978016749058704,0.050741926612683605
3194,9.935535170072146,12.34104684464404,9.373801417220816,2.545113668206621e-06,4.952839086920877,-0.021288704034961033,-0.0007394989663877737,0.06581459389628397
3195,9.976400640838328,12.350310093243642,9.297024686398695,2.237527391103761e-06,5.165658992639159,-0.022239713939945553,-0.0009089183280243789,0.04982496040103504
3196,10.11863710305568,12.96842826598046,9.489399713959976,-3.7029934869738076e-08,2.7953321217407514,-0.010346886486962043,0.002445677777100811,0.040644124847694155
3197,9.956209525466125,12.222732608716024,9.328681136376858,2.9910309990610212e-06,5.627806726400458,-0.024120954454552753,-0.0010754108392236669,0.049293563944830275
3198,9.881949522434157,12.384156777443089,10.101248246218145,5.860998985814747e-07,4.1776843738645955,-0.01651482717997623,-2.802658158444424e-05,0.04031699159870617
3199,10.071698312296665,12.784683582715044,9.6034260966372,-7.155674686366966e-07,3.4588333420852213,-0.015100880263013587,-0.0008653724418386039,0.02650530925401203
3200,10.015109402793296,12.714590470210696,10.009954270897529,3.7161212567642273e-06,3.5950095001806055,-0.015090152735179878,0.0013896858141704844,0.08745640378609282
3201,9.877315153425677,12.329707277381024,10.452133436316442,1.2034200032630417e-06,4.600691842909476,-0.019799844029587444,-0.0011435088947689307,0.03690914857661416
3202,10.092917197022862,12.834246516301478,9.866764981952887,1.308762861012977e-06,3.2156742995538563,-0.013062799650645327,-6.517436811578035e-05,0.0933672645988819
3203,9.83817310711879,12.26571270234294,9.83856755870592,-1.493142242604727e-06,4.4392321108461426,-0.016216464679571073,0.0019063238188026389,0.0682095116919727
3204,9.954966115989462,12.663908356377409,10.301188715704711,5.935422368949359e-07,3.081521672122994,-0.011048083179060132,0.0013274215433721546,0.03638078200356456
3205,9.950868233242542,12.600263789106837,9.947383275512063,5.611896549864903e-07,3.341028109962988,-0.011696508969474531,0.0014250018498715464,0.040068892264946705
3206,10.006329212663,12.630521354000935,9.79807832533301,-3.717696883169739e-07,3.551756654758246,-0.013864787948974448,-0.0002515796477690448,0.03470766061944322
3207,9.97866983436856,12.497426270266322,8.832028908821558,5.123940406317018e-07,4.069761912918575,-0.015077669159204578,0.0010217149705377144,0.05349372716322571
3208,9.99476373352558,12.527178728333343,8.867747968304723,7.295963042206672e-07,4.06370843724476,-0.01551088864561074,0.0010885920889605507,0.056571614695235806
3209,9.975999326191086,12.558421061638064,9.329269457899594,6.576059875893202e-07,3.754777728030803,-0.01388032119541832,0.0012324002183663077,0.04951704637243918
3210,9.943043759710578,12.539605106787253,10.297197189849667,-3.1744065101690565e-06,3.713536392714485,-0.015237968442732874,-7.968284677290264e-05,0.02458044952304817
3211,10.036149105209285,12.670937695632528,9.529287194580906,-4.20005877159949e-07,3.7034801721942143,-0.014567408700084309,-8.359883464137397e-05,0.027333328645703266
3212,9.961185866376269,12.35359195580962,9.62691732369066,1.5112079661717968e-06,4.94478075075785,-0.020333554830815184,-0.0009573901319887024,0.04217031522322347
3213,10.03440096690476,12.653914440163089,9.534704408842757,-6.201779694901154e-07,3.779824487284284,-0.01529124391510842,-0.0004902789622538814,0.026856755576410433
3214,9.767587320012904,12.315241029155558,9.567630869703258,2.29733194504848e-06,3.3440478673058207,-0.010589884179284316,0.0022797100932514577,0.05742202159807729
3215,9.960696176125063,12.352793288848051,9.627722952576574,1.5100451302846494e-06,4.943783606366034,-0.0203088895350381,-0.0009466858962546757,0.042145933772746696
3216,9.347458837271077,11.649272726541248,10.64451978382565,-7.229405693221051e-06,3.880554642287892,-0.009904113436103174,0.0030566736218936726,0.025383701355698757
3217,9.877319806499562,12.329830355013977,10.45245378568474,1.2028027179470097e-06,4.5999340351481885,-0.019799013034468634,-0.0011424297600349286,0.036936031924203666
3218,9.69247619055844,12.196492938894895,9.71208037460871,1.0840867844999848e-06,3.375102736296197,-0.009034464360135313,0.0027392050823034806,0.0649413785318078
3219,9.840004413964872,12.276508368412497,9.641624486129023,4.6154329235720917e-07,4.255078155372717,-0.01451552933027357,0.002742922516981418,0.05734497665925084
3220,9.845476118257247,12.299893805876774,9.622092767659456,4.325514183871888e-07,4.211231060110443,-0.01514187234838265,0.0027731116561061945,0.0587881886445516
3221,9.967093638277465,12.471110150278236,9.599838949093218,-5.786864517520602e-07,4.309256148849086,-0.016198827856646753,0.003142602500763236,0.04961464847164018
3222,9.57372995153572,12.014020322124887,10.444318010605164,-5.911599361201871e-07,3.375167599748081,-0.007298513348420035,0.003527952551204142,0.04157000230977367
3223,10.082098162160756,12.76961949268115,9.262216606125733,-8.894817557520295e-07,3.444137532405052,-0.01305391410267041,0.00022271922435734685,0.02455528225617456
3224,9.382320612294375,11.716628797277052,10.645112402990431,-7.118002986418219e-06,3.6505564770234034,-0.009359838076957125,0.003202344395454721,0.027930631350995775
3225,9.957444698220312,12.355953171633374,9.613280428985975,1.4688729923958542e-06,4.898302092119973,-0.02031446400139437,-0.0009591096379284368,0.04131476821606459
3226,9.229554373729554,11.479905149049728,10.843821598365778,-8.608535470328864e-06,3.8606561514606694,-0.00839861212594617,0.0033996685578627315,0.04455652958627723
3227,9.843500822218216,12.276846451696647,9.67898195456249,6.205796768671034e-07,4.340124376785721,-0.014971569301312028,0.0027635085110779625,0.06078770212375304
3228,9.90875592676126,12.340079354883876,10.1232133462276,1.3071924645789035e-06,4.716995461626039,-0.020001244553754297,-0.0010705061258038382,0.0386539809623745
3229,9.98212622985754,12.43675029659923,9.623384067328244,-3.994767986932822e-07,4.395513614225334,-0.016031919097614956,0.0031752529580051005,0.050470834563683585
3230,10.02448803344418,12.740730504745365,10.214935741004092,5.935735921009269e-07,3.2572846973642866,-0.010986086699057892,0.004961996931422,0.07536630733164308
3231,9.956252720363622,12.600984721287984,9.327914497115621,-1.6479430151008848e-06,3.3919358145398624,-0.010031052860190633,0.007917037705515013,0.0091621443162853
3232,9.781583202375645,12.30355462434642,9.279584595595193,2.7402118380434032e-06,3.661972601369973,-0.01111935023388372,0.0045411371179273725,0.015403501000254448
3233,9.760072196982,12.373823002471315,10.259572440823984,-8.166663665425376e-07,3.0482846467119953,-0.00977816625304706,0.0021390888997481813,0.07784690884008863
3234,9.898857263711804,12.264019065260907,10.621399328536809,5.2893750740593555e-06,4.7265993377966975,-0.01589758596234281,0.004652795861088621,0.1111410214462356
3235,9.820162884430516,12.472320652023312,9.408830052411352,2.0767269686199133e-06,3.048205151458155,-0.011311075710441425,0.0007268893358019104,0.04110332403628498
3236,9.856075205385485,12.369989122428496,10.235799783242689,7.093293038172572e-07,3.9331109458493527,-0.014386373969514824,0.0019425178898259067,0.043545676957591886
3237,9.631117953360619,11.974450865630162,10.370257283677198,2.4642498777991223e-06,4.161032629615355,-0.013052213872763329,0.0009734692223656256,0.05941682976851406
3238,9.88010623500196,12.54239943346466,9.781561581271243,-1.2262104199628054e-06,3.1698861033217933,-0.011707662862648908,0.0013827939932998122,0.028854783621574676
3239,9.957816447015277,12.47579137137934,9.775750478130206,3.054857680187666e-06,4.025365815463434,-0.013224805208698724,0.0035736180211388005,0.04196187119830015
3240,9.965428109485476,12.486142453265025,9.815204179405754,3.188195823662583e-06,4.196392995702283,-0.01563816675995425,0.003973430117114596,0.04604895127776214
3241,10.107315234692772,12.684144839664874,10.116992358299337,2.732702950719085e-06,4.062940465012145,-0.013952449525574376,0.005447525659038443,0.03453150688331576
3242,10.295532194301744,12.99750736252702,10.300324128078223,1.7049413110009046e-06,3.741757728886792,-0.011309934775429718,0.008580663566056978,0.018731508361075355
3243,9.616673858701677,11.898591855052295,10.411338261711116,2.727031124016476e-06,4.197375084288723,-0.011358545255707377,0.0009832949014922077,0.05898032306091426
3244,9.583585663391716,11.896424697536476,10.400977161729294,2.736935391242556e-06,4.2437558697971305,-0.0137029489270441,0.0005025599160872543,0.06297975614269238
3245,9.545431032933596,11.847400603571234,10.443506382363614,2.04541792952421e-06,4.225427617548622,-0.014045130663789606,-0.0007039625214737156,0.06645367734819274
3246,9.74829318888875,12.325276970542069,11.11379818400984,2.714337015596941e-06,3.1720203845529147,-0.008705680298027594,0.004042424202766156,0.028068071389687185
3247,10.030432694307311,12.8023431938991,10.411162702136457,-5.273074108911702e-07,3.130626984745673,-0.013528491707492145,6.259212438874538e-05,0.06254378631169343
3248,9.76529733128633,12.317302650661365,11.319685636239443,2.27311366247225e-06,3.415809350266394,-0.011259138035008526,0.0003092832408904988,0.04907821466864555
3249,9.80987412799731,12.367655852764797,10.693879882818358,1.24455510383158e-06,3.2638201940026437,-0.009317043917783069,0.003000330206057944,0.03491112115327237
3250,9.608412509158144,12.17623456812814,11.230665868764529,6.852409830568085e-07,3.0552380491867406,-0.0071213507033460535,0.007043593078175629,0.048842999761015075
3251,9.70943469085672,12.007142246437349,11.552199264697636,1.3094325948056926e-06,4.98501338157111,-0.016537951214525774,0.0059342678132995475,0.05315084706881673
3252,9.967944152917529,12.51349400161756,10.230286302891914,2.9803569868189647e-06,4.013330189385862,-0.013815941419206137,0.0044876380179990245,0.02220807641433219
3253,9.99491790904704,12.508010010403227,10.35331569129233,3.1560923184441257e-06,4.099892515943112,-0.013363158715585516,0.004400622238282211,0.0225057586251798
3254,9.710330603176768,12.291990076781149,10.674051329790338,-2.9282054341536537e-06,3.4501583844608312,-0.013833540877499072,-0.0005907863075300097,0.02589295996155923
3255,9.584120841067996,11.946129783265558,10.047702116728438,-7.229651223328943e-07,3.8008822301075074,-0.009702279812185311,0.0031886675725440383,0.02073045049154527
3256,9.900075299652752,12.359731433970447,11.099999482944666,4.063010580990507e-06,4.575002378438799,-0.02025872893100365,-0.001916585618376004,0.04148503998596417
3257,9.714010033777338,12.060783148510284,11.551335426660565,1.3299996568404146e-06,4.872122699135185,-0.01763226883003321,0.005508157567310286,0.056408638584844045
3258,9.971421257257516,12.51786768869702,10.286673640197067,2.7184948362935916e-06,4.000696210838565,-0.014510129580570868,0.004001338743066721,0.025511287999378393
3259,10.011309980413095,12.55370355067386,9.933372443603599,1.1533890480746566e-06,4.1096998745967115,-0.014376142841970837,0.003984410554716239,0.03183599267579969
3260,9.795105978846848,12.235255852280266,11.357054345456126,8.354660654108449e-07,4.2617049879001305,-0.014842206762619188,0.0026520226106201677,0.029860247698732592
3261,9.825142425196061,12.30791998445129,11.060622443923892,9.176220311513673e-07,3.6798496777474967,-0.010250434446408288,0.003629070240036435,0.0247392274316178
3262,9.563607089158669,11.973872770676747,10.123821274357775,-7.313010050128989e-08,3.833120567749032,-0.011731105563754332,0.0028482773575360513,0.024215097106540504
3263,10.00744426002768,12.579408471438528,9.991167313463666,2.632130390973125e-06,3.8722003020321902,-0.012571841488356992,0.0062948428851634305,0.019823777994583007
3264,9.929638353463021,12.498526246971096,9.671147422941656,-2.399966315494981e-06,3.6473481146352302,-0.012415207117079476,0.002485447874844387,0.04581146544287338
3265,9.820327544290588,12.241232115391371,11.45527097053698,8.705348797540267e-07,4.292502827916853,-0.014063323366989351,0.0027685660954270283,0.03647431533896928
3266,9.980387480589284,12.501327101678504,10.262273593290702,2.8781377663027105e-06,4.03949995623952,-0.012998297986949004,0.004760768239376431,0.02202639513328012
3267,9.635424473464074,11.882203157832535,10.593876837077865,-9.65235570851993e-07,4.645297220107729,-0.013088693525894576,0.005132696805552747,0.04099796541373055
3268,10.100333342624335,12.716242907115904,9.110463515243424,-2.790196372758053e-06,4.048424668882315,-0.01612594037866262,0.0033125359752615357,0.04909054245208028
3269,10.106411895077056,12.706785975939049,9.120050570554657,-2.736302320131449e-06,4.050932395443776,-0.014936935212723546,0.0032494790384175265,0.04756992193460408
3270,10.018033106935604,12.625891850641182,9.962007875542746,3.4187777335153744e-06,3.8645331302068047,-0.014707777848594086,0.003549519776455811,0.022487532890591213
3271,9.633673298896472,11.920861810650914,10.608038361663796,-9.631405279164654e-07,4.53962512230065,-0.012801770002893372,0.005061406946101399,0.0433184674611749
3272,10.121996793315242,12.714664096482792,9.124585785084916,-2.9630854102742564e-06,4.111659420821464,-0.015506135566098696,0.0031376236768719205,0.04306857460908503
3273,9.635667137331207,11.927383446134694,10.610120941809956,-9.872685987383958e-07,4.530906945547098,-0.013112738343777993,0.005066280303430436,0.04459762529516717
3274,9.599537910243766,11.934025930448811,10.227557366556974,-2.4398513750437527e-06,4.307423022134195,-0.012739575310642131,0.00564660498538787,0.046252135462593214
3275,10.002740880911515,12.542002032577749,10.202201020752788,3.113023173113864e-06,4.036248598896236,-0.01357661688630182,0.004861888680878253,0.02037691734235597
3276,9.668895167194197,11.960519684501865,11.2911045500087,8.414130703052973e-07,4.858983420800588,-0.015840543193924188,0.004164059867286009,0.04900059712756941
3277,9.821223989014719,12.384216960379677,10.97853570905963,-2.7027105331826465e-06,3.7979052383323344,-0.0137076385377762,0.004185743561855568,0.022902191494328424
3278,9.633595008089836,11.961853925239136,10.309744628296636,-2.4458148091826425e-06,4.344747918044458,-0.012705538515801602,0.005454860997752737,0.046323946808895775
3279,9.981684370532125,12.459732705505605,10.322826028792155,3.0452038056409717e-06,4.163859791308438,-0.01329707030801824,0.0043660290472981615,0.0203849161981888
3280,9.996545862877436,12.45616548080852,11.86175733926374,-1.5917822514676067e-06,4.35865386817083,-0.015437368135135146,0.0033489742085294804,0.04861770665107968
3281,9.5539654224263,11.697217467840902,11.96469730602218,6.4852521688465574e-06,5.306901445044868,-0.016117751555665617,0.005113623446643218,0.03992293275736129
3282,9.552990632299661,11.699287012910013,11.929011512664212,6.402536857383817e-06,5.265818498824953,-0.016174905483712993,0.00504339062576605,0.03779943306270018
3283,9.875096594659642,12.224881946233705,10.342735502199137,1.8457897060873193e-06,4.606373473859325,-0.01441368567072042,0.004381633209737292,0.015589302198353784
3284,9.635860691025373,11.92558905180574,10.613124503283997,-9.924336292512399e-07,4.530727305628573,-0.012969932693968483,0.005072011058868113,0.04486866647939751
3285,9.562303643855605,11.711377503155774,11.962354273252776,6.300430018186016e-06,5.287510452330106,-0.016065483045900115,0.005055818387491787,0.04004927602725324
3286,9.635520273893087,11.926958813111504,10.608565199955883,-9.887773761323005e-07,4.530548223781637,-0.013033116697971523,0.005059417799874781,0.04446651213971883
3287,9.931118527735238,12.337341902848513,10.495170404889471,2.5062194639788404e-06,4.734808591551536,-0.019505502407364865,-0.0012788281917265022,0.04257952819851142
3288,10.06921826731012,12.53776125282434,9.303696456497363,-1.601431422261482e-06,4.633186041926474,-0.016735601672514172,0.004465916573026814,0.028473460480166617
3289,9.662220481037586,11.957430583007165,10.64480895577017,-7.486849346054028e-07,4.546537551275763,-0.014095624309757894,0.00495423847619644,0.04635848357188686
3290,9.8541547700938,12.401817168680845,10.538262396259013,1.7826028316567947e-06,3.708153744664014,-0.012273535226993511,0.003860488194088739,0.04121797337453207
3291,9.574523223542677,11.74582513088199,11.845172596079744,4.8806921145791026e-06,5.002210494995079,-0.014722689029108008,0.00414736736319381,0.036991284979011566
3292,9.711944340923646,12.319480671189105,9.645501667868357,4.369941574851244e-06,2.6642117272102643,-0.005307418721189144,0.003415730257928666,0.04280177503600901
3293,9.796882172416504,12.4162757187714,9.700378330362494,4.332947326605141e-06,2.784481481167808,-0.006779949692768895,0.0024926043556946225,0.05339634716070314
3294,9.899911574042406,12.693752807934237,9.722683934034306,-1.3787356371781745e-06,2.555354836930655,-0.0090246047146985,0.0007144424643552348,0.024179132702519292
3295,9.711202334780126,12.165039488682377,9.60773509215707,3.243296385012595e-07,3.3548688873889465,-0.008496436119032794,0.00037225337446185114,0.03911728066317228
3296,9.990130749260368,12.695953239550978,9.181730635186563,-2.122655717493559e-07,2.8307172023807485,-0.008182125981573116,0.0018085443648260136,0.02688536249633604
3297,9.846856390332082,12.434441817011956,10.014228910374769,-2.6572770037035948e-06,3.250848244643311,-0.009354833405991024,0.00299540354062553,0.025608372223281717
3298,9.701874935319383,12.36132895689429,8.650303327697596,-2.230820782380375e-06,2.437434989042915,-0.004869418778543036,0.0038972005221642233,0.026317270238819686
3299,9.864132933452694,12.533145477452374,10.456052258953022,3.5967922397728933e-06,3.114376409371474,-0.0126739890563084,-0.0007090677177867041,0.041136114182799985
3300,9.971253030537012,12.677332676863358,8.918690017082024,-1.7479435538951564e-06,3.0792863209513985,-0.009954997720015783,0.0033716076570268973,0.05593388515778091
3301,9.962974141618691,12.676662173650476,8.074314042306273,-5.706060907248069e-07,3.0141758431786356,-0.012638090622973696,-0.0032280489430149325,0.024356207556546865
3302,9.74036260384741,12.279085926898256,8.940439210579203,-1.8896595048592573e-07,3.4230091061679064,-0.012671630881594185,-0.001955332538180152,0.09316936866636624
3303,9.314854405639679,11.57475786837511,9.635305043172824,-5.69236451018637e-08,4.017290097250873,-0.014398438381012256,-0.00564427864885308,0.021144643703676136
3304,9.567264152094916,11.867725323147848,9.401356961141483,-6.260110700108616e-06,4.777024674925392,-0.020358262588504768,-0.004101580294400715,0.016429612811290503
3305,9.891274180903805,12.486488239141003,9.72351326985244,9.422436354679481e-07,3.420604600885696,-0.012283326989181003,-0.0008403509458191774,0.07569759595024386
3306,10.140326798821087,12.757809912548026,9.474308599691096,4.060205357196953e-06,3.999497670455873,-0.01700228656827673,-0.001104831200065385,0.06795109071131832
3307,10.063640950291605,12.575214795540743,11.273156495435568,8.326629464460288e-06,4.561465340036648,-0.020270589948167685,-0.002683853418950155,0.04026685038610932
3308,10.108914769481151,12.629233794378727,11.485822509191578,9.716895515701351e-06,4.611677416642747,-0.020795658722221975,-0.0026734857208770436,0.04259500373019877
3309,9.908366160973856,12.690625510643876,9.820968466566127,-1.491424888033661e-06,2.5368958387425224,-0.008209656414717608,0.0013202594426740483,0.04146089902659453
3310,10.156918363483127,12.851764299532094,9.778225724091797,2.2214980265175774e-06,3.699012691137728,-0.016981540270144962,-0.003592359018182973,0.019025364729100366
3311,9.815181974342915,12.310492148326365,9.826825974303047,7.555133276663969e-07,3.941543662693339,-0.01403769253141734,0.000624316349865553,0.0402997178302868
3312,10.209489570316594,12.84930287536814,9.271374660563119,4.450169360804651e-06,4.220798298333276,-0.01927496248925967,-0.0014925328694529488,0.07623139121584585
3313,10.078045033229415,12.592803577048048,11.343688417161848,8.795865433830695e-06,4.5798827567885105,-0.020441721770469653,-0.002673702076783271,0.0408138404479804
3314,10.069935042767057,12.588377173665336,11.289725505728232,8.625224230252634e-06,4.544783431047497,-0.020477886725755623,-0.002618842726571954,0.04049383202842164
3315,9.40908419110083,11.786042296223211,9.279275799936508,1.0337149903489182e-06,3.7083327212014248,-0.011894070513989236,-0.0007021968404948707,0.05961819552050625
3316,9.869977010147146,12.335971254668893,9.699435313422288,2.126474293005636e-06,4.301944419164924,-0.0174325868729353,-0.0021937539605706236,0.041848010398736715
3317,9.904782340414506,12.380960455929852,9.906068536403122,1.566178701429318e-06,3.9902280175359257,-0.016351369615864628,-0.004153530797709973,0.059310511061473586
3318,9.903975633703123,12.38087137879841,9.890614034972414,1.4779536205016434e-06,3.98280286640934,-0.016340706783845207,-0.004164268070286362,0.059842788777942
3319,9.7854099643846,12.257542054689097,9.33490084874526,1.125264545639275e-06,3.965132197328185,-0.015840615367712065,-0.0025875426526710166,0.045464514136527315
3320,9.925902553147647,12.426796893127015,10.660648282778723,6.961154576571229e-06,4.348825392074134,-0.01913721241042521,-0.0029499625901713176,0.027698896863592476
3321,9.532470009388723,11.943134001637494,9.166267585583167,-1.933020860076496e-06,3.8242604028698466,-0.014176152824594312,-0.002048513483992604,0.027249964191077513
3322,9.970870657925381,12.383158417926593,10.665311658454096,4.157467748635526e-06,4.828072415091714,-0.02100107467792464,-0.0015057741827735037,0.040078114061684184
3323,9.879697232838883,12.343148395791784,10.018758252199069,3.649792383447692e-06,4.432590614474601,-0.018707070734284566,-0.0010734221481921342,0.039852215534337584
3324,9.331605655024696,11.660962639745753,8.71520369530834,-1.1702519020355371e-06,3.5636470747098654,-0.010181081682876549,-0.002370384428206586,0.03813323320042755
3325,9.780584343747703,12.373013558338917,10.118864789225904,2.393549175960145e-06,3.3023674523532205,-0.008053677549373302,0.00799709468631243,0.05136264931914357
3326,9.913143834310295,12.418860172786092,8.874751965192656,2.8901682885469525e-06,4.483175858236741,-0.02153464072143843,-0.004054652318695668,0.044845928156067305
3327,10.060364701225136,12.605764938666695,10.844579852920148,7.218325630240346e-06,4.4646048473986735,-0.020416812921944593,-0.00263497060713787,0.04345575523840851
3328,9.900803941915253,12.403433894503886,8.87288858370243,2.8064125431178517e-06,4.461155536529327,-0.02134136000606414,-0.004003692565472573,0.04463852171490872
3329,9.730506410330916,12.28257084921216,10.454185674267082,1.119277388163632e-06,3.083523497499521,-0.005868676757654054,0.006312979070638338,0.06427488879766963
3330,9.767089618101137,12.148780110622996,9.504932025936423,4.696527981706639e-06,4.526255010101822,-0.019170495619458307,-0.0044713624564543955,0.06592184201578058
3331,9.516965481402126,11.942217798539664,8.69245910138973,6.079847142073201e-07,3.575397406932374,-0.013035431905332757,-0.00269280398217973,0.031429643610909996
3332,10.213692803358851,12.898978833309938,10.546803549523602,-4.991597257853442e-06,3.957075390644399,-0.016964902226290376,0.0017738830845508637,0.06472052148823336
3333,10.108162135036988,12.803805230832172,9.539044452871977,-4.544181520695277e-06,3.272065283254801,-0.012238200562602226,8.544539647793595e-05,0.046631562071473856
3334,9.744937186330702,12.368019492571744,10.177149429723592,-3.1465386228576835e-06,2.8558410940421597,-0.00741472515391017,0.001761762348860223,0.07550062395976087
3335,9.93764116511656,12.438228038136012,9.802047465774006,1.1735629956594117e-07,4.0828825880945425,-0.016585011274912673,-0.001825945534818222,0.0928528314077732
3336,9.76236325180312,12.387757991479887,10.190891381093952,-3.2151289744309083e-06,2.8967796561755055,-0.007769754522926734,0.001762212939159403,0.07509987191617112
3337,9.657255745998306,12.169199585344163,9.525649922223154,4.897870804923417e-06,2.5976488771951276,0.0005236329299198456,0.009315467284775896,0.024047479742234142
3338,9.964070789673748,12.440887063875296,9.534374374853655,1.3513127750175356e-06,4.174682070098438,-0.017042986353698907,-0.0023007891771099874,0.08173244087725626
3339,10.226137082929789,12.791854198612445,9.755193593346352,-2.544888042675289e-06,4.206380863524803,-0.015195071112044677,0.004495969226752769,0.06021509477113757
3340,9.825166331223713,12.490871810733871,9.646921026317735,1.0351918217644823e-06,3.0432261224144592,-0.010587866445875116,0.0027464169251015004,0.08401258132137626
3341,9.696447488744791,12.010143256374723,9.550178045720429,2.6960565437453152e-06,4.340863836487845,-0.0138898216062204,-0.0006614102622881401,0.035634366231950015
3342,9.958776744357836,12.639381353445057,9.556211306062185,-1.7765359575642198e-06,3.529816076902364,-0.014940490736083188,-8.240286573981911e-05,0.051973624519308675
3343,9.916146727818822,12.581980868761647,9.804024969329499,5.453055415911978e-07,3.086572217621675,-0.011342725794520428,-0.0005308144441744881,0.05298150671369034
3344,9.829825329877485,12.489780539986842,9.652211863380996,1.007149508707893e-06,3.0303485218140915,-0.009976780177682101,0.0028922633187845543,0.0827750090384678
3345,9.863334625979133,12.439789814288224,9.857804015879152,1.858023957716901e-07,3.3265864319445932,-0.010229783141926838,0.002076454641975544,0.0733938995742128
3346,9.931031147451025,12.612876819642771,9.717729064089493,1.9752833984231138e-07,3.1058573063503148,-0.008824462810217773,0.006768424925964309,0.08511642837297709
3347,9.879630297523496,12.567494224731757,9.64125994394073,2.3845827375926905e-06,2.735339051254934,-0.009527187270139813,-0.002212271623783672,0.03516011100821263
3348,9.483047508059482,12.009763077208078,9.99569983791543,-1.4821813643883472e-06,2.3881999568440766,-0.0016133619694770236,0.004346491663943054,0.025026857547458856
3349,9.547650349447748,12.076970029334404,9.556469430433728,-1.3169303997106783e-06,2.843385805115578,-0.005805813255647822,0.005307517883836105,0.04459955129371497
3350,9.656680074350048,12.22074412938556,9.511372827575828,5.656707495981444e-06,2.8601636429065964,-0.0060437902791101615,0.002872076598991519,0.05451597371297372
3351,9.84317190958793,12.389029342232623,9.311957216020009,-2.2158053304493646e-06,3.613030148975428,-0.01080565195787226,0.0037636632021821534,0.1057417631624194
3352,9.84988538833955,12.38933234030061,9.29846316391781,-2.3301904347019476e-06,3.6004251242866077,-0.01126442737363886,0.00404320394616286,0.1031528642825418
3353,9.987901385603228,12.810624367260896,9.39803517325775,1.1539782430378133e-06,2.558481926176826,-0.008219037595925462,0.003432999625832274,0.05062809907948761
3354,9.252106422913524,11.453325077447705,10.038473549588897,6.624580639359562e-06,4.09359342971507,-0.011573584822479076,-0.0036697770923940208,0.03273021200190425
3355,9.980959588524277,12.613740223671645,10.709575098233906,-2.1894499186375437e-06,3.2448572456601648,-0.010020411030093225,0.0031232198575864923,0.014919238397460954
3356,9.38960140434411,11.662717062406005,7.229449993706559,-1.7720714731651926e-07,3.8987031222523023,-0.00998968175118656,-0.0003713114017621922,0.1270841371405473
3357,9.939644491815374,12.656719442466038,9.338660692633292,1.2073709632858729e-06,3.0059962424769315,-0.010180775479556868,0.0037923849827596703,0.025801471153165445
3358,9.371243352771188,11.652230529946028,8.19092625264018,1.2401905230986874e-06,3.931921048545884,-0.010518985092209,-0.0011974764736150168,0.09834211978078009
3359,9.890383676989408,12.569698463923688,9.777086452484467,-4.1290566107585566e-07,2.7672687467852666,-0.007777972820070589,0.0012445402303628888,0.032356201161646905
3360,9.179866771766122,11.163327515613895,11.5873298288668,-7.809102912282671e-07,5.246216530285926,-0.012650914944933842,-0.00032758742801580927,0.04680030164793894
3361,9.854136988734172,12.623632000832172,9.4891088415434,5.618511995425454e-06,2.494854005371516,-0.006954863114282029,0.005180948976023961,0.07381562650324575
3362,9.643267201302308,12.138424470638483,9.665108054107066,1.139092417954638e-06,3.126388899986148,-0.008105190221282397,0.0006740189078412811,0.05370946104830424
3363,9.526435016131526,11.875558452372086,9.250992276576605,8.244564978817367e-07,3.870019098162003,-0.010105282521250897,0.0015684913334571811,0.025054992128933043
3364,9.364651117322776,11.516958548728107,9.100770752095789,-3.5263152306692145e-06,4.7877979424339525,-0.01482156356930966,0.0010972953673825051,0.003843037894942204
3365,9.823693837080793,12.28657166084917,10.97181841484532,-1.4197910603376133e-06,4.275544263218377,-0.018520656842896912,-0.0032474132309634925,0.07690538491460562
3366,9.553023055586157,11.857098245819062,10.59448199914309,-3.513825161030553e-06,4.300709393467222,-0.013526020753135947,-0.0003018892669800779,0.08339861195100677
3367,9.81740220436903,12.219068005445845,11.544508602497334,1.365717566251254e-06,4.6941120375415455,-0.01734091143937179,0.0038407402264862226,0.06496000052632543
3368,9.879275923552353,12.576072479140285,9.370903220219837,1.989978056547935e-06,2.7541200545666884,-0.006935300684418989,0.004180023774799416,0.04351164444828013
3369,9.636139222694831,11.991633397686792,10.515115740536055,1.344652648761914e-06,4.332978180223227,-0.015531985476455387,-0.0017112066215610874,0.0293035085728788
3370,9.709604326538003,12.203811198867054,9.547528462743346,6.771525060471825e-06,3.349067023977052,-0.007227265838907781,0.005608632344037701,0.043933510698462824
3371,9.93124353591788,12.36490612841575,10.308773620179153,-4.8039624727758325e-06,4.373831801055561,-0.016603820964967216,-0.0004360271144717284,0.022170484080657468
3372,9.81861483527807,12.208422367997576,11.532105713788953,1.2857248099424562e-06,4.672211978734799,-0.01758499886715359,0.003778074150160264,0.06476692829760804
3373,9.466983328788224,11.546168965678689,11.065132225717592,3.6569892526720633e-06,5.507617634785082,-0.019731414613877153,-0.0029014467783381364,0.07093234491103227
3374,9.829451951851665,12.154758493493745,10.244302648642696,-7.405826331731617e-06,4.601678415192332,-0.016635862202510236,-0.0013577003006946748,0.04633572140992756
3375,9.813550283082431,12.202760815631263,11.477668920539744,1.3907259321036753e-06,4.632909812405761,-0.017121374109075577,0.003769257121219925,0.06338532007924699
3376,9.43298664688391,11.488228763252216,11.30542339043172,5.547615971370906e-06,5.856803609347282,-0.021383094196625457,-0.003783219851740892,0.07970820914679037
3377,9.785431606958964,12.15839892177426,10.2503859221393,-7.121367204986536e-06,4.62181648372856,-0.018900769676389817,-0.0017962070320170335,0.03587052400720179
3378,9.333291853047193,11.43691920569852,11.67396630416893,-1.8529666537115328e-06,5.393428760218805,-0.018828001127198672,0.00015523862480506558,0.06275790351480916
3379,9.290221428467907,11.326550891722906,11.74928991539289,-1.9922277429911702e-06,5.587843000223707,-0.018220212101421517,0.0002967680095181946,0.06132226011207555
3380,10.35059689038322,12.957656356265945,10.938474895111412,-3.43034071126648e-06,4.435139410428739,-0.018836918677576163,0.0012127261337308106,0.0319854762587602
3381,9.629862222262572,11.92593650326294,10.42219098568715,-1.8730982393661249e-06,4.374244227154899,-0.013684176007395008,0.001667898656149829,0.028759252734081413
3382,10.341500770525894,12.94420065292609,10.926601761606213,-3.5148380425399085e-06,4.4392249211311405,-0.018819607665835292,0.00116173597179287,0.03201763404001873
3383,9.289563098474757,11.326544342990948,11.751089964232063,-1.991893333725223e-06,5.5899797015302575,-0.018323855509780666,0.00030556691960333636,0.061575745236765345
3384,10.075586430057044,12.560970250418633,11.066439281976894,-6.874014623648719e-06,4.485526738084775,-0.019137797431366968,-0.00223090005862507,0.0322662106605458
3385,9.969513755948087,12.473146371114128,10.583777657189293,-2.889853107546881e-06,4.337261658911521,-0.017793945190284634,0.0003405005418035485,0.045555344526586654
3386,9.300196768793555,11.345050002187408,11.708687793364074,-1.8833036457808727e-06,5.551933362852662,-0.018387076719107484,0.00023622351075043568,0.06049965798127583
3387,9.829361623134076,12.209364247035422,10.2695420675927,-8.124849410230933e-06,4.569167539679306,-0.01871079525231125,-0.0016548547995605296,0.033462735914079625
3388,9.813095703729886,12.183946901306127,10.244426624206689,-8.371560955657496e-06,4.617301644825735,-0.017808206500373,-0.0016104950037945627,0.03264163580071249
3389,9.692617400577689,11.979487189445312,10.9240692809654,-3.6228902755476856e-06,4.872717453574688,-0.017684558730892624,-0.0002303410345008708,0.03662300955274769
3390,9.713503333594678,11.917460268879177,11.501326865921929,-4.462594007265609e-06,5.508754667066371,-0.022562032606257262,-0.00233206584061069,0.022687789316945012
3391,9.268259074310311,11.301600688143091,11.728985040480254,-1.6984066573213885e-06,5.561777086985066,-0.018451788959720203,0.0004323016043715835,0.06343680861111642
3392,9.799687523732544,12.181540446275257,10.2257862295522,-8.201478849389724e-06,4.61888669543009,-0.01939656275446512,-0.0015315855916847344,0.0368128956010539
3393,9.155200884608718,11.298321354290811,10.023948359418906,7.313161759221806e-06,3.7253275028063713,-0.000981639984121093,0.0037838959643399623,0.05418639651295976
3394,9.727818056441526,12.050086887074482,10.063018090036838,-8.977811949451996e-06,4.7411173579749715,-0.01856424170215243,-0.002153158286215362,0.03505327259822893
3395,9.71926568439867,12.0047085061595,10.045270222913086,-9.848861752357649e-06,4.853923840974533,-0.018955944643550972,-0.0022948871294970943,0.02942337177262501
3396,10.10852618753484,12.593032933674891,11.097225202685111,-6.801804954950559e-06,4.51073596981859,-0.01905104698982335,-0.0019235053956878057,0.03375367085044059
3397,9.7346074822316,11.981083047085892,11.212873049638237,-3.143007153623497e-06,5.183303949677146,-0.020768556376023786,-0.0018051407041287475,0.04385310353923089
3398,9.130360335981097,11.225375881176808,10.213308303618293,8.799161592099902e-06,4.081057507889793,-0.0041423596095915005,0.0038221609345175686,0.03903792885808741
3399,9.252226043057975,11.29919659827058,11.465020074380549,-9.388021851580081e-08,5.300069088672716,-0.015310531889880552,0.0009620180044558925,0.05849302848027299
3400,10.108420847421126,12.594505038228442,11.098567763852564,-6.818961416634588e-06,4.513039560933039,-0.019041737293183036,-0.0019333305347181728,0.033610330136043434
3401,9.901224977859565,12.452423365155058,10.790961253606527,2.6489360457419826e-06,4.128010967574351,-0.01678050351593633,0.0019455247111151187,0.04856084721454648
3402,9.391073693598333,11.501629522609106,11.28376450357274,-3.6437878256976103e-06,5.342460272164099,-0.018481841338819964,-0.0002586483813610762,0.05585146417218379
3403,9.903997338706656,12.449933058187394,10.757107830564893,3.0660112374523367e-06,4.10310703521951,-0.01649295213235038,0.002174442653790598,0.04862036898845598
3404,9.279531057235433,11.296108061788194,11.741550939503515,-2.101003549288916e-06,5.615973562677306,-0.017305598920016086,-0.0006728469215828104,0.05761683778053294
3405,9.594300263890169,11.922137413520629,10.38724230220131,1.2136625698747495e-06,3.8619102492615514,-0.010868867551061472,-0.0011306663832695552,0.030724922201473243
3406,9.911373964907607,12.4130576772981,10.633943061696394,-3.9799675853238115e-07,4.2833159825827725,-0.01705574412303052,0.0008872719286237931,0.03843458238463705
3407,10.156077847651371,12.660957341587329,11.153407538126526,-7.548884090431093e-06,4.537092099936371,-0.019985768753608985,-0.0022158170386699155,0.03379683288444268
3408,9.524259167162333,11.768443866881702,10.765236374542017,1.2870887898621777e-07,4.660827638470088,-0.016055193014319142,0.000835356780899531,0.04538539218585246
3409,9.363738690670493,11.572524029639782,10.254385283721152,4.5119071541704496e-06,4.165832264917965,-0.009029842329133758,0.0025723281926078364,0.03097664778426741
3410,9.71804906901692,12.002492893942415,10.074277310972844,-9.228245714960291e-06,4.825752112192051,-0.018153288547939454,-0.0022019916894235156,0.036778939141376456
3411,10.046846194714384,12.568784340381187,10.963730690704732,-1.1599518049830285e-08,4.235072295868843,-0.016063421947824237,0.0014121347511776069,0.04334603682034626
3412,9.695709119726375,11.970557433968995,11.176421969699948,-2.803000033231727e-06,5.181381749303645,-0.02190572141850724,-0.0017625013025945606,0.03487465940469913
3413,9.2881689674249,11.334028038707231,11.65680883414882,-2.0137789749985903e-06,5.5262228967214675,-0.01845666085248984,0.0003202893663887202,0.06220712278143257
3414,9.929932499694848,12.457744927654504,10.80383636260993,3.176416166414602e-06,4.1671494910751266,-0.015904856979955685,0.0022969847047741424,0.047330547773122525
3415,9.771799368207178,12.321736914294537,9.273577175753555,3.468474857024719e-06,3.525414089249252,-0.010396747368650362,0.005315547385473533,0.061303178776282025
3416,9.779870572044413,12.333527702784004,9.32221645705516,3.4025170667777837e-06,3.519622571146873,-0.010234643031302832,0.005130408752366635,0.05606992684189871
3417,9.779784680862367,12.335130762256544,9.320810893284781,3.417928853954026e-06,3.526708306311969,-0.010442297046430411,0.00513167797708629,0.05610745770581339
3418,10.048797477741472,12.654910455039056,9.223168910182165,-4.679160404254536e-08,3.8089152239476247,-0.015587385013495056,-0.0010320622929836073,0.01164989984042053
3419,10.033823426067377,12.635022560700268,9.237086103553017,1.609180515562067e-08,3.7583351848658793,-0.014837348162085338,-0.001069189661787046,0.013589024220550833
3420,9.640473669784054,12.000386622351034,9.41777094001814,1.4719713405897565e-06,3.760122441481092,-0.008599173603987131,0.0035576853932945043,0.01321389002090367
3421,9.873044057362346,12.561119322131338,9.358231684197227,-2.8935752395274218e-06,2.820369788004529,-0.008595276574181951,0.0009403281411381843,0.06720781906635671
3422,9.99583945398389,12.799067043071354,9.493130225268196,-1.9192963228508103e-06,2.5076985777983265,-0.007349755079144538,0.002361247558566982,0.03192860800469316
3423,9.763308927917677,12.37773874030532,9.864014289732221,-3.566357332851852e-06,3.050074351768236,-0.011393866832343218,-0.002409378301938126,0.021073091301392143
3424,9.927309302139536,12.5094634276063,8.403734947368768,-1.0542324366951647e-06,3.7526559118106975,-0.01313745738563194,0.0036836161817536224,0.026161451291317445
3425,9.940871686974917,12.616434819890545,9.880193476994688,1.1470788905465319e-07,2.921670524881362,-0.008420568734754885,0.002007926066750594,0.03857470187122154
3426,9.88417015826022,12.530828693525113,10.049546082568732,2.3600184947068814e-06,3.197957970312351,-0.011090896409177785,2.3606097770034057e-05,0.04875219180494931
3427,10.049402838098572,12.836188947941372,9.695681836803846,-4.179504823236346e-06,2.4592427334590568,-0.004083879283292076,0.006741682187025322,0.038308044430126253
3428,9.95583857393929,12.690113442414624,9.640778682405648,-7.065390066707664e-07,3.1444076410252553,-0.012599862385622208,0.00123515335294982,0.033690389789720644
3429,9.923804426233575,12.507435055241231,8.324511171367899,-9.895721116863357e-07,3.7720298047684913,-0.01358126723588092,0.0037639402297922247,0.02646806594127937
3430,9.931928291840672,12.5064866436625,8.44766372268868,-1.0680395459410265e-06,3.7198469621227535,-0.012858616527741545,0.003604615135971864,0.02780263781343728
3431,9.499302660957401,11.955202130321751,8.971348854490476,-8.23856972707326e-07,3.1724681791803926,-0.008489109128436936,0.0002511942605425636,0.042590212034323296
3432,10.23460135576824,12.792611877579215,9.754767553605868,1.0030675928009249e-06,4.668549594822135,-0.019524210774182517,0.0026494230268674316,0.05703227956357232
3433,9.417523135294934,11.623909342741,7.988005051178836,3.2140828868865087e-06,5.02895696839727,-0.019998503739944995,-0.003295435032912175,0.1869883369228221
3434,10.17015574574634,12.744484502675505,9.752837887109674,8.749317993868367e-07,4.129739949669895,-0.016304036296505016,0.001754036477202787,0.04967416786616841
3435,9.41505810685924,11.60990450375848,7.9512933269813315,3.226851375937189e-06,5.045478934688303,-0.01961617262974664,-0.0033476104603307275,0.1884516171052713
3436,10.214844776135235,12.79458494628726,10.551244478817548,-1.4963535873697325e-07,4.372209002653819,-0.018326171972901893,0.0015023323244052016,0.04808944171598142
3437,9.688162380958493,12.030880947793955,9.923960477498738,3.051617510938183e-06,4.409074790712551,-0.014677584558291564,0.00014656514285046928,0.07488055779665284
3438,9.87174740397299,12.666691615797978,9.890775966157014,-3.6615437208041404e-07,2.6579256162229132,-0.009955024354393485,0.001268255160985849,0.0232372475051091
3439,9.657686939202925,11.949475373424916,10.122207356725983,4.043624982313163e-06,4.783364038396441,-0.018830788882870757,-0.0003324285767995461,0.0813121184298762
3440,9.850819893957363,12.376814098341816,9.520692749409344,1.0725376284908294e-06,3.649736160769816,-0.012887505982223962,4.9307829924597965e-05,0.017143902946566102
3441,10.26881460442594,12.84108260219482,10.601041625618882,1.1105951925557727e-07,4.454068220005288,-0.018510423090730307,0.00214429937513032,0.04669586302411347
3442,9.659881736579353,12.05220984442824,9.290220557340122,4.1771192141611165e-06,3.849362055681991,-0.011502787282535652,0.0008649726435312112,0.08608556823149005
3443,9.573991512368528,11.710627743811033,9.36013112344711,2.545205088860063e-06,5.764026200018529,-0.023906545519443965,-0.00541143192983657,0.0528671808698778
3444,10.038888910269309,12.61294515787998,10.066696163665243,-1.6860107982018929e-06,4.141806145395568,-0.017488073398029023,-0.0010502282474524772,0.06064700852594311
3445,9.66447118788671,12.09196472525088,9.747369814657874,3.108928228919811e-06,3.488913302538467,-0.009064222579152077,0.0013639903685366854,0.03803917796800537
3446,9.66490874045589,12.097683248858427,9.739188430498618,3.110877526872705e-06,3.4897689420918048,-0.009279962674601305,0.0013866296468532133,0.037829782019464325
3447,9.574883622022027,11.71250150957806,9.372473890085706,2.54813216561429e-06,5.741044181288104,-0.023655529952657725,-0.005326423797027837,0.052622419216005585
3448,9.593152864827125,11.872811787215372,9.364266766494103,8.551096024531364e-06,4.825574281849817,-0.017031749094475752,0.0011708905773551287,0.03330096821066565
3449,9.231824316560584,11.369912387720005,10.768543328225938,1.917319193426586e-06,4.243313276094871,-0.006336331761602122,0.007293349409606154,0.02867907431298944
3450,9.651324357440767,11.948938765850702,10.124427067295615,3.800199433171427e-06,4.626632477124768,-0.016944700396592884,-0.00030578243801784047,0.07617874341296915
3451,9.607876786309852,11.900662952559594,9.403675273998525,8.325884100263226e-06,4.785442828632345,-0.01728523951835728,0.0011025719114007436,0.03432987834231214
3452,9.689417538542077,11.876036201434596,9.101649348108712,-4.981833084045312e-06,5.543668262306337,-0.02172416409837212,-0.0015415473317326842,0.0239702829692054
3453,10.060383514210589,12.64221287019432,10.151575111250738,-5.045239323581962e-07,4.160179044706917,-0.017587562897339336,-0.0002511013896219459,0.051738119419447434
3454,9.683136733554898,11.884139416419108,9.105962177754575,-4.841538699789568e-06,5.5147678960366315,-0.021989734475763432,-0.0015076878279136313,0.02565016450120325
3455,10.112986909432044,12.773981897197883,10.335228273772533,5.285847643758366e-09,3.9411545517345736,-0.017196120758817043,0.0006419378395468704,0.0670266508166049
3456,10.04884462755162,12.638148459497728,10.142990860205638,-5.224429087315866e-07,4.132799207451632,-0.017954256441754954,-0.000352740972263598,0.051587828770327304
3457,9.891944922936169,12.310232048520298,10.1251353015572,2.315467562125919e-06,4.234182345192965,-0.014443717742462874,0.0016065662729334296,0.04374538506944994
3458,9.478426866687364,11.573290857434912,9.43020660672991,2.4920246776072926e-06,5.733740072394687,-0.02257675037930522,-0.005859337297738684,0.051167573224456905
3459,9.62800770008665,11.797691125063077,9.298352693326652,-8.732296659848799e-07,5.5591300714124285,-0.02199272265425957,-0.003284036932566401,0.039124551979026374
3460,9.628196143976751,11.837880901730518,9.32074985646653,1.7788443524973305e-06,5.170487371403624,-0.01926680616087144,-0.0017208771289121843,0.08644777106974241
3461,9.775133908656885,12.022914103269008,9.658361476124703,-3.8778676759927145e-07,5.356905149608492,-0.021376739651342475,-0.001831704966835692,0.0395270974453176
3462,9.675219360934776,11.872048730003408,9.08191743940409,-4.9268984186497016e-06,5.526098678169405,-0.02202613442076478,-0.0015682562222287728,0.02543402786683696
3463,9.679964470020517,11.903816734345869,9.143000502926732,-4.317560986581395e-06,5.365341683618216,-0.02224732750752609,-0.001701257618720481,0.03719620896328846
3464,10.117874043695538,12.58968149060739,10.505370793876214,1.7782834239039187e-06,4.605714384482789,-0.017548535212215558,0.002091227397658055,0.03500091031963147
3465,10.013210204520073,12.567210820794998,10.046390165667765,-8.890574860672348e-07,4.251864814813198,-0.018368974087415484,-0.00048300987305389405,0.050197574895611975
3466,10.105179109045691,12.59694344391904,10.510160017565068,1.9283994891348817e-06,4.720452452661896,-0.018841870782123932,0.0023096432710486047,0.039733375003612986
3467,9.645496967368327,11.898537772996768,9.369918527057232,-3.4410910400621914e-07,5.123910586835983,-0.0205785850071517,-0.0011452883756324292,0.02287086619857996
3468,10.014440032594466,12.556120488495193,10.070695612474976,-7.074195905262336e-07,4.287550212844807,-0.018314938850935783,-0.0004149921471155399,0.04944199385502393
3469,10.000542743702123,12.536693752246697,10.123582620654512,-8.553922362959492e-07,4.29110614466505,-0.018231783451473187,-0.0006854657898898941,0.048386861522083206
3470,10.100326920574542,12.891608039555887,11.45536150688942,1.3069854823833896e-06,2.6962430093438634,-0.00819716251238213,0.0023568271489195765,0.05658333149001847
3471,10.224460156390654,13.081738817891756,10.038294574857836,1.3900648436345904e-06,2.9520574368669235,-0.012050017436914228,0.0014387670800350776,0.05494273243709848
3472,9.96258377035416,12.68184647896206,11.750443142236785,1.2118907625618788e-06,3.0259891493711084,-0.010981967121590858,0.00013733761707337543,0.03904717448808477
3473,9.868740900166298,12.259116569314536,9.833501945547187,-3.770601398620707e-06,4.837700944572509,-0.018261292327236486,0.003942649692685234,0.1031986496682089
3474,9.711934899294125,12.323688723734,8.385586160360676,-1.355470954653562e-06,2.8932695888558215,-0.009220106513830333,0.00023706351686209612,0.007289694172231906
3475,9.428059017207303,11.695132040139947,9.266352724409543,-1.6865255058146413e-06,3.919793116096468,-0.006685809346648754,0.004249605037154571,0.0532472378891995
3476,9.873002071881006,12.170318275456411,9.889267400373592,-3.5839356708421046e-06,4.990861847052299,-0.01791853514297713,0.0027109830186259334,0.09457198219519788
3477,9.568094872855612,12.035965960172694,9.322876102110198,5.982103197324137e-06,3.2905031685113695,-0.008807839566946966,0.002721111517427273,0.03303201818595227
3478,9.906206905286423,12.444316887892834,10.098241028358352,3.6212637887088974e-06,3.7799814897261586,-0.013789988564189786,0.0010254633616906977,0.06834917724643819
3479,9.556538470693685,11.989281118693274,9.424449995333438,6.453295108414228e-06,3.3319012530646805,-0.00742588314661783,0.002443869583819324,0.03224332561375296
3480,10.203188727607587,12.760171442130863,9.99428220754424,1.989540430737325e-07,4.388630789998951,-0.017218712311029824,0.003051560885278023,0.05853569741343609
3481,10.319107533884058,13.00363195140204,10.035940262512344,7.647479762084528e-07,3.981490235850432,-0.016416409458283047,0.0015025189303323394,0.042157203918346334
3482,9.94523184059045,12.419917128125787,9.914107560623368,-2.6166302135932e-06,4.370022209068266,-0.015588318399272688,0.0030480317379040873,0.08207644354136072
3483,10.116403639321984,12.662424455981096,9.804777148193587,-5.898215317204101e-07,4.359792604311873,-0.016974843043968273,0.0031105216880646476,0.06523058098350562
3484,9.903823402657205,12.444100776429408,10.11362580391982,3.7528906272310863e-06,3.8035849799182566,-0.013208789089287567,0.000971085233008286,0.06971962882814933
3485,9.858776246558422,12.653167008364289,7.895765024696834,-5.854835196318712e-07,2.3940693484542024,-0.0055637292526346666,0.005701693884551939,0.04329130553931325
3486,9.525544310385472,11.80365639753646,9.584151212716703,-3.1171743022514216e-06,4.086810311821548,-0.009435508602514589,0.0050567019426574844,0.04812011869018474
3487,9.772874642871244,12.25633705913118,9.828688720447106,5.618320755364832e-06,3.8186693425759697,-0.0144754368177451,-0.0006536702403668738,0.1029264711061788
3488,9.523680604377917,11.782106019834613,9.495277215234246,-2.8562232470556196e-06,4.08414173667799,-0.007501129422290569,0.005149392886662648,0.05599944191000417
3489,9.37799393092027,11.564123985490138,9.925594583721065,-9.375069703784622e-06,4.065551488507628,-0.005389402400168823,0.006921812611220955,0.06287556543560838
3490,10.06001955826701,12.633520211135798,9.767961914680392,-3.2016917343415966e-06,4.206132319481701,-0.01615627806458231,0.004368924275664132,0.05783654981118803
3491,10.098361212774575,12.833413005565893,10.453290489357627,8.106630660316636e-07,3.318990098304824,-0.012174393965820105,0.001942778375749236,0.04188768253528791
3492,9.03269992300768,11.13518778783356,11.812950227765864,-1.8628162333540817e-06,3.207639098512119,0.00625003508133036,0.007139260651124557,0.05450604649158107
3493,10.06142583064818,12.667219028406162,9.141577409075184,1.0343352659814396e-06,4.024327487306008,-0.015964689254231265,0.0017455036540265849,0.05804316243200064
3494,10.067822873208144,12.678578738867792,9.921631388067167,-2.3500675775666284e-06,4.027796633405166,-0.015234132618509632,0.003881201079054563,0.053853210425343453
3495,9.335534227655408,11.47653105942832,9.992112159339749,-9.991543262738467e-06,4.068998914589482,-0.0036920999917672247,0.007322887949765762,0.05847171091785121
3496,10.061426785099002,12.667158102348738,9.141634630038844,1.0343749472520538e-06,4.024257375114649,-0.015971753469200628,0.0017446851247924647,0.058019434554863025
3497,9.325905797009092,11.455339005491272,9.351275100470634,-6.650439877668807e-06,4.019686875478998,-0.003002911087132864,0.006296640097358384,0.05999385318094507
3498,10.020013367467747,12.641925926573697,10.13846996198022,6.563018569596608e-06,3.749319586371776,-0.015154530482919206,-0.00032757707943366875,0.07201932983193017
3499,10.100834228412737,12.73322173606973,8.939949632401376,2.1118970127573523e-06,3.951100656848377,-0.016263308767172337,0.0010348293309998893,0.05963530386168073
3500,9.888976049114271,12.37925602885735,9.876359103327493,-2.5327232916421414e-06,4.397966650590036,-0.015967422451458685,0.006189210842288999,0.06831339194151527
3501,10.066526700552316,12.675676781367208,9.124799982942573,1.1185470583973817e-06,4.013311083243113,-0.015967409161613145,0.00162719711410355,0.057692068585277825
3502,10.06009667482909,12.65720794565755,9.052633840362216,1.0605940429602057e-06,4.037357505281633,-0.014967636158094096,0.0035141693859303564,0.052546284063716975
3503,10.070571722514908,12.690526964865372,8.95940539686316,1.0180516756737236e-06,3.9610945379033993,-0.015076008602364887,0.0034075285111672725,0.053657969663516006
3504,9.364566152469338,11.523771976406564,9.984807364553829,-9.567060790028581e-06,4.093359850208887,-0.004406105620792484,0.00729236864541892,0.05925099659290224
3505,10.040671404255615,12.674823426502025,10.371076878260164,8.635709188296563e-06,3.747489695700752,-0.01613002117409116,-0.0014434648364206396,0.08199646377404374
3506,9.411203583796581,11.608271890093013,9.955723229394453,-5.7357442847435595e-06,4.118933036531979,-0.005784488507709492,0.006276946389242255,0.052500394390414984
3507,10.104723003712907,12.711924916694471,9.263284758050759,1.2518305925123853e-06,4.058147793170925,-0.0161531027254848,0.001765414263826291,0.05583487852849309
3508,9.958780561191919,12.460559519909731,9.761703054282254,-4.95139591078305e-06,4.331228473545083,-0.015135108331461138,0.005177586145257927,0.048152308604482774
3509,10.011512637939251,12.625019742500308,10.162352461637164,6.668716539454097e-06,3.7700426977217343,-0.015292705398580114,-0.00045376770398242953,0.073307948222576
3510,9.907355665138661,12.389908674580717,9.862242633512661,-1.8801425798709432e-06,4.386112730542575,-0.01513053779966928,0.006198859866564203,0.059701485605013246
3511,9.95811979819059,12.46475873392388,9.754563234511501,-4.971935309565926e-06,4.35854681395135,-0.015741814206136365,0.005181449758403617,0.048949743156645784
3512,9.66085296326164,11.961375594142991,9.28020037147887,-5.9395726701956765e-06,4.591799653543199,-0.011613444142565082,0.008429676923707424,0.035597184017040415
3513,10.351630845243948,13.097498435850024,11.651224347117443,1.1125141403026406e-06,3.599862025422501,-0.01490971568207076,-0.00012162895813365264,0.020387744522760123
3514,9.9281883413174,12.387470092988742,9.862000067402677,-5.472142280960256e-06,4.410262290372157,-0.014541935466746744,0.006670427741938423,0.022988134333718595
3515,10.255220944772274,12.93349858704074,11.187227320193877,-5.18410697439139e-07,3.77037628292509,-0.015071201396232293,0.001063968035184328,0.027298937492441295
3516,10.107555467605392,12.78682126756484,9.97120389437053,4.989365502560808e-06,3.8155115594927262,-0.01686173514193691,-9.206965772029072e-05,0.06398878900654303
3517,10.187519335620673,12.853893815709585,10.843756631564489,1.283382547149984e-06,3.7964323739672174,-0.015030142740647451,0.0010425870037473102,0.03508321466347263
3518,9.913424850800975,12.398663165320777,9.86258429633587,-2.086802297775504e-06,4.389347440950187,-0.01520828731019945,0.006271667282945328,0.06033305171241497
3519,10.180262111608734,12.85250420799932,10.731762794982712,1.0060040581535915e-06,3.7657649206341905,-0.014886921658115657,0.0009026633043417584,0.03527377034718278
3520,10.21210114473942,12.842169158944063,10.013310016081387,-3.290531337702728e-06,3.787046923365075,-0.013102638455338165,0.003983260101083049,0.02339161629364601
3521,9.676533293719832,11.989273849158767,9.307235719801117,-5.600977348882353e-06,4.520248380525913,-0.011293003714048145,0.00808958158312996,0.03649586022360848
3522,10.025493998850322,12.798292135473377,11.39142945772303,9.542908746005718e-08,2.9966961784949655,-0.011346631025265468,0.001293747370183469,0.0410204735844346
3523,9.76926311589138,12.28410201552474,10.06378369934648,1.82774424032488e-06,3.692938355119193,-0.011527009337152548,0.004121301683781008,0.07480554384248475
3524,9.681061900961277,11.995952293299732,9.07690351840325,-5.051053279298728e-06,4.440723036552434,-0.010590382770530342,0.008089832594296261,0.034614155321639445
3525,9.8867830440536,12.35198857219933,10.04634280671704,-3.5412773072995814e-06,4.26210870544491,-0.01428748120170674,0.004030756156406445,0.046343029024724
3526,9.98117514096141,12.505001426435223,9.855983222786104,-4.35150672455096e-06,4.297024137211061,-0.0156530880178494,0.00473737007442256,0.0475303636787112
3527,9.918508974989209,12.359035381667992,9.690797444262115,-8.0781055938038e-06,4.553801703074477,-0.015301138210848018,0.006914976729615,0.04556797096675232
3528,10.277822309518116,13.036911169045926,10.840099592361392,7.850335554727667e-07,3.5775495748956843,-0.015779011700993616,0.0001987915886367949,0.036392938128761626
3529,9.614494011172837,11.87293346006548,10.663895755993607,-5.88088093570895e-06,4.360254944304213,-0.010866211773869703,0.0043425334667247985,0.03080421464107722
3530,9.952483609377632,12.424326927767275,9.734099459408695,-7.348865470569214e-06,4.503117032028902,-0.01591542719899687,0.005930189527983415,0.049972042367090096
3531,10.197948524929176,12.840366192376871,9.523666821371144,2.379913236756553e-06,3.7345452875491754,-0.013957779576425413,0.0019324709088490329,0.022029035816140186
3532,9.70435620146707,12.108630619928643,9.491999137639455,-1.2344774470469509e-06,4.262553324992476,-0.014894386531665945,0.0013993172575858426,0.05794679417057988
3533,9.759964855421805,12.18402871571314,9.588450062129478,-1.4641284517526846e-06,4.2998822018769784,-0.01490498824645864,0.002684960074438445,0.05842213875090806
3534,10.43138388563829,13.31624609195904,9.37632414087119,1.9953971092929777e-06,3.344612598767166,-0.013354685063122288,0.003992406602885831,0.023403653461095013
3535,9.991324740052782,12.61340206140684,9.287246752720984,-1.3245372208849568e-06,3.914770396651409,-0.015429522015745246,0.0033788189655538886,0.037520966529240474
3536,9.688129889128644,12.11557972100981,9.708778264118022,-1.308527686275302e-06,3.89233757273922,-0.010861055530946098,0.004602242322495911,0.0471417642603225
3537,9.829638429359045,12.252177754352008,9.183385204131431,-3.6855445272184426e-06,4.435272849678133,-0.015140067603289904,0.0051649856893133525,0.052667041335447355
3538,9.99628694018963,12.604988283802795,9.582239061576942,-1.1613108055430982e-06,3.949273015384428,-0.015712881911705848,0.002793626897444117,0.038346384550847865
3539,9.69133884961703,12.073770304082933,10.367441074370731,-2.1392979244380927e-06,4.027847830643775,-0.010717604979070624,0.00419753491880246,0.05212216624852562
3540,9.919841302093776,12.360616220980008,9.692956694041545,-8.104035647660612e-06,4.555555036033837,-0.01531084637919735,0.006936823949507882,0.04548884374962269
3541,9.903011576670165,12.433223162577306,9.816977231123515,1.5296714185233542e-06,3.81980722326028,-0.012433108026938734,0.003140502495165152,0.058598547561745776
3542,10.064573905208004,12.66783826517235,10.013151329027677,4.838719511411288e-06,3.584035664038083,-0.012489996095688256,0.0015948219877331847,0.06630101816919148
3543,9.770411325781165,12.253269199956693,9.904649800545286,-3.874407888163618e-06,3.9550964328751825,-0.011349292966653853,0.0077826725546775565,0.039452140388762574
3544,9.545929283207462,11.744806728261546,8.56797342472438,-7.155405821330603e-06,4.84272632795466,-0.015283361954940329,0.002543141754595011,0.073209388750713
3545,10.015397387602292,12.6206840000551,9.620401332941709,-9.487065581820785e-07,3.936716552841149,-0.015205047976152191,0.0027446649703233425,0.039878881998973624
3546,9.701818516880996,12.138663289438114,9.774139659578854,-1.241114482929052e-06,3.891707894871092,-0.011725137034285925,0.004486820545572202,0.047727217886380645
3547,9.77071108150868,12.213706514919512,9.463405098350787,-1.912613717071729e-06,4.11762447140646,-0.01330111654143396,0.0030573345910476016,0.05769658638635895
3548,9.708527262129605,12.03134857434986,10.180628299998103,-2.1269242796274765e-06,4.787916053284894,-0.015308767226836318,0.006364444602876258,0.03560571035966998
3549,9.619161528935642,11.880442028551684,10.647508401309247,-5.845440489518886e-06,4.340882941066135,-0.010237835574484044,0.004272943010449899,0.030508218576470736
3550,9.903474976820535,12.432870885160868,9.81832744158555,1.5388553392876853e-06,3.822927746289875,-0.012355712022840346,0.0031504994921936385,0.058600172977712126
3551,9.865230712758597,12.354204436449448,9.690199961789272,-2.4006035652940514e-08,3.9032970514519647,-0.01238861802692432,0.0034615292172726258,0.04233032703702475
3552,9.89225724303076,12.324303682008576,9.996058403242754,5.989043301360321e-06,4.450295540577855,-0.016696153799507646,0.002402060483353777,0.04659870390182269
3553,9.92072958649516,12.363841683508143,9.703725527637676,-7.921385923455774e-06,4.545130419358718,-0.015290088854010892,0.006850227259349938,0.04552913050137042
3554,9.898278388940279,12.434179120115417,9.80934661749038,1.4994172346972623e-06,3.845294439445808,-0.013160229603090476,0.003188921754539921,0.060456784383144585
3555,9.892195827578044,12.32429221225488,9.995829479709885,5.993255988555877e-06,4.451608938712914,-0.016690354244438124,0.002401086797046275,0.04662710762188288
3556,9.727332338552126,12.015812543066568,10.752333123087189,-8.091220677244222e-07,5.058610759155661,-0.01612962367251668,0.008351422322521389,0.022944607212167567
3557,9.98663461374064,12.58808937786479,9.720352322850488,1.6363251786223822e-06,3.7221282015901327,-0.012759043188580217,0.0033761607365261114,0.05348436791078939
3558,10.34146236104881,12.978240971465995,10.62767314239684,4.2557983906597204e-07,4.34086493044704,-0.0154903742016638,0.007305971239593355,0.05768370690882444
3559,9.923293268090106,12.371751244377258,9.69569635417376,-7.92154602389655e-06,4.532187721275598,-0.015364200542754171,0.006829560642496614,0.04565667079682035
3560,9.80421549340844,12.23655158952188,10.0188157619675,1.732087942827683e-06,4.2114294119545,-0.01337533632686954,0.004415454510484905,0.03966327232904693
3561,9.602858539334404,11.972377052532853,9.135833460045365,-4.61570545153537e-06,4.356317804072698,-0.013846281634345302,0.006163398280968587,0.06128372740888685
3562,9.567792351541007,11.836249081779098,10.837829789287165,-7.48540986103939e-06,4.701989456682101,-0.013483534077151688,0.0060293562491949195,0.03985036463208182
3563,9.503194029925965,11.634191352745614,9.571500293855852,-6.185024027791502e-08,5.211233342247173,-0.014820206912135965,0.0048933563888386615,0.041931853411504766
3564,9.584524358475322,11.902100725840778,9.072190098867791,-5.1642600764104775e-06,4.389728826052896,-0.01264568604740937,0.004230508415340253,0.050750784751919825
3565,10.056913026833914,12.785196003247266,7.533956301284154,5.104219215386752e-06,3.258535626249104,-0.01337964238708038,-0.0007192706169802613,0.1049449832114734
3566,10.05278190051796,12.791611022266537,7.483591649193406,5.15655196672669e-06,3.27097975789027,-0.01365573160457918,-0.0008045015613039009,0.1046404644557297
3567,10.075754720680544,12.815302040153876,7.333331974013686,5.493153946610124e-06,3.230509802181055,-0.01323648023007918,-0.0005734140151000214,0.1101736621709638
3568,10.052673826278394,12.790319711033638,7.491741671687379,5.14998586553688e-06,3.2635679744742663,-0.013659442412993423,-0.0008010401724924141,0.1043600931093688
3569,9.546543739516581,12.105515570733,9.457309668693847,-2.6547290224404328e-06,2.700329473557716,-0.005439425059800343,0.005070771172814936,0.06951631707283623
3570,9.972203710087776,12.684835724819145,9.957083687609149,2.7348547951043056e-06,2.887831067680911,-0.0110416313897242,-0.0018866259594670096,0.03532571076578801
3571,9.837392156086976,12.532465837450516,8.931769198736399,-7.98441219734739e-08,3.0681835268043054,-0.00902361318938271,0.006751307201443199,0.015913676776232004
3572,9.751024890412078,12.374071059958831,9.901626624786998,-1.6515130889927258e-06,2.853070683180575,-0.008822564808962057,-0.0011913983361893214,0.04561693274303287
3573,9.79606413185964,12.40177718428576,9.346278516542245,-5.566814031955404e-07,2.789141722644737,-0.007328001113075092,2.6828343567796183e-05,0.05020905992031056
3574,9.749059897453268,12.219938898820557,10.739591696599206,7.2636468076214e-08,4.029046019807834,-0.017479109713487477,-0.002865394640918793,0.04615246399226884
3575,10.333968009103328,13.362570074156547,9.607558186146152,5.329263022521395e-06,2.0303177308722,-0.0032369721671513182,0.008125271175537997,0.06123102608876245
3576,10.17598680600098,12.783238971487776,10.32648430182534,-1.6134078480579237e-06,3.8133935697482664,-0.012318132577760904,0.005187952549016662,0.07034376066441475
3577,10.278838483388496,13.103309581922073,10.133113738717627,9.531879294612666e-07,3.248026985993899,-0.010552177878092676,0.007509810223183874,0.07475309719324427
3578,10.0881098745291,12.86890203209228,9.151850077819306,5.618674949548593e-06,2.7753678191655675,-0.009681659820934592,-2.9533634428864905e-05,0.016194190410748793
3579,10.11112838764564,12.740204273205851,10.313679405033344,-1.2331358527279208e-06,3.6606891396187105,-0.011224686041048842,0.006704818467431846,0.027009716829244433
3580,9.917789458023488,12.62624266576938,9.953370563621407,-1.8079305681333145e-07,2.9681377387153822,-0.008863578405744518,0.00436996655160083,0.014933342425745497
3581,10.14974635719198,12.763504792701422,10.372980205239244,-1.571130833529905e-06,3.9863183659946126,-0.013490597455285068,0.00647024695213934,0.07837656998169719
3582,9.645129644400878,12.149644931850768,9.559698845452445,2.535405590812032e-06,2.979751774684189,-0.006312590634982181,0.0020890957231487505,0.05869704910383431
3583,9.83594835965384,12.50469813517026,9.706728738018423,4.288543581466482e-06,3.1326834150904745,-0.012346532164508938,-0.00031785245857731325,0.07782678054517336
3584,10.002787657296157,12.598323973828702,10.963149449560625,-2.4394890801418724e-06,3.8621440150833903,-0.012948488126148397,0.005043668797922013,0.04840979510419955
3585,9.715923857532,12.322949502662128,9.474690587625043,1.5030343450529171e-06,2.9427687596598777,-0.009065853651087863,0.0010718888126433222,0.037584693229918774
3586,9.724299656664856,12.330109177833783,9.608150005529648,2.8972938372190365e-07,3.0204801502029097,-0.009343011888971672,0.0003457996713635025,0.1096761204864655
3587,9.78539731568335,12.262125652736398,9.429899371343383,-1.291391504580984e-06,3.9182282665583807,-0.014794858743855218,-0.000781900623848806,0.049784267533185336
3588,9.786176794586362,12.258918948907572,9.42706125478496,-1.2644548323483251e-06,3.91825086780136,-0.01484371870515418,-0.000798992046318856,0.05054024314088255
3589,9.888223079375392,12.431179518493726,9.306740239912129,4.04742497510781e-06,3.529868538863114,-0.01047962477496334,0.002796029580530216,0.04443579198552022
3590,9.760956286478901,12.29405532643488,9.408712740287532,-1.1939088646373987e-06,3.6384484756944646,-0.013486985779525043,-0.00025828796140158264,0.07619822245425623
3591,9.976622443668854,12.523799752715984,9.250663112485832,-1.2720354856944342e-06,4.018032661549072,-0.014970070969351296,0.0032503903125089984,0.04082911506608669
3592,9.946750502690168,12.493657293251385,9.205958808807152,-1.177452265493671e-06,3.9778137246351,-0.01485949963580964,0.0030805390183066043,0.04211291804862299
3593,10.00582005248472,12.53317986522595,9.228729392639362,-1.180336518291828e-06,4.13023087227353,-0.015267849333275544,0.003820331234611703,0.03799980665136685
3594,10.248055332198009,12.790701088718684,9.634028475867128,-2.067377133530122e-06,4.408852880912254,-0.016040810261838703,0.004934340808488034,0.028615765302006647
3595,9.836810453756287,12.403767205237646,9.330619588786943,2.4281884680874917e-06,3.4384148314681102,-0.010817600016182111,0.002076799964712224,0.06596287560809112
3596,10.111476300643549,12.630140609164112,11.737591504496637,-4.617018389177561e-06,4.2568958194260444,-0.013219013890349173,0.007219683583372736,0.03860466615564144
3597,9.866796634629042,12.428675241425395,9.22280379884312,1.6293470973357002e-06,3.6547357996738454,-0.013294904147213031,0.0023672510436582132,0.05831540923734364
3598,10.129558570082438,12.696511729990693,9.17016157763016,-1.4181150211041058e-06,4.027854256787978,-0.013911277059838075,0.0051997858193536285,0.03469837828366962
3599,9.704897042722648,12.172116064357295,10.079149721540825,3.678772364387752e-06,3.4620496489170423,-0.010491189193840143,-3.55287360333797e-05,0.023931482077517337
3600,10.022388382606696,12.624721388962865,9.271216449597453,-6.870593471730803e-07,3.7958996590584033,-0.0135007462319244,0.0044443962966238355,0.04578410586801454
3601,9.88524483110464,12.467418415006833,9.32207035006853,3.7321240298901703e-06,3.5510333196036523,-0.01190922587013444,0.002943903382267048,0.03996536304961393
3602,10.122423408679683,12.690371888148016,9.171947268472646,-1.4206294030453127e-06,4.017619107315188,-0.013892688468876108,0.005133892410550478,0.035332830945077255
3603,9.518424688526405,11.858265753967004,9.607010950436631,5.595777373460817e-07,4.4198800647071534,-0.017370089473665973,-0.0019110501011483485,0.04939928061894975
3604,10.193317118547371,12.803221033647116,9.812386517017584,-1.964479978907233e-06,4.146337631014495,-0.015296976042197845,0.003873052314402192,0.029116415929905277
3605,9.876317152113753,12.457214007721763,9.291396820680264,3.47067703905234e-06,3.516466460214542,-0.011105581631314448,0.003182332470847415,0.026036966762723487
3606,9.89142003867344,12.43994639528232,9.257163171293689,2.065224053450475e-06,3.700264057497288,-0.01299571876435994,0.002880439390338075,0.010068178639654785
3607,9.766516522111152,12.246402223415556,9.550467463601843,-4.6697953972767895e-08,3.7315602512714223,-0.01124589563732447,0.004470348299735489,0.0874087170496027
3608,10.123438351864342,12.690223035858494,9.176622127510056,-1.426316017038048e-06,4.024481014952882,-0.01394805685489696,0.005156534072263581,0.03546789058340287
3609,10.233127623199303,12.834616599882832,9.943110928355903,-1.840437062407046e-06,4.186113175309052,-0.015275413409804355,0.004507009061384543,0.027823028006111823
3610,9.930976260739579,12.611149502407418,9.426733329880719,-7.735364918189578e-07,3.417410777291256,-0.012935353171977252,0.0032007148955047315,0.03363834149904188
3611,9.361691167076646,11.480414977072453,9.621795188074138,2.0159817554831394e-06,4.8079702192498335,-0.01477210789248884,-0.003913676170256704,0.026905841729920707
3612,9.978408687593813,12.54423855193508,9.450751269481959,-1.1718904932597713e-07,3.74585656644266,-0.011613260611970036,0.004120522450465408,0.028447341372856205
3613,9.900038275240847,12.504151100960849,8.33641192780712,2.302669990075606e-06,3.5511557931973807,-0.012581853605212768,0.002966054787053201,0.032438538139562816
3614,9.79050571477973,12.403999438681206,9.161101367572728,6.043797029236922e-07,3.2198171764870973,-0.011601336762476416,0.0013734994003677004,0.070934358069062
3615,10.15036460572098,12.986410717560467,9.12891897795858,-2.62596199925415e-07,2.551958649777362,-0.006626677182223276,0.004491622916598321,0.07739670943063437
3616,9.96940627275636,12.394951614873932,10.418561957998296,1.1255916182936125e-06,4.451918316806729,-0.015408156501442012,0.0029869101026226584,0.0822375691067501
3617,10.06467101859627,12.857522797589718,9.066474190365772,-7.66565440902221e-08,2.8006850455289127,-0.01092787780669174,-0.00043347309120209105,0.028331111333391806
3618,9.743201973223183,12.21331004393128,9.983994184095392,3.728551650491311e-07,4.174771769382901,-0.016200011225099967,0.0011270881823784767,0.04107881500007974
3619,9.87281317350663,12.28469978903146,10.33622447569146,-1.3434397057790874e-07,4.8027007394604695,-0.019605071634591555,0.0011355974436077646,0.068899543301055
3620,10.026286486402954,12.64226992051764,10.07275371315891,-5.147821728062807e-06,3.9720857456673264,-0.017324975857116807,-0.0011211255657675254,0.06317406347595467
3621,10.170798943803378,12.913686050462813,8.619108785231413,-1.400885710265693e-06,3.4834446953351055,-0.013039914070751156,0.004552643203139735,0.009416225348044592
3622,10.024776429941124,12.63633755401875,10.097811070753016,-5.2808958766116785e-06,4.001876849292606,-0.01756527049068792,-0.0011391282993624048,0.06388510057630718
3623,10.054562358301457,12.70597239345523,9.554965849436517,1.4769871824219112e-06,3.543146705719991,-0.013368767068474278,0.002431381914688828,0.04826913221530475
3624,9.738489423127206,12.099277332067382,9.057318621347086,-1.09301763267074e-06,4.142362242179525,-0.012000735640378577,0.0026206154097860035,0.02915942772564836
3625,9.737499395727358,12.080233834942556,8.904625957934838,-1.3324733292084392e-06,4.137856316136697,-0.011355782177889982,0.002868762323077701,0.027155583135757104
3626,9.97446912392369,12.39147095007696,11.086200585156682,2.042546376765937e-06,4.557162264499826,-0.015988453794709583,0.0032274214246239713,0.06449812266488358
3627,9.980987029165314,12.362361077180276,11.468969730266815,2.4958374781427764e-06,4.636353599084357,-0.015838755477927416,0.003114907762672066,0.05031197163926757
3628,10.011613843046227,12.56322462179138,9.030748892399046,-7.229825792133263e-07,4.282368567070194,-0.016274254059527538,0.004105307689092299,0.09511586102685712
3629,9.877740445938183,12.374979152716984,9.91512343635108,6.023021554554024e-07,3.987305258048949,-0.013600834614456884,0.0018646336243617863,0.032804721530521275
3630,9.745115015631063,12.203430790433938,9.551149291484805,-1.551021257711988e-06,3.7965931187136985,-0.009547318149836906,0.006914192156894928,0.019082498260140662
3631,9.509764447862525,12.036628139697864,10.612028705275486,-3.830059422519359e-06,2.7200395863366618,-0.004894262938767414,0.001752162447143755,0.06528714536529963
3632,10.071736211195203,12.948800504229046,9.735593339562207,-6.358386461829893e-08,2.644673843345743,-0.009254668832448309,0.003262891197983001,0.030422486913681452
3633,9.817251232589692,12.209919713785093,9.780565393060405,2.8169312819030633e-06,4.44504710691386,-0.017296787266487784,-0.0013819502290166295,0.07573105187632707
3634,9.863286300228557,12.414670699049656,9.50641295354172,-1.7269646047664607e-06,3.2906685670921068,-0.005999987708065192,0.008496891805547293,0.022024021905549647
3635,9.851455262950234,12.507270292028332,9.350554892303919,2.1449565028878004e-06,3.348468883260554,-0.013318506522457613,0.0009667063662632163,0.08877642629855487
3636,9.82863337341478,12.180479021104734,9.654013732973052,2.1257566663873335e-06,4.832407231809363,-0.020138475956480755,-0.0026964500556183675,0.07606088564430914
3637,9.95529171740061,12.588520363623292,9.465816022485418,3.1142377296266288e-06,3.47640885047975,-0.014465260074307804,-0.0032223454852183617,0.07551830078564647
3638,10.029408566250948,12.57699934221978,9.358654198938055,3.337224246116723e-06,4.200259914722459,-0.018667081082884715,-0.003949125132433462,0.07747787234186751
3639,9.96521674846134,12.59606179239859,9.600730768358153,1.4155642015479334e-06,3.037768901757448,-0.007523780447372605,0.003995408246554517,0.05256157191484304
3640,9.748449814418084,12.339905819341135,10.218448873737588,-2.2745982649211533e-06,3.181423253271954,-0.008410110725578276,0.00468545834585236,0.041863799930595344
3641,9.729230682046943,12.228411481487257,9.351842431997659,2.114295660573261e-06,3.698507746848721,-0.013026691656014423,0.0020045072308279856,0.09670566262915575
3642,9.762176395050552,12.2606608357263,9.377700757766245,2.1395918823518755e-06,3.693682885897138,-0.01268377430289782,0.0017744546560802166,0.08987671168716632
3643,9.93919679232418,12.570333836509915,9.477334601393965,3.9279132985437645e-06,3.2241331773293207,-0.01122130971221314,-0.00033574385239969434,0.05777523140653648
3644,9.918324961301106,12.489834786816411,9.884034953426152,-1.2715232428301023e-06,3.492839957448804,-0.008204368648542371,0.008244077422196357,0.06526913674755383
3645,9.800114708365616,12.315712164941354,10.6683166913068,-5.228082234581373e-06,3.2314313930435667,-0.005868191368252191,0.006920230681256355,0.040915191007861826
3646,10.20595323897817,13.004320605819991,9.093700852406224,9.440042562490795e-06,3.2172175725770695,-0.012060131576036508,0.00432987428935215,0.1086271663025161
3647,10.249124364967422,12.90756486506726,9.468798497638993,2.811062381401375e-06,3.7993201351173216,-0.014630553510740925,0.0015120907485649,0.02989663843439029
3648,9.911164360190261,12.462672773729803,9.905424396220702,-1.5170952565720223e-06,3.524492111562283,-0.008002929736525216,0.008580275518018685,0.06657477606792636
3649,9.722240575287149,12.283535784635474,10.363464219466698,-3.2033022646736115e-06,3.1303304819013285,-0.007368517871205982,0.00504760149901626,0.031112817730800685
3650,9.744523100453382,12.357361757170894,10.206605818622132,-2.2839161163502073e-06,3.1766366406734905,-0.00970456214375824,0.004692151619035087,0.04310919090959679
3651,9.48726296548703,11.68139626742343,9.559148351416397,-6.44618325653773e-06,4.210119074907067,-0.005433638069633622,0.009706510404029813,0.01856365647612115
3652,10.092007454144424,12.796146463391418,9.324136484240316,5.593396964025706e-06,3.5705936757777064,-0.01365498192606737,0.003652874781837079,0.08993848674809297
3653,9.750062108440405,12.225539116920968,10.028815814565872,-3.37725046253875e-08,3.909284951096129,-0.013152932706450049,0.0026856411342539663,0.07339591954575114
3654,9.737000273216148,12.179790634386393,10.081537773329288,-1.9435820661595516e-07,4.032337924583621,-0.01422433995830106,0.0025993721087697024,0.07954267505313856
3655,9.736548128899408,12.329285320342354,9.753788881654872,1.8778188252816072e-06,3.4097353997321145,-0.013831969491801831,-0.0011297264105731052,0.04837179460170168
3656,9.802348695954494,12.342713966500884,9.95156335131332,-1.2994735687729227e-06,3.0355990337845564,-0.0034678835930248356,0.009666468015381575,0.06774819109144511
3657,9.596332394043,11.983777927731508,10.054213322957928,5.524956410139074e-07,3.730572474605472,-0.012530156724678804,-0.003380849131710833,0.05532211629288222
3658,9.758708115006021,12.220933262985431,10.111388553049805,-3.0045036093103305e-07,3.9323106831817296,-0.013255338552791578,0.0029703203089339767,0.09047478304410032
3659,9.69494535849593,12.136269643703676,10.301130278800878,-1.3559553936475242e-06,4.268533735124307,-0.016169108022144718,0.002266202037967127,0.03064128041648495
3660,9.911533849980366,12.561227328876226,9.90563724033844,-3.234007356559406e-08,3.2601134722316942,-0.011356421518600992,0.0020520357729386057,0.023597571046074524
3661,9.624677405037463,12.002241375861598,9.825395927700535,1.0665752039518337e-07,4.487075547955788,-0.018627438788158097,-0.001996402009120925,0.0434709381695254
3662,9.690625181303352,12.009235252299424,10.493128779593306,-2.088674452556066e-06,4.8306753318884965,-0.018640402180295515,0.00182943566643989,0.046911779645562215
3663,9.882746456190777,12.184548892233252,9.565449908105087,5.722340154598707e-07,5.1310267794141335,-0.0213403859274226,-0.0020428606044724457,0.012210922011525849
3664,9.802637196308396,12.140201318622246,10.448267515385188,-1.9224456096011937e-06,4.765069603038661,-0.017791162613998702,0.001936114069173132,0.03978540151333617
3665,9.967421137446856,12.43289177500304,9.579402050695267,1.7733656064849202e-06,4.345378231240963,-0.014438659807013154,0.004274541287292405,0.028018770562586073
3666,9.911960985120103,12.309728200466012,10.619784587931028,-2.1632763501189244e-06,4.4557765066600865,-0.015063917483235044,0.0027483582953500923,0.02448918613715048
3667,9.69864062504132,12.046800762044644,9.99578957165254,-1.2855602594624636e-06,4.661371870891162,-0.017868532265597713,9.27780405780374e-05,0.04654335757669511
3668,9.909803523796503,12.654553007153485,10.268148729789136,-5.217472351233445e-06,2.659251506686393,-0.009963783763270024,-0.0020908871129069503,0.030965454381657497
3669,9.80893202893139,12.568991750778062,10.287128229912613,-3.689899640556897e-07,2.767704365351306,-0.011256492336557703,1.3184286527912468e-05,0.06921535697088017
3670,9.893567237917498,12.641160345501577,9.445959656756145,-1.4243040275702014e-06,2.610525131583812,-0.007688238164269056,0.0020461947288479914,0.050292140878229315
3671,9.94901012586772,12.6536196656903,10.313167978575793,-1.5750340550904154e-07,3.065585023351471,-0.011571859005688086,-0.0003577484223949883,0.03158029688424144
3672,10.542173087401988,13.603278479472785,11.121348171515027,9.827151994905525e-07,2.748097084503869,-0.011316220638421422,0.0020426943027597013,0.041263714067845146
3673,9.591735055328678,12.001087771540334,9.860163817821055,-4.602069370385986e-06,4.020777551054589,-0.011952511589468489,0.006420099363677646,0.0674433475185886
3674,9.930574357259408,12.64748292824253,10.0269325455329,-1.4448558697687252e-06,2.7915854891648486,-0.007817610678352988,0.0029193223481870536,0.023419335444290715
3675,9.843071819495146,12.173547566603776,9.631433746745031,2.4220408430136032e-06,5.032721691122582,-0.01632573414272385,0.0075532892296062285,0.1770491289836567
3676,9.584663670465964,11.961174978711602,9.994631700959195,1.5287604966349646e-06,3.6987579219585474,-0.009045193878122002,0.0020832420563176306,0.010003616191784678
3677,9.788666766207115,12.33541997826966,9.76959656842054,-1.264885458556276e-06,3.4519922392412843,-0.011701926680291684,0.0009823130223536557,0.04876492386695727
3678,10.698583704293709,13.779532204634556,11.584901204051016,1.4462550721383684e-06,3.013387780070856,-0.014109061460374578,0.00010745676837755095,0.027210397458521107
3679,9.88236255756841,12.522656113347416,10.033173458079176,-3.5782789915738147e-06,3.219010697256693,-0.011382935176827244,0.0018025932945703116,0.050220984606899687
3680,9.6391451588583,11.991019187981792,9.575225925853749,-1.984866112708468e-06,4.092194803293877,-0.01147398034069165,0.0021440203643681485,0.053318505117231206
3681,9.877216996411024,12.485550759171836,10.0114190632151,-4.496169963121172e-06,3.329607816535554,-0.01066431014542317,0.002597066619053425,0.043458633335262814
3682,9.096253480378325,11.249057705111152,9.327852763189187,3.6351614127002783e-06,2.9980536861197864,0.0046253891222969475,0.0026578784215969316,0.03287174014116965
3683,9.843856522348261,12.135092870910896,9.662454064112973,2.356482282122624e-06,5.1315117192904784,-0.01650249710400234,0.008590275426217478,0.1845126532365887
3684,9.533579268710634,11.86743219817344,9.860206270065168,-3.460116093977126e-06,4.3559391679920925,-0.012201138872409562,0.008406023570398213,0.06782165869951899
3685,9.531934772445037,11.867107775599177,9.861323467222428,-3.4719573733783025e-06,4.363543360233821,-0.012256750494962993,0.008429871459840504,0.0680546032583956
3686,9.896381414566424,12.363609065138114,9.372151198361141,1.5376613653518436e-06,4.020589823101376,-0.012054140182463122,0.004895973671253343,0.1236336733015871
3687,9.37852221497746,11.682325996061593,9.850561495702639,-2.399949523572701e-06,3.8141563347579366,-0.007849197930313336,0.005880850031537074,0.0353997755775496
3688,9.587871109769164,11.936514898129426,9.985849370202338,-3.90895016881227e-06,4.297883493665397,-0.01153597694023314,0.007722877529580684,0.06151822634823111
3689,9.51905435058279,11.826065990919314,10.0444493671523,-4.005301149378881e-06,4.327920149403556,-0.010665212190022815,0.008753353696512573,0.06298894490540678
3690,9.12564926066308,11.120262081954968,8.990788489603846,-5.3820554014062895e-06,5.562861050989472,-0.015357467739433304,0.004357678512432477,0.05535734582885481
3691,9.838759439391088,12.129438199308188,9.635119067764789,2.6138328743016787e-06,5.179141837060936,-0.016243505140200953,0.009494247478658024,0.1883770890610071
3692,9.63024681492108,12.151456585641023,9.704755358098677,4.027786322279059e-07,3.040492903741648,-0.007194700673313202,0.003910208341570262,0.024148748761890187
3693,9.829782621615813,12.162477722698537,9.92140914388562,1.8433958650092027e-06,4.6264941909060235,-0.013687705539127362,0.007572167633504238,0.1504994909580834
3694,9.518259479891828,11.867375649036786,9.935269243897444,9.296503695181727e-11,3.671691904533761,-0.008690045744337732,0.002912444697507027,0.01801347012740776
3695,9.13178695172084,11.059320798239163,9.02302735924007,-7.226315970056424e-06,5.825867222044619,-0.01491635688282128,0.003122289162604793,0.05858967045279493
3696,9.778962637113317,12.182252008315722,9.674768871424808,-3.819494625980991e-06,4.477567048286621,-0.014295413956194044,0.006254666064144187,0.05706417188456277
3697,9.278361511282943,11.400184707777052,9.710186849125867,-2.467576364484768e-06,4.552121928781095,-0.008231165398134035,0.007684999195676722,0.06252504062166768
3698,9.17805882618277,11.12175380173388,9.62871723638695,1.5962053992374687e-06,5.1424170166668866,-0.005605085551720859,0.006800857329523138,0.042965805447360665
3699,9.130290366962704,11.051270879082516,9.01064711670104,-7.271162664088392e-06,5.843226567999535,-0.014697400185562502,0.003076206179386166,0.05747906854910756
3700,9.260476420018136,11.238752235788889,9.15221690256988,-6.275447028348842e-06,5.472860474687614,-0.011912612435150256,0.003302884548822614,0.047934603463594655
3701,9.238316114265832,11.317453427107043,9.685240392696326,-2.649149142046961e-06,4.713277172171519,-0.007524586309971407,0.008655626699601252,0.07189886185586256
3702,9.201846224605754,11.116229489227049,8.995748396154548,-6.686239208079137e-06,5.775537767799083,-0.013482238062130312,0.0033606157835375464,0.050941236910894874
3703,9.178955939842378,11.12154545880702,9.60484556355492,1.283842775126784e-06,5.1662944186392314,-0.0059021630626888135,0.006671112679504064,0.04326658943306505
3704,10.35224563388992,13.259026590207908,11.035162054423408,-1.8327771179948272e-06,3.1657722712665453,-0.014542249944557157,-0.0001976797396188784,0.049274577432589256
3705,9.215452352310104,11.55574246900933,9.138442087711331,-6.978439253912885e-06,2.4711215976811145,0.004259119732255345,0.005711971575215661,0.050718768773007336
3706,10.307076335447782,13.211386614260851,8.802798881245513,-3.026647276314973e-06,2.9952055985736625,-0.013430752789320197,-0.0009253427121044981,0.07974491674460654
3707,9.986777475053966,12.687430780973422,9.00030241707236,-1.2510332164589089e-06,3.148512087910681,-0.011940390606061169,-0.0011522793544338598,0.06602810255053318
3708,10.0317501018894,12.59547094340771,10.1889532121226,2.4031282445121698e-06,4.381538030653214,-0.019091882631313485,0.0008749401384735491,0.07284984885778567
3709,10.042432333531918,12.585368388996525,10.227633935588958,2.5044404437320296e-06,4.408979082517345,-0.0185879290826172,0.0008106055646728423,0.07877678980521935
3710,9.792946170366926,12.401690304717432,9.579054114524922,-7.354639407992434e-07,3.0113476824750967,-0.009591538355522013,0.0013338155186734812,0.021503387385729832
3711,9.720728622203056,12.070727052975275,10.56177854988336,4.405615947433724e-06,4.679807650690176,-0.017977957190279736,0.00017451167862542362,0.062259579964778135
3712,9.868199021397832,12.575422700679944,8.897905841808043,1.7884778000040576e-06,2.9853847845868664,-0.011077378128172728,0.0006685276472987175,0.018044339488465178
3713,9.725643354850277,12.263515974810185,10.368108649211868,3.001341719142121e-06,3.062314739884074,-0.00786151695184037,0.0003512688120787019,0.022764935699154144
3714,9.87620046295657,12.171894979752064,10.557241269413993,4.620212914873373e-07,5.158441531076215,-0.019454507272213324,0.002571610372479753,0.05071020654688052
3715,9.8798446819449,12.19466840163254,10.537259729949932,4.3177680988264966e-07,5.08003731490675,-0.019112152037911303,0.0026276313806400456,0.050198610258704035
3716,9.92084126849659,12.572917889284406,9.007928035305996,3.929285558944477e-07,3.436428712305819,-0.014183762766185852,-0.00023912384670754687,0.017238912239622903
3717,9.989845356514044,12.47326703739105,10.345513041879512,4.724415203090243e-06,4.596226620127769,-0.0204969888622258,-0.002683519978448858,0.09471826156080652
3718,9.802436055489082,11.99312791308854,10.571670567963876,7.833013019359136e-07,5.499845338776575,-0.019173426338663868,0.0027076687186553764,0.03636789333288509
3719,9.929755529703845,12.596992769282227,9.979691890417005,-2.5375858291498713e-06,3.4293904311481187,-0.01433835149251074,-0.0001651207935178898,0.03826489315786601
3720,9.953174455394056,12.430265704199476,9.979950426161578,3.5430323424211266e-06,4.498986967993781,-0.019563806964208705,-0.0016430902679990004,0.08128452544882339
3721,10.29588786118554,13.199087385189063,8.91469159674485,-2.170333987387739e-06,3.0191978232521035,-0.012785226383605047,0.0013210392043807564,0.023380513690233244
3722,9.9815226268254,12.463773617636434,9.908840043144176,3.4546272518271605e-06,4.591214814465841,-0.020113706404853757,-0.001472475440149409,0.0624986533456503
3723,9.976260143374216,12.452339808117884,9.932319249476626,3.390455144690546e-06,4.59860079540703,-0.01995305942169068,-0.0014060740670574772,0.061873115829180515
3724,9.974413700290176,12.4369287585631,9.901959019794823,-7.55101285963994e-07,4.418224213860583,-0.015857077362089928,0.0026021249159798353,0.037777267019509675
3725,9.963830262955373,12.678596892218623,9.275085389476898,2.999134646737383e-07,3.1904260439869527,-0.01223043086084702,0.000989206295845597,0.016586247911035464
3726,10.069183091623929,12.613314253914714,9.924934963461489,2.2300542270399902e-06,4.430770458410888,-0.018918341075589852,-0.0002217054967443002,0.06275819454830522
3727,9.978558863404793,12.422079976484252,9.91778209924128,3.7786390516117903e-06,4.7556114581239655,-0.020939066079435836,-0.0019770648082044714,0.06452730033392609
3728,9.776450103927376,12.045012645325112,10.954725399652906,6.361514612604835e-07,4.808978705383729,-0.015910116239695835,0.001437453192495886,0.03232085898791458
3729,10.3715755387494,13.109354949074753,9.906498755272729,-1.715110167708644e-06,3.8483558537445406,-0.01566350215884675,0.003702179455878977,0.07059143027379494
3730,9.720456607383358,11.957226410498036,10.793695450407004,7.330829383531487e-07,5.17339076344316,-0.019276926539569472,0.0012745348798916924,0.04356166812581786
3731,9.975995196388066,12.412239225957444,9.911697098740087,4.533120905795355e-06,4.792338743361025,-0.02160403368914527,-0.0028784491373104685,0.0682795838971294
3732,10.230894664879257,12.863343902219464,9.910537644178094,2.513851223951509e-07,4.173109278356286,-0.017551897713197016,0.0016692859525875075,0.06842076639940634
3733,9.868684843700873,12.25363889118128,10.748643665622234,-1.7931633202093537e-07,4.704408916648417,-0.017400388572820013,0.001518654001331306,0.04057775111902988
3734,9.459967273226026,11.517602967132545,11.544272829229651,2.25767169938136e-06,5.821764850213145,-0.01863771440620451,0.0015560387660862069,0.037983824417673666
3735,10.018058051274664,12.432235341180464,9.939885105367985,-4.1275199987635365e-06,4.841513403356069,-0.016227724581012976,0.007138953279921196,0.0286796713580635
3736,9.72101233018065,11.956414017562045,10.792499147813132,7.254168996726216e-07,5.169744508133939,-0.019284697786324377,0.0012755075499153862,0.04392881111708799
3737,9.931300217340183,12.266061297245312,9.948078554121912,-4.7195570518655235e-06,5.085247308503059,-0.016366192172967402,0.007982382709187896,0.018393975321109333
3738,10.36595461827138,13.099645972578363,9.908382121970645,-1.578899982584975e-06,3.7844085086606816,-0.014912469538697131,0.003534154233255695,0.06832052893572506
3739,10.094751473689865,12.640670061745013,9.90333453377007,-1.0459785054905507e-06,4.245557348752554,-0.015798425178803522,0.0029354351717265515,0.04771977145879239
3740,9.848751979292135,12.118087189334474,10.659189939655011,6.779991611462422e-07,5.135038031931107,-0.0186698063950716,0.002342556554812496,0.038924206824367855
3741,9.520559735708208,11.706589415677245,11.0032683322839,8.189089083775439e-07,5.233148110379316,-0.02022287973967695,-0.00038954846560670513,0.050787291255337694
3742,9.637338659595446,11.853010509195247,10.880836723342547,7.68769732426281e-07,5.1982381159853,-0.019670257801021697,0.0005826021274340067,0.046566112172298696
3743,10.042640305049408,12.500826841505113,10.324146847561488,9.111624595549634e-07,4.541014061547399,-0.017389132555413307,0.002881874552596879,0.05941465648313908
3744,9.694618123034973,11.931197213392922,10.693160292934632,3.405803751012487e-07,4.827178630083715,-0.0158821184923442,0.000363616919261958,0.03285363341654787
3745,9.492921193807152,11.616734968190748,11.545212529530668,2.2364318867803568e-06,5.723722770459657,-0.021896656021272023,0.0015233448381767206,0.035661381154537625
3746,9.665590375698205,11.893060036786506,10.8399254318578,9.478569694720748e-07,5.162252291576241,-0.019503496516080188,0.000807392448964306,0.04741550613378795
3747,9.78657090797,11.932096075435352,10.156450874042088,4.083252501574127e-06,5.839550208344635,-0.021917936431877307,0.002007310860654337,0.019877677079734188
3748,9.6413057572147,11.865468877957785,10.76376188550744,7.668676383739082e-07,5.071723843169192,-0.01791400960902156,0.0006439932633690653,0.039014296515750474
3749,9.99337501580536,12.50086296633148,10.017447439163307,-7.36653190794195e-06,4.163305443076917,-0.013320729818750952,0.00691254357015946,0.02923426825645845
3750,10.01819211867772,12.433978115268046,9.938039496911705,-4.1140065073601626e-06,4.8369196241812915,-0.016256083125363176,0.00712488067295044,0.02873798133009963
3751,10.024839263523704,12.515916708491716,10.28559008776427,7.299442350240769e-07,4.342440807748291,-0.01517606100015371,0.004056996286967781,0.03739939755118923
3752,9.982288669025879,12.620505813740564,10.417798344675145,4.617775843392405e-08,3.6730603182284174,-0.01421384189462666,0.002592204677188006,0.010361467362555872
3753,10.024165520795073,12.502515896554833,10.193444019459902,9.033895455737827e-07,4.455266333602909,-0.015519907846656487,0.004131337303023698,0.029859982062363427
3754,9.261117124290728,11.50813695891,11.5071431336382,3.134369219241175e-06,3.728605263450624,-0.00475237088756271,0.006452776025787017,0.03651894596345917
3755,9.907558214143423,12.29269360866122,10.355737646628748,-1.0380988995893469e-06,4.582547951782068,-0.014986529226233765,0.0041585456096296155,0.04405028708963036
3756,9.928968688220925,12.439930730860688,9.957109430847028,2.4094496058245654e-06,4.054372558793815,-0.014626178968178114,0.0030171150682792034,0.06163270654890931
3757,9.89613034079543,12.3647216486699,10.161832366768758,3.4433216242156743e-06,4.252381848320053,-0.015377838634506674,0.0039451299137809506,0.04791570946435661
3758,9.724607409494912,12.37816546448164,8.854555032084038,-2.4488437778237447e-06,2.794155078369545,-0.009762102057496683,-0.0005869287541559959,0.020302855371656783
3759,10.320633463703652,13.017708592557677,9.7130625192518,-3.1095588844913543e-06,3.980174225306972,-0.01564705671653834,0.003025613511647023,0.05116521092813588
3760,9.900422695520653,12.321312384080914,10.1234702870199,3.262432143625748e-06,4.253819131749199,-0.013715719021777914,0.003936714332293905,0.05344552854689326
3761,9.891750339339053,12.344894719965373,10.197012908412184,3.5170685234693494e-06,4.308575037319608,-0.015589048337191791,0.004063415601690214,0.04827674179257081
3762,9.896066825225565,12.339624102070465,10.204512211340564,3.467177456720732e-06,4.2782990117550455,-0.014255638074429214,0.003740795830951559,0.04667007113331107
3763,9.929629884483742,12.446471660896822,9.872643182217969,2.133137109778626e-06,4.143702372402017,-0.015620818556248877,0.002003529753998904,0.05758050742950396
3764,9.990391748804477,12.514517146515855,9.05690263990537,-5.983704929714646e-07,3.9937366494243185,-0.01586375859413667,-0.002051351199173405,0.06634111076662487
3765,9.745636577067877,12.292401974686232,10.147941885010784,7.428082938569117e-07,3.132061427273576,-0.008557066072978549,0.0004031597910278129,0.05153833481343901
3766,9.63283850137332,12.041863888718217,10.155682073948231,-6.848177497613832e-07,3.5474480099655943,-0.011672518404973853,-0.004647547986238473,0.04001404494440736
3767,9.69215586936726,12.219989725836612,9.759886580393887,6.798586935337511e-07,3.3834931687484517,-0.011207292579350329,0.000922661464566005,0.030528565798001884
3768,9.925596840316569,12.448239479799716,10.32897038126297,3.926980864250393e-06,4.142458053326889,-0.014766957072856532,0.003678444839288448,0.06550685159647524
3769,9.947972760234828,12.658246797649715,9.803808242811112,1.8258969236755271e-06,2.9840198107253686,-0.010382798839744772,0.0015171214837167938,0.04061861641537427
3770,10.192343389691253,12.956407040556943,9.97438177341396,6.3412571337305e-08,3.285688517903378,-0.012704235339034614,0.0010052127712341596,0.02849392178279482
3771,10.028084674493272,12.85326784448782,10.68924294822031,-1.332336366826226e-06,2.4527024482127877,-0.005592672979786828,0.005716523691639863,0.1010963403320621
3772,10.234275002636796,12.81973614554076,10.33240195666274,2.9441917644498244e-06,4.493835050991818,-0.019853825631757825,0.00010268269152609396,0.0836470078391785
3773,10.241367473237585,12.822889433778276,10.273282137684406,2.4032315159929007e-06,4.523183699827281,-0.019471877917283248,0.00032611741702589375,0.08371134432281814
3774,9.904211657715024,12.511290999008134,9.5596041164987,-3.8288415146899057e-07,3.3417634000456906,-0.009243898662328527,0.005392582840694092,0.06676190395122394
3775,9.938779725986336,12.589099481080629,9.633661629418858,-1.8035955576401298e-07,3.133501323972518,-0.008588342061218638,0.004053634395159336,0.06433174648206771
3776,9.967564180119762,12.439497669914807,9.648205252440919,3.896093391657846e-06,4.5316582107833865,-0.014211253069873904,0.009985048372302806,0.09875333939586993
3777,9.967916802065487,12.43912095262605,9.64776696991363,3.887708987549828e-06,4.525878974741229,-0.014094600535308952,0.009954203549698584,0.09863420135973469
3778,9.706541269781921,12.08974168882382,9.059756029117477,8.833455754177661e-06,4.586795804964792,-0.01794520664438516,0.00038534739074517886,0.015079483194340798
3779,9.764149488890906,12.322639101990555,9.03450280532434,-6.093542956571202e-07,3.449470196882108,-0.013215128419900784,-0.0019879218944499075,0.014658275728336334
3780,9.976295432095544,12.558704089283593,10.01856111849861,2.429063829847484e-06,4.172787657227174,-0.017928612594384757,0.0007597169697523817,0.04417269026916328
3781,9.412616614985613,11.48152967784332,11.59455699135724,-5.984509085428246e-06,4.96362083652689,-0.009621858883556733,0.006043800771018211,0.06808814987096745
3782,9.700830586671621,12.2918073132563,9.388786437044354,2.230125503441416e-06,2.8983233753833275,-0.00820873750664136,0.0005330944433407803,0.02064825972888574
3783,9.904625182213833,12.314982226626851,9.654875502391887,3.957853287429012e-06,4.597568685147209,-0.01506012314870286,0.007057697015910066,0.07518688500124071
3784,9.760792541694007,12.36799625576738,9.889278668311501,-5.262136656982086e-07,3.0641497076281694,-0.01046268221696478,-0.002362233977115672,0.05219385101575526
3785,9.955319469436342,12.633379792002811,9.887035831781477,1.5129534555501877e-06,3.3378677142824698,-0.013630319746978037,-0.0018260563136442316,0.017767253308426795
3786,9.901229837976757,12.298811153625056,9.663006104656384,3.9922753371589945e-06,4.6277791471302265,-0.014482855326694792,0.00715801346069273,0.07446586014681165
3787,9.915296344121632,12.308327510702446,9.684089694878216,4.199845501476891e-06,4.668940419917327,-0.014440403897014457,0.007263359675817726,0.07531209720383092
3788,9.9116915768222,12.299569661646148,9.564797548843181,4.075179251878088e-06,4.696413244642982,-0.015004574927272508,0.007674165522077005,0.07983151714273354
3789,9.604902308982723,11.930488048117487,10.604562217152225,-4.294879136745294e-07,4.375056810588613,-0.013139952258843818,0.002780656746375284,0.03789154139194387
3790,9.505222629167278,11.827125655089114,10.106726092201168,-1.2259228289089549e-06,3.776608184925075,-0.011447418520124594,-0.004316837574215906,0.05897764881612562
3791,9.778416112506592,12.425550382831169,9.835745025716285,-8.825923009653825e-07,3.0869080049163604,-0.012020934493479282,-0.001214565515675954,0.015628475890083253
3792,10.071663725240107,12.90824789112456,10.103918919395904,-2.1720411347530793e-06,2.890013617852979,-0.012850779599116216,-0.002059247823423215,0.09532866328239464
3793,9.687341022303345,12.207905084227503,10.286663881566914,3.1609748849516477e-06,3.13415356715716,-0.006601937493542806,0.005709218250861479,0.08854616704488842
3794,9.706304446117949,12.013081954550376,10.429895590812444,-1.193005483085968e-06,4.787550235284813,-0.016778626969176154,0.0012228381669810013,0.02502010111398787
3795,9.858408302692748,12.135278415827182,10.743840185819304,-3.2454950255796184e-06,5.4137787544374465,-0.021806291350278485,0.00211016480112175,0.025316621219892255
3796,9.3884335471842,11.792617694235014,10.901863294477907,5.585270251358821e-06,2.7358393224494706,-0.0011797393762071407,0.005743574328951085,0.0352153241903574
3797,9.865824350990758,12.370319085575565,9.46726199635578,4.202174829744394e-06,3.861972310710762,-0.013059612646787497,0.0015888079220327147,0.06855158594082078
3798,9.714396614451708,12.038093979800047,10.612801248144647,-7.465924909315722e-07,4.661157161955737,-0.017402452077615004,0.001406404862643764,0.031012727548293473
3799,9.676003155607383,11.869397953474712,10.816082874713857,-1.8167243347081048e-06,5.275864755751597,-0.018881756184946655,0.001325226236887355,0.030164942926491713
3800,9.682393934936393,11.857956923432448,10.839936353698846,-1.6701986757554755e-06,5.218516407145506,-0.01722118151944501,0.00123423483014068,0.028443226377318373
3801,9.532890290517903,11.944190909498335,9.591786657325978,3.00734289472225e-06,3.3127362847164985,-0.008497780708780125,-0.0018755350993226337,0.02686958808965863
3802,9.67922225566672,11.874904406669268,10.806974851568985,-1.768378711896555e-06,5.313522734614978,-0.018267142273291112,0.0012381846354391577,0.02848468715391164
3803,9.326113988712148,11.432686775348127,9.626810217048869,9.61807972104468e-06,4.435252698719905,-0.007083176998946686,0.004067734864546275,0.017732249396944927
3804,9.253322233499327,11.51009266612884,11.216750666918369,7.552644235814171e-06,2.951369366937097,0.002984418597432245,0.008260959641302768,0.029331756647121565
3805,9.636402830368956,12.111264329029826,9.159970290904365,4.387464485897702e-06,3.6256543092110176,-0.01372747693671198,-0.0009358444519001501,0.02713436938449168
3806,9.942520380778449,12.416077589667596,10.545527073746412,-3.6798693617956657e-06,4.346475476352079,-0.01844319541379757,-0.003016862021427644,0.0701562643910191
3807,10.322475360067187,13.221101476994006,9.276920757405511,-5.044466631888632e-07,3.0257669359579564,-0.014279653723389171,-0.0024961073019188827,0.03129946183927815
3808,10.259318595766294,12.994923767748784,9.418649053014663,8.132944587191437e-06,3.708499936040915,-0.014860845385161787,0.003393806401697481,0.1197573424145326
3809,9.770083230321886,12.371342793758396,10.07751725066174,1.3250801972099196e-06,3.0627211019720586,-0.009393695966050773,0.0011335519367932658,0.08631335160554587
3810,9.886902848807372,12.589248288176826,8.712505676296985,-2.824007766835273e-06,2.913958850052979,-0.00992368490750873,0.0014660432376761294,0.04337972078800752
3811,10.051960813758386,12.772191843421952,9.59090146801738,-3.098701840232436e-06,3.4594801061450444,-0.015271505832945176,-0.0003582483970199675,0.018079558614436747
3812,10.03767538942426,12.839906692826355,10.218843481794146,5.762569915840735e-06,2.7916766986756016,-0.010110530696819768,0.001089021079916069,0.021640723932256127
3813,9.86446284411407,12.586566063654097,8.543157943424838,-2.8145701977382285e-06,3.0188642816804445,-0.011487239696773895,0.0016469176751564155,0.07169119855345824
3814,9.841374089131868,12.485456808749335,10.56461501070857,3.6407377560918983e-06,2.8842702162420855,-0.008787783040896193,-0.0002207397456982776,0.07323964028530594
3815,9.631362194337528,11.923979984696496,10.063821487262894,-9.307210083127233e-07,4.674244498812742,-0.015492692140321802,0.004225963673637135,0.02596518288019476
3816,9.890160826535054,12.518213149226048,9.41072456513165,-6.264756757782089e-07,3.3615205787353957,-0.012014409206700868,0.001065983853320294,0.036543275147544144
3817,9.775565993795418,12.308034643630672,8.935278556183139,-1.5161296850543526e-06,3.336240917656739,-0.010935119646465402,0.00016776582595466843,0.04857030418450716
3818,10.239749002350235,13.0051835224767,9.266711054738447,1.7200569625689878e-06,3.437930642777423,-0.014822629034429671,-0.0005507079833743881,0.057680198188820864
3819,9.950578886785486,12.565040487243376,8.780132712611143,-1.7111131757830365e-06,3.4273602226230997,-0.012046714486284426,0.0019085173673817108,0.0563678982826364
3820,9.377529912865873,11.934952582168606,9.14439903643911,1.1231779677424133e-06,2.2486502757774813,-0.0012517172613713617,0.006377855941093308,0.058994526557533525
3821,9.632755633769694,12.144294145479,7.813295265587728,6.084672474810163e-06,3.1618816425500813,-0.006614859917013272,0.0046389266015335285,0.006957912743430328
3822,10.069718840317222,12.643110229836948,10.134543319845353,-8.800351322823386e-07,3.974728661229261,-0.015422449715191204,0.0006100035450690082,0.05472906583394432
3823,10.03311742933284,12.564744332918146,10.14899490480618,-1.3119588244188163e-06,4.195195513109103,-0.01718243140302777,0.0008307694108470496,0.06045485713665575
3824,10.021358314493693,12.66058515860232,10.028592639136528,7.611893674759679e-07,3.914274450590861,-0.01697650886689573,-4.714562349705971e-05,0.05010093890862377
3825,10.006396613886691,12.561515412823244,10.17752744227958,-1.465612019632375e-06,4.254051113364236,-0.017689010334168632,0.00109275896265723,0.06086598358641926
3826,10.008382002055193,12.567028947539985,10.2049655254451,-1.3627191914602353e-06,4.225346579356742,-0.017436540781695216,0.0011078821762902109,0.05990725640749976
3827,9.924158184755584,12.523112319519155,9.555225652584008,1.197484053792496e-06,3.4112259214132203,-0.012084746307246744,0.0001080122008475827,0.06570408729730945
3828,9.75060253963521,12.365850592269329,9.58859245983503,-2.1897421339173187e-06,2.871735018159375,-0.009752033549462956,-0.0023738459975021485,0.03875193183670507
3829,10.046018237657565,12.59430427770468,9.984442273136635,2.0816609827285475e-06,3.838771584363176,-0.014122088534366656,0.00016427228899370774,0.049864425457336374
3830,9.815954425571134,12.456875734522578,10.104494217848131,1.7492136806903977e-07,3.2103986070514643,-0.013727696010983077,-0.002540845334435399,0.048599846287160395
3831,9.668048998207118,12.261422943760431,9.741551774232196,-7.63019397271985e-07,2.98201888862482,-0.010077109795027926,-0.0014832724063329609,0.05235388046648558
3832,9.887872831769915,12.521999892398142,10.266879646068912,6.671859538497535e-08,3.2738663087703515,-0.012422481911139188,-0.002223453245117307,0.04360358731216853
3833,10.241076599292803,13.009737460977002,9.75947007138564,9.047952631239625e-07,3.5038873249278777,-0.015471699704463292,-0.0004892695639754519,0.0632333633413566
3834,10.249024260508817,13.021191547023296,9.912945244935727,8.058107463211495e-07,3.4710492948710256,-0.015207738677319787,-0.00026634684150246427,0.0678072798324509
3835,10.255924822903856,13.031136565223289,10.046200171433908,7.198673705561312e-07,3.442537652366561,-0.014978554331364894,-7.279403220580502e-05,0.07177858601657887
3836,9.824841972423469,12.45333736339451,10.1038355005255,2.234662121950373e-07,3.213118579537764,-0.013261119207850884,-0.0025077736344748577,0.047842297176138755
3837,9.788725325500216,12.433654756120468,9.686353692718157,1.5209004316135209e-06,3.239937535923232,-0.013236748179248702,-0.0014766700824862407,0.04612910876077007
3838,10.228604098006098,12.994378627243243,9.737314146867675,9.847708248371319e-07,3.499018843516406,-0.015393330151172117,-0.00046217015968864103,0.0627048979365601
3839,10.039124073964995,12.612919770624767,9.817873934195791,3.4833355383865927e-06,3.961369573623316,-0.01556519002790368,0.00043615861118860024,0.03821040157815581
3840,9.838421892815546,12.477332463576856,9.925340192098533,5.417492100679036e-07,3.2707569663881886,-0.013346508447280707,-0.0021341878103579154,0.04551732365722412
3841,10.149830700644348,12.820463086848102,9.072269149791708,5.285290995693229e-06,3.780433533128447,-0.014666796942463225,0.0015548256744765765,0.049839835997181774
3842,9.82610917670948,12.453984746981227,10.228071008965903,-4.616143935983979e-07,3.342728681686028,-0.012947809975512908,1.685828209773083e-05,0.063498998377464
3843,10.044143062334957,12.788656575593462,11.5251773674041,2.9788875338282817e-06,2.8860432748846363,-0.009278396414213796,0.0023688417048905635,0.0394731725963329
3844,9.923192989618379,12.63106302924744,9.896730121637455,1.0148338172233793e-06,3.105741121621694,-0.01262317063265534,-0.0016114064482813026,0.04168162613963341
3845,9.804292350407968,12.4019210596163,10.138558926317073,1.5957065552992098e-07,3.2536758562463013,-0.012561953679891252,-0.002696984655633557,0.043082952017322707
3846,9.69054732445578,12.12219606629752,10.62974170548344,-2.0339085853160164e-06,4.134492116272778,-0.015931944112226305,-0.0017113593973688895,0.07114170120511308
3847,10.175457883303247,12.619611317988904,11.168904643162394,-1.1940636000088149e-06,4.8775927388407325,-0.02021954091676425,0.000571131831951008,0.02271237058412301
3848,9.359176267751332,11.616649943427348,10.975053237241625,-3.906680484817093e-06,4.4680329986385265,-0.01706071372204543,-0.003005473653823779,0.08242160675622807
3849,9.878770921292118,12.510689662226197,10.156095737178225,4.919506280406484e-07,3.346669889813376,-0.014164807593531037,-0.0020668134338203818,0.04662265752270394
3850,10.210550209885852,12.581775962300885,11.112462303379582,-2.23497887772222e-06,5.383327039509668,-0.02288583008697202,0.0002594974433301545,0.01969623140079131
3851,9.378160724394393,11.649545728665062,10.938865805560573,-3.746567284642841e-06,4.433974000869329,-0.016908053646161297,-0.0029082462456782084,0.08115510775153631
3852,10.44222506606137,13.284999531528737,9.430945758983151,1.1566851450703932e-06,3.461249540339069,-0.014878679790657644,0.0010047815044222329,0.08234122486458896
3853,9.60058059347247,11.90593426552889,11.82751648212359,-2.6288220928223443e-06,4.398113875445448,-0.013623951394530124,0.0011495894956372035,0.04840251494629991
3854,9.98296288318502,12.339200055274896,11.200784631739074,-3.5846543013897833e-06,4.955407236450282,-0.019115282646829462,0.0006215455123516998,0.03167292213571151
3855,9.939106839988538,12.660573677059288,9.549309546879961,1.2734415467066977e-06,2.955590309526852,-0.009602764203008053,0.0019824661959005003,0.03673283736540231
3856,9.997078274570933,12.627738834524177,9.510259137797963,1.0395055919566387e-07,3.5414700166648116,-0.01541488467164592,-0.003310560384719813,0.018906911747418147
3857,10.0056074772103,12.600856999892097,9.881485063711475,1.4117936456633256e-06,3.6082420246539706,-0.013082766730552378,0.0002209429805488643,0.037340125141458375
3858,9.686537233071974,12.2335755548901,9.315239289542935,5.131695217992946e-06,3.2593750380519255,-0.011268974602170991,-0.00047805022811830186,0.07471549642641577
3859,9.89691515612204,12.647367972730018,9.489238450696666,1.3720421896835325e-06,2.559691973084148,-0.006932504030614878,0.0046624067390305295,0.05488199430876346
3860,9.23403065249485,11.578115490242867,8.82115558665885,-4.4455564575984434e-08,2.8206560937918734,-0.0007147161772092254,0.0036197516568961217,0.08833044664197337
3861,9.065839068683362,11.246528087919916,8.415254816129014,1.5091038555410666e-06,3.0420549598275803,0.0021414164310871037,0.003812469424006836,0.0806628341602756
3862,9.388425542236597,11.7685831397135,9.345629520890224,5.526088348180956e-07,2.8360574892074055,-0.003150724701698835,0.000628260680323631,0.03250859845230597
3863,10.09597770029232,12.754782492635126,9.675264135519539,3.3619316652972653e-06,3.99704950592142,-0.01920680443275375,-0.0030478259944675817,0.02644983119571
3864,9.805137293232908,12.29279805592294,9.831017435591328,2.743441154161142e-06,3.974356862929481,-0.014562919097260102,0.0001546618990585242,0.03120546306085983
3865,9.861718965594749,12.342652840401673,9.73093751133836,1.863144139197776e-06,4.015419056412593,-0.015277158443186403,-0.0019434833661297207,0.02927138809408616
3866,10.307460772004776,13.068654179934573,9.603693107949859,-3.723188430387845e-08,3.610638593729589,-0.014168005451110112,0.00301013670817699,0.04236559646817049
3867,9.968794496393892,12.542697039927258,8.831135119962665,-1.112273663329728e-06,3.8633206938036695,-0.012954067317740112,0.004095464071107582,0.04190942853105862
3868,10.360363367154308,13.113841802613104,9.549367580414488,-5.558205022871992e-07,3.681060549210778,-0.014212122110459576,0.0035041704938057515,0.04173982574137184
3869,9.823273202293585,12.452977310528112,9.386024212616082,1.0698392222595528e-06,2.981280905591057,-0.008703763076188573,0.0013588874068448257,0.03395605446414934
3870,9.908124977384709,12.353398771587193,10.303082291446357,1.520521698088876e-06,4.464424952676687,-0.016616285977808853,0.0019334558496683712,0.048526504617723086
3871,9.550517238673581,11.897263719082408,9.854551547212349,1.0435546354359193e-06,3.722012239387439,-0.007410532330540797,0.0035996983660178616,0.051237165436301225
3872,9.726088457395033,12.010093559040426,9.513853435889503,-1.2355985280387569e-06,4.76139460640777,-0.015822731126136053,0.0029961718157365848,0.0754676786231976
3873,9.720354613894983,12.118999385738157,9.506733739344405,1.1090489182402163e-06,4.175873853875736,-0.013442556320935248,0.003298664375680028,0.041855064254530706
3874,9.529892818419798,11.917237505197264,10.128742884825623,2.649985361089032e-06,4.10957414733982,-0.013798850776457173,0.0032216232732735573,0.019401811390926997
3875,9.835981525766773,12.240583242216804,8.75574440652967,-3.249245043821152e-07,4.5453624312314505,-0.01656864894111735,0.0032695536277875946,0.031751764902939045
3876,9.8586463378145,12.330467406069523,9.614515464508232,1.6019246649887542e-06,4.078685595210137,-0.015431341206055996,-0.0013211323322264556,0.029567504364364016
3877,10.37954660195004,13.133169356546606,9.550115336872903,-5.035312246607122e-07,3.6818623101938774,-0.014159850012001944,0.003781787225265004,0.04287319366498618
3878,9.7728954959046,12.18075228806056,9.592121652573901,1.2735798403177258e-06,4.226137597916024,-0.013622661779810507,0.0034738935750606003,0.04053678487649456
3879,10.365782842864828,13.11490065359886,9.558959406247665,-8.803609780491658e-08,3.65632870271355,-0.01378431767502443,0.0034880914309040074,0.04158158616059972
3880,9.756811848698089,12.113011991220318,8.658067773258304,-7.94845553887622e-07,4.7174286438914,-0.017407032098514283,0.003408682612077632,0.026913948216572146
3881,9.7698915009672,12.169799705407964,9.58709853352673,1.112545103757058e-06,4.260489468807999,-0.01376385843289372,0.0034432342171479818,0.04277858934255707
3882,9.902959063727304,12.443410336016312,9.776195894316514,2.166716733248274e-06,3.868612236470412,-0.014334779756163494,-1.9608126585303823e-06,0.038281251515548106
3883,9.768220102444442,12.180859341725608,9.054472391923367,-7.439109571791174e-08,4.4833905600053905,-0.016755775997442643,0.003186543754979508,0.037913629438580725
3884,9.768372013696172,12.150316978542593,9.482435319779027,1.1211648986667675e-06,4.298513743842536,-0.013518085584372229,0.0036098701540179415,0.03593672812171602
3885,9.745654171869159,12.075635563772057,8.968859630976159,-9.549118433951305e-07,4.733395566175193,-0.016831668588829233,0.0032588729081742896,0.044546989679093194
3886,9.77771314275836,12.209670715553054,8.903334170269765,1.07140263032902e-07,4.420717495895412,-0.016625899812801725,0.0024477812733060566,0.02971851104074312
3887,10.48260314217325,12.967274450080014,10.8947515518929,3.2467257796843626e-06,5.4788556725085416,-0.022082352486564392,0.007211850079681237,0.03559540184123981
3888,9.769085849157356,12.178331098560054,9.584804440017125,9.574168930826544e-07,4.17624691121401,-0.012685886535065303,0.0036767741201398137,0.03382326716300265
3889,9.765268736465814,12.11427130323637,9.520844862013591,-1.389897218840362e-06,4.5548534902360664,-0.015292438761924508,0.004134936254235449,0.05871380094813072
3890,9.733622638091342,12.08250353056353,9.010206651998987,1.1134319808825547e-06,4.473691526812196,-0.014298461455057938,0.0033625521234842987,0.033447258228778226
3891,9.782619815181421,12.177826377366468,9.569310739748436,9.222016295216989e-07,4.238509185122577,-0.012678186974227132,0.0037265666726490777,0.031662739582554125
3892,9.77488982652653,12.213975333173686,9.71305657921726,1.180539726365059e-06,4.099651063468609,-0.012944626510377267,0.0034893371187404492,0.040142220278231375
3893,9.82491375365905,12.387487877418955,9.094124366723307,-1.3459318007689395e-06,3.4813737554042854,-0.010744004272048158,0.003170247493769471,0.05385056388091539
3894,10.191903692686244,12.853553408628686,9.180385272223807,1.1941218192516766e-06,4.066788661021636,-0.017253663029354032,0.0018590638219035003,0.042946589330461526
3895,9.77457413693601,12.065870940366937,9.42570475319926,-4.0810559463663806e-06,5.086285852653062,-0.01702350280848519,0.0049956095721886105,0.08050131992349065
3896,9.771266685350916,12.042722736713554,9.465821928605008,-3.6771436467372304e-06,4.941385084209843,-0.016556580464022835,0.004571852986995948,0.08457928833118158
3897,9.491834451315055,11.935586343915212,9.380352355396605,-2.2996052651655627e-06,3.3126223626525184,-0.009026777114541725,0.000909939954676904,0.03713071199078708
3898,10.175958863798847,12.617833519835942,10.387691703635102,3.953077423471815e-06,4.819099770002206,-0.01732493164960572,0.005738752925977796,0.026198033975068646
3899,9.75747371266308,12.099356891480404,8.636746877130797,-7.688751250420245e-07,4.760836954737729,-0.016425083921720388,0.0034630683032292687,0.02519122229958848
3900,9.921196142151285,12.450695081933452,9.83622305002376,-3.6101936037145383e-06,3.880170650823208,-0.01419786016583989,0.0017484525720017263,0.08717099774590223
3901,9.861569823356351,12.412411566284907,9.42167230957319,-4.09690345582471e-06,3.7425503143178633,-0.013915330074554096,0.0004810094848697157,0.0955357530113763
3902,9.666084353007,11.981747200006549,10.21544745983014,-1.7641244807153763e-06,4.320682246897014,-0.012104071516001989,0.0028599045019840515,0.09179414816483648
3903,10.107928095157847,12.755911784850497,10.119753737234152,-2.696733494535899e-07,3.7211482444613826,-0.017043589187853078,-0.0038380796947804705,0.044465692682949365
3904,10.06193888394013,12.722308123601916,9.347060570840378,-2.1730800141613794e-06,3.7373545244382935,-0.01553677794711548,0.0013089990548549374,0.0879900633770183
3905,9.960679999254207,12.59102668497344,9.994221064985142,-2.1878015006074886e-06,3.4477089191293775,-0.014551578107795476,-0.00384011987573255,0.08420930124233389
3906,9.646518711546303,11.936309008137089,10.248329700151883,-1.9881170846739792e-06,4.447772745115936,-0.013044046755521108,0.0031093401639249695,0.09425771008078725
3907,9.963761756386088,12.627086805992048,9.84630389392064,-1.5155729724985887e-06,3.329464161945026,-0.013770253333563805,-0.0032457084255432737,0.08127918337899978
3908,9.815868881269548,12.427383696758286,9.267573718734127,-3.214491457563363e-06,3.185155721998955,-0.01040360861533985,0.002238120724794458,0.1369191295698301
3909,9.94209937358338,12.612539298554236,10.304347591008588,-9.838112053342819e-09,3.2769395355298747,-0.012922590530988022,-0.001965042872151068,0.05534152248324321
3910,9.700559987116016,12.281693160460964,9.276205491329888,-1.2234147726823844e-06,3.3134608633344476,-0.011577330817892847,0.0020698475474270612,0.08776251960985872
3911,9.934806342175202,12.530925646212712,9.513839918920384,9.7066623219626e-07,3.6593578932625825,-0.015458788924450488,-0.003395952058108831,0.1116381483956084
3912,9.945264080362785,12.61922006741149,10.326520460135736,1.6313986120592106e-08,3.2365034505276316,-0.01273640026045978,-0.0022846915389026054,0.053818915178207666
3913,9.878002967958789,12.560206846122036,9.382267556110628,1.083707035314454e-06,2.726668928725036,-0.007578150072262323,0.0023575885223180264,0.05183781132317528
3914,9.82462118490168,12.337009703602831,8.795893808582626,2.0044823198575056e-06,3.7718731833601207,-0.011950174274498043,0.003324702987539726,0.008308204464511672
3915,9.886551018324319,12.500315959971676,9.257096904239646,-1.7407954118108713e-07,3.416466262407944,-0.0123952046365291,0.0015707165493861843,0.02917686550626857
3916,9.799057914466754,12.157954738152275,9.121049205244272,-7.05683679648412e-07,4.9811913064854405,-0.02266697051671547,-0.004112234670657423,0.06121291942394381
3917,9.553646793384388,11.855261475683378,11.6817940417385,-1.7806314781428765e-06,4.132783319849777,-0.009334091757426659,0.004794708426959334,0.062233470585857466
3918,9.797346662701594,12.177897063081398,9.133041564905069,-7.027961019967102e-07,4.897758935220194,-0.02274836701696597,-0.0039048329284707417,0.06149645711598731
3919,9.895725929218234,12.492916753143792,10.008979563798707,-2.0971840885094034e-06,3.4379245608137268,-0.011686555488986427,0.000670486326140335,0.034401946028571155
3920,9.606967333298922,11.925852829564295,11.124137369397944,-1.5448054830115786e-06,4.300156872192191,-0.012269080608281567,0.0028912841724450153,0.062072215037186615
3921,9.94868086891755,12.423008080342203,9.889101783421248,-2.37521773460559e-06,4.547118860520043,-0.01999499822487942,-0.0030999913405543415,0.04827133658012081
3922,9.537022847724488,11.807909339458988,11.923960217332636,-1.4778524901575436e-06,4.1296819940963845,-0.008218108990907875,0.005467575526418527,0.062169869611817745
3923,10.047574646548588,12.461074642933648,10.065482683924069,-3.102035996645949e-06,4.748092205856525,-0.0199945935611911,-0.0024828394066363484,0.04059562652936269
3924,9.69482307254215,12.307921246790576,8.92887872654371,-5.418371483935796e-07,2.8960289851870256,-0.008083680055656715,0.0037971208101110223,0.045607644158467305
3925,9.644641199638748,11.922598028793098,9.783939786735312,1.4919901766466696e-06,4.78103596928958,-0.017203222130206072,-0.0018394211970355703,0.0649246511681465
3926,9.64726158873062,11.930697769412133,9.769538241871118,1.4666457793219198e-06,4.766625858717308,-0.017208211881018454,-0.0018563142599436597,0.06503398154930286
3927,9.962961109099425,12.490001669155909,10.568682084194164,-2.6832947587090056e-06,4.03514987051155,-0.01578463780700634,0.001479495751358591,0.018977691001118343
3928,9.779593969254845,12.459948712424836,9.34903836401684,-1.8077685652214918e-07,3.030585169101453,-0.010805332494852904,0.0022297474737928845,0.04657063361693213
3929,9.962475875429234,12.517129827051887,10.354710237753416,-2.3604948068006135e-06,3.815221865406971,-0.013915699149616975,0.0011249003906915558,0.026564586459017173
3930,9.980597749186009,12.518384414867189,10.369456653637735,-2.2961947537580945e-06,3.8448993931986335,-0.013749249422840715,0.0012197066529228125,0.023836444964478537
3931,9.247963393293226,11.59546636171452,10.573590531303369,8.229209960584667e-06,2.4914069677450783,0.0009872651618667433,0.0009338953885958813,0.043131659856596935
3932,9.678760358655992,12.166762396385062,9.705394699898552,6.171879435210496e-07,3.38607587108137,-0.011999827784518968,-0.003167973260625958,0.04599374812666897
3933,10.147509090868615,12.864332286458856,11.15833724592796,-5.20381276845064e-08,3.5002151107092967,-0.015789400853627678,-0.0027056829908330684,0.03788729892410783
3934,9.684703038028225,12.209769761697467,10.209450074097395,-2.8645570350193765e-06,3.7155988742160737,-0.01378154775104462,0.0019452002990379671,0.04987058013175456
3935,9.559564627093234,12.03793420360888,9.794109133846435,7.903208974666172e-06,3.0783757610572855,-0.009126046536984237,-0.002637393713291079,0.05110642674173187
3936,9.688758993972929,12.146589284092702,11.49117203158624,6.645785356092669e-06,3.3667387662946227,-0.005986141872461856,0.005720167824211727,0.07324146379701255
3937,9.744462399373733,12.291579479423293,9.914153391904035,1.9185295917002513e-06,3.14502549293259,-0.010168763615189064,-0.0013626643243180227,0.04378234792432152
3938,9.72777332743724,12.170800472447686,11.023041103862544,6.576374475139866e-06,4.121482865176257,-0.014554226200330922,0.0034008643486185277,0.06638950958598852
3939,9.843816540187175,12.582382220306298,10.515344952898705,1.6390189648219388e-06,2.874527429742175,-0.011161121670682865,0.0008322629627111165,0.0753665319912275
3940,9.700574512785527,12.152526635117058,10.988802819469749,7.0257423998618955e-06,4.217583174223216,-0.01577036739416717,0.002976392530127974,0.06802289670087865
3941,9.231244334715786,11.217968322957685,9.789073787448586,5.532663101431954e-06,5.011718427039623,-0.011074028797828808,-0.0016795213236485444,0.03325399185671176
3942,9.761992001972546,12.28365861966368,11.632774687964105,5.4902231222637705e-06,3.4647142889325924,-0.009171341079302698,0.004535617607687663,0.03374835121032091
3943,10.165789799128856,12.873555915065912,11.257737567492676,-1.4462288229560474e-07,3.5506792699339416,-0.015664477358289686,-0.00184622129511865,0.04152626704721025
3944,9.624278965559222,11.8243767479216,9.909614273535713,-5.182273474204779e-07,5.093013417618598,-0.016753236024733893,0.0011836997413002311,0.04682701638807686
3945,9.79273666587068,12.381864527594193,10.179734608677576,4.602621230533965e-06,3.338043100422633,-0.012280615917531816,-0.0016488836909936853,0.09473140742637452
3946,9.624108382452935,11.82379106315298,9.90944404763571,-5.154676858527944e-07,5.094885972288112,-0.0167637774324902,0.0011813531971045963,0.04684874330388068
3947,9.611046674190336,11.80359735796228,9.93824471799411,-4.461044583650668e-07,5.1156980885574015,-0.017814687183257114,0.0012285619464006518,0.04515079982735529
3948,9.795719316938884,12.235629772725034,10.717123458320945,-8.879971584847238e-06,4.297572197824005,-0.014582588401397922,0.004271424921351535,0.06572640999516922
3949,9.945747896198416,12.42229592260266,10.123865495466582,6.773675538673939e-06,4.517223752773883,-0.018896156605054004,0.00031416282032285586,0.05675226267261485
3950,10.212040421547432,12.943522461615617,9.500121662259541,1.2384102672279253e-06,3.3822975237439596,-0.01407581619304926,-0.0015675714043791927,0.07287316972831845
3951,9.61524490918582,11.81733958082315,9.944150223144048,-4.959336857505367e-07,5.072572557353733,-0.017548691776207524,0.0012824141565952391,0.044705063547308334
3952,9.563970831497269,11.734118705092428,9.47063514372559,1.4629244237262185e-06,4.677876914054163,-0.009360607371896767,0.00747148207022324,0.0025265925183843296
3953,9.618505288761277,11.817564510705743,9.939288902000714,-4.735942525239614e-07,5.056211664470833,-0.017140228071955046,0.001256393064427588,0.04389332743384461
3954,9.384256521658704,11.486386560112612,9.753709260767836,5.5213411198941455e-06,5.144879402468749,-0.014933029118836013,0.001788853061511156,0.0290403953177348
3955,9.723435673159559,12.211110538244949,11.055931567819762,3.6562770705061984e-06,3.8501038565176593,-0.012712955796329537,0.0033332716040857446,0.029628132693358174
3956,9.617105065996022,11.812892588682788,9.937239205098853,-4.564576834201268e-07,5.070740330761927,-0.01722723388137197,0.0012378570535815463,0.04403804725922991
3957,9.37137321634312,11.433166933690256,9.695993832862175,6.377544866135288e-06,5.423008110022361,-0.016559317675664542,0.0021028298497971594,0.014565675734473704
3958,9.601065739745833,11.784559192579929,9.897475692252634,-5.670212891059447e-07,5.154487367982229,-0.01811278072618589,0.0010095186516031604,0.04477799915088136
3959,9.641430016833064,12.006043141698752,9.965513428366982,1.190317367130357e-06,3.8443995057360625,-0.009298682560901508,0.002803830523737426,0.04279908038783114
3960,9.595126996118056,11.773169974195277,9.894426317003383,-5.471641526030969e-07,5.181192032685821,-0.01783364600372335,0.0010542574700442096,0.04538595656409572
3961,9.537733872712359,12.000163852762268,8.222099300164038,1.988698898536723e-06,2.7055790710451335,4.141821054792771e-06,0.008636345259247977,0.015528417214642638
3962,10.000682229855627,12.69735166172432,10.857669139889431,6.686178824183029e-06,3.4849128560789144,-0.012617077927021964,0.005054209978325032,0.0461622938617955
3963,10.00096720185866,12.698022821622269,10.85001750856224,6.662013452901304e-06,3.4745990522519543,-0.01249419062485202,0.005053756639935115,0.04602966237324754
3964,9.748843623194935,12.353059929339135,9.337051087196487,2.743127146702379e-07,2.7648941612092934,-0.005195589200504759,0.0033957520390181417,0.016243092517266577
3965,9.87541973550498,12.560431992882329,9.786912938151024,3.2274426584734264e-06,2.787349523565246,-0.007801372720096438,0.0026022351174165275,0.015389247098601386
3966,9.921654895951438,12.508546896603052,8.851937406180946,-1.1504148700540364e-07,3.7013140397653097,-0.012978448909173825,0.003586851270412637,0.013506377081457008
3967,9.770828570411094,12.454608302275204,9.851259511805253,5.6470841209651395e-06,2.507305222777105,-0.005166996424822814,0.0027407152580894907,0.029503724557370607
3968,9.732375341078594,12.426798006879793,9.266593214284422,1.247255342253449e-06,2.497927465896305,-0.005294829649472095,0.0050623903496188494,0.03054370525740699
3969,9.908870873561723,12.491752265347344,9.71112347582195,4.290302688547441e-07,3.6623911788635706,-0.013919563173950327,-0.000931177198801836,0.016741051625714737
3970,9.667863022574224,12.300808404017,9.2742229311248,-1.1855230597300213e-06,2.74649450945608,-0.007250550829329743,0.003962384769149628,0.03825899320900368
3971,9.789743983982211,12.42116639449158,10.317590592963189,6.823367365005892e-06,2.8939936851422567,-0.007544925266813648,0.00344375071548863,0.03952395023325534
3972,9.584083129412527,11.989327528357984,9.856142214562778,-5.742555715627727e-06,4.12572490618023,-0.014240638640758418,0.0027123080233767147,0.032466564079035885
3973,9.516423285036037,11.87464597444996,9.691116102065099,-7.752086146773444e-06,4.217875866243618,-0.014464118088143256,0.002303644901991656,0.03001334863494892
3974,9.839185634384592,12.470946558838689,9.182626022130506,-3.365910996310873e-06,2.9739316209715634,-0.009098050794758245,0.0009213856583898637,0.07401997213635143
3975,9.81080669677183,12.448537627651373,9.644909199472508,-1.017244173940649e-06,3.0531789169166186,-0.010263589766623333,0.0004348796121729053,0.1094040127525501
3976,9.86059173547312,12.484903578519448,9.84937770274684,4.6442449819269394e-07,3.3984263150998837,-0.013345648988554032,-0.0006174206693086216,0.026253228945286863
3977,9.491348932509895,11.988892405447892,9.707683296566044,-2.624939845787397e-07,2.8658771360170707,-0.007512835887996104,-5.829971496094152e-05,0.05308856594209673
3978,9.518898735480189,11.923911705779007,9.298191613017712,-1.8280654482564845e-06,3.4130191002740897,-0.00663803550355771,0.005475578853205313,0.016617965068051244
3979,10.012096468986782,12.95522991509934,8.842048941567219,-4.279872208376816e-06,1.8480135262352135,-0.0019695762729580284,0.0069728631101049,0.04065768444858016
3980,10.17382425740944,12.814884380760642,8.966041784607542,-1.7503872096642624e-06,4.243346509495313,-0.019585658283588353,-0.001125393346024777,0.07761856013697185
3981,9.760633515941016,12.202158262291684,10.299403290369288,-1.658210374874771e-06,3.913375008373428,-0.013145517936911363,-0.000743291065119526,0.1071367424008452
3982,9.755520471387765,12.19543815096096,10.308282166762393,-1.782543120981515e-06,3.9208501583084336,-0.01327208486411156,-0.0007147704071688774,0.1084563757604507
3983,9.773755005635294,12.364865286180798,10.87609358482388,-4.23121707802086e-06,3.184775967321375,-0.009502264036106822,0.0019045848543835537,0.03426799475666879
3984,10.088233630479742,12.691595435618918,9.775200177264113,1.399376478889171e-06,4.030631777844478,-0.017166321239505657,-0.0001280838837664838,0.04741653778454845
3985,9.919244941300088,12.543154962678903,9.645064167103584,5.727682498045142e-07,3.393015956479089,-0.01245438323609152,-0.0008403293198073864,0.052820576043679845
3986,10.086801882150732,12.694491403264076,9.794908938190005,1.2638882983354483e-06,3.974130208579212,-0.016531318297817996,-0.00014864136601659434,0.04667301408488596
3987,10.058724545107523,12.684942869591683,9.8212493224498,8.849145069657914e-07,3.810927148263148,-0.015296544105434202,4.503856796222831e-06,0.044608762724687
3988,10.1487613059942,12.76887495562566,9.761709700418338,1.3989462318022393e-06,4.102742823689805,-0.017840658541622922,0.0001696751688725275,0.04120439588898129
3989,10.121589959493836,12.824153553184408,9.467603935334648,-2.711312506667516e-06,3.431295790233542,-0.014722454796957574,-0.0025775060431552886,0.1141393907621553
3990,9.80225658025958,12.43840450323683,10.533646759311008,-1.0578332207111776e-06,3.393194945375163,-0.014341874444151862,-0.0014541245070293068,0.09083684230245931
3991,10.245097914457808,12.904348434247847,9.19722047641245,-1.1093480666284237e-06,4.192653638022761,-0.019202538929323623,-0.0013088972102675354,0.07335757881120769
3992,10.009912922258524,12.670873171766592,9.884567876749069,-5.396856878114156e-08,3.3004226894680393,-0.012114574399030076,0.0008143587846394702,0.029843683508475854
3993,10.105040954667333,12.801502070625306,9.392800315044642,-1.1417115184646934e-06,3.6732228932761504,-0.016199181036055388,-0.000723595976258875,0.07987080633811296
3994,9.756876914291507,12.45856588263017,9.293756316385343,1.9445119879681978e-06,2.71877487485503,-0.008651910467003098,0.0019921846977162226,0.034118544898668335
3995,10.142446114072342,12.720394799139513,9.287009852495576,-2.204099274951045e-07,4.313411271591903,-0.01892446817445366,-0.0010150952142985903,0.09014164869395888
3996,10.277399861512098,12.986305967260586,9.475465057768798,-3.3323014815012394e-06,3.6939112196804538,-0.016385780553881686,-0.002325155997884492,0.1187654581408172
3997,10.205396012491876,12.867641340146797,9.305027441069775,-1.1047957860237993e-06,4.119240097921315,-0.018893916895988804,-0.00129744389280686,0.07509005402382196
3998,9.994631542043614,12.612304365979492,9.723022696138019,4.6353932263325126e-07,3.422731805087669,-0.011875890575917796,0.0012604078856044531,0.07644623869307564
3999,9.812564744104925,12.352350524060869,9.292475197217836,-1.6554509191562075e-06,3.3976554945614423,-0.009975497622736782,0.003131872864035155,0.05828571871325884
4000,9.963762295523054,12.612819061815635,9.426920384572963,1.6832538923227205e-06,3.3700524790780753,-0.011436353797013231,0.0015011583142197891,0.04174492291875703
4001,9.945983412669445,12.679374357655371,9.448966748477229,4.6688971916522596e-07,2.8493199818250745,-0.009875633967356733,0.0007688342452109392,0.04978477175458462
4002,10.235030842424726,13.022536319527,8.380086889673441,-3.4964491479875686e-06,3.1872934009856246,-0.01245623302250558,0.001341955023284516,0.027234323171155317
4003,9.635625135793706,12.16521100976178,10.024459913293915,-1.6122972529489458e-06,3.0914826039082364,-0.009302189829315,0.00055834801614297,0.04853584753472304
4004,9.912766438431376,12.629283247694932,10.281061968591214,2.4936179863749044e-06,2.9166460626441006,-0.010512433570037876,-0.0009651448178704317,0.04620962108779386
4005,10.197141563143589,12.973429161061516,8.575655297756597,-2.6523420156488264e-06,3.1375370720907503,-0.0120771612471792,0.001002108023059849,0.02700718458455794
4006,10.446946777397772,13.173380832559902,10.390536411574631,-2.120791339468594e-06,4.000498908855943,-0.017810662709208273,-0.0004734524272359585,0.027140463304930543
4007,10.498618662753389,13.402073031335307,11.443905031213626,-6.0159166773496185e-06,3.0521076834050502,-0.01026725420208814,0.004997996783812002,0.038325810599788665
4008,9.874290065600613,12.511581121162328,9.596535251933973,7.591388269936363e-07,3.203987065936123,-0.010114267068908464,0.0018534137517443577,0.03953893991535414
4009,10.273993973284613,12.988761994186492,9.760469779960708,-1.25376029796316e-06,3.6702316515185656,-0.014932974755462756,0.00028884277852472774,0.031020160047282353
4010,10.507915469911044,13.462772736142108,11.648462554247956,-6.1006767244541254e-06,3.102310106804102,-0.01196996564222698,0.004808898159317831,0.03292454957266128
4011,9.880506366030867,12.527097846155334,10.016269216067876,-6.566872456472063e-06,2.9694708170642388,-0.010097665662883844,-0.001417924385168001,0.0549588244649762
4012,10.100110893947043,12.817077046088173,9.025612517391044,-4.449425740613975e-07,3.2766767345791226,-0.012028144717765685,0.0011034729901620152,0.03569697047110851
4013,9.734896091288636,12.076009596432174,9.85595400438091,5.5818870070913845e-06,4.530368117419133,-0.014509493342303151,0.004539561672410536,0.0650549462952599
4014,10.147769210933005,12.897399765407766,8.959836093549098,-8.714468132184433e-07,3.1642285901476104,-0.011658409811870009,0.0006087332583145392,0.03316148818421113
4015,9.911391660003174,12.623206166970212,8.282934484370836,4.6691490754303547e-07,2.882832923258156,-0.008881779483711898,0.0019615046153708374,0.04035270984147199
4016,9.814882756672846,12.30352704668248,10.37385803732976,1.5210930895955863e-06,4.153885984845485,-0.01374577552921358,0.006902257343433803,0.05664496053966405
4017,9.605923800641463,12.028255042938811,9.701369787206874,-2.4197270832407877e-06,3.7718917627677246,-0.013619826034619508,-0.0023430549710873935,0.03447285321425822
4018,10.1978663966865,12.795202561563531,10.017388985701675,-4.088273639930922e-06,4.299407442652112,-0.020158928493317706,-0.0030989619471076396,0.07231844331811187
4019,9.862437740731352,12.496332592823851,9.81443412144095,-1.0741142231404325e-07,2.8662126863355604,-0.009145834971762525,-0.0016965998354272842,0.028735263268264984
4020,10.17279791940766,12.780388492344567,10.038950613360791,-3.4657770467123863e-06,4.165551565839586,-0.01881918988466996,-0.0029052300295730193,0.06862129986839886
4021,9.917870735950821,12.454689687234422,9.51316502676801,-1.5145267260613593e-07,3.9717369648719303,-0.016973726620642914,-0.0018801820422281808,0.053594478107282816
4022,10.187649209052251,12.790215537997891,10.02359099637738,-3.992835394228351e-06,4.262438021644698,-0.0201404115399918,-0.0030549270707771387,0.07332199140665781
4023,10.1872737448909,12.793225265879702,10.014425204958478,-3.925714010779145e-06,4.249233244938761,-0.020062308600153587,-0.0030119514361714424,0.07307202157204531
4024,9.927579761449673,12.609991050679458,9.42265126761165,-1.1136514970700498e-06,3.2891390425916835,-0.013773624604631024,-0.0024079042300164384,0.01881050110896265
4025,9.829956248488354,12.463995309537705,9.14899240039494,-1.756446197386259e-06,3.020192406869119,-0.00898386127389976,0.004031693078122209,0.03308715347524511
4026,10.021906654056805,12.610546883610947,9.562185938730138,-3.99595322301274e-06,3.9999069033322336,-0.016620588119979168,5.006945455962239e-05,0.07676027137114638
4027,9.777080101077399,12.354854223808308,9.538232468598908,-4.3203097276892043e-07,3.3908446813473714,-0.011285456600292563,0.0033005605295110462,0.1029891397598518
4028,9.774939957947357,12.348788366546929,9.533188964168303,-3.9540691719289323e-07,3.373573543968413,-0.01029325815903004,0.003255714987638601,0.1019761472822815
4029,9.894953725796748,12.405028071027903,11.142596110236184,-6.980995229179525e-06,3.8183285325961074,-0.01044815638705103,0.0066033461074564885,0.128213261351136
4030,9.785617093618725,12.314103638268062,9.551867432904453,-5.763744583868871e-07,3.413239430262843,-0.009410814394242517,0.0032055596163160266,0.1074541140515332
4031,9.774593897598008,12.343290024907825,9.529954058001769,-4.4390132382503035e-07,3.379929026890915,-0.010236365737323594,0.003358364483883221,0.1034217416658148
4032,9.818727636256746,12.45430624419561,9.4968886052833,-6.770906357395588e-08,3.0301204477878976,-0.00893189416885768,0.0018302055042438035,0.06252369761143947
4033,9.8392281029808,12.432224537163677,9.67257413734919,-8.400841900104217e-08,3.196821910482151,-0.008511537601110866,0.0032813455307431688,0.08875457629039188
4034,9.93908214668771,12.49044143196518,9.50156189873799,-2.301589790422434e-06,3.850484637753083,-0.014674372680220545,0.0013763719170509967,0.07273227034609044
4035,9.840651012817382,12.59028347789361,9.868200281570404,5.391746069074021e-07,2.3408992971793716,-0.005475736198212039,0.002264255986125338,0.024837196330452928
4036,9.575673923340586,11.956827874002691,10.294496494118544,9.51412928071321e-06,3.598519575709102,-0.010344983348420095,-0.0007108697679117789,0.09166165254915085
4037,9.937345997028572,12.676075549164842,9.711264074885786,3.8164904949296753e-07,2.7900550845578995,-0.00816064490045101,0.003605695181238644,0.0424685259850006
4038,9.921824459891072,12.62529226430021,9.004520196029231,-2.710083738923196e-06,2.681639867428998,-0.006544931625920639,0.0032032062753261695,0.011087262188890404
4039,9.808939087176697,12.142827181720753,9.240469758388267,-5.012228614195738e-07,4.55441909461713,-0.014093541538148943,0.0034765059045968206,0.0899087323759614
4040,10.038113880205303,12.73120687965266,10.18594423898304,1.0895239627742629e-06,3.3322690645677833,-0.012775795103041474,-0.0005608201559160874,0.031207986781756857
4041,10.104097614165436,12.80120621684036,10.240512500374232,1.7326342400916727e-06,3.4902305595200973,-0.015674531206751642,-0.0020176375431747557,0.022561101281995084
4042,9.703733850597905,12.264605603969033,9.37095778541612,-8.307489503397346e-07,3.377921634408948,-0.012243673581010124,-7.95673906842757e-05,0.0633856026457989
4043,9.743589405519424,12.288279624992375,8.721449158940958,-1.6120583224749775e-06,3.2755002579545667,-0.007461002705231583,0.006113346786408444,0.02622453911277941
4044,9.648321281561064,12.15401959988558,11.015789026874312,-1.2637534327258049e-06,3.243869373902787,-0.0069845414692201145,0.005653654516270751,0.05055270521893718
4045,9.767202857060628,12.298966698852942,10.186178223565076,2.10130967621202e-06,3.8241664338829024,-0.015985460527827892,-0.0015661885787858526,0.05339512325869224
4046,10.206259698022889,12.8424337539283,10.240914399414889,2.5451666577960033e-06,4.087298701344874,-0.019125492385790047,-0.003087911692093948,0.02411942108380615
4047,9.90373232980243,12.57613370703573,8.133088117171855,-3.921144772217148e-06,3.1475636275741947,-0.010158161404435677,0.004374114055378146,0.0026804260128176043
4048,9.930685879519032,12.547414026627113,9.553438970623565,-3.752018960748411e-06,3.486919557720386,-0.012263610436946805,0.0020295043661382804,0.06576556216385196
4049,9.921334972266674,12.5437222252897,9.573830296138949,-3.7909898924501175e-06,3.49402331944475,-0.012126006258366705,0.0019836627865152715,0.06788486434453686
4050,9.590909666962856,12.136808047874135,10.089673085553402,2.7095337104989292e-06,3.1213804505606904,-0.01037720149866532,0.00023757404259144767,0.020931617706765517
4051,9.41758977968768,11.787983266121596,8.187150946733315,-8.43002660059092e-06,3.3805624047820935,-0.008818429366124082,0.0005399828030296216,0.03226332647214682
4052,9.608600308557955,12.054659926805352,8.681738135662936,-8.658151993398146e-07,3.121756680457066,-0.006299960808493037,0.0007012138487108228,0.06318716080450665
4053,9.592757873825848,11.939269589739707,9.121487617422282,-6.0552824583470836e-06,4.1317481647951,-0.013002625985951557,0.0033790865694598806,0.0215247694000916
4054,9.591329146399108,12.091973607143574,9.869928260180835,7.202216810966437e-07,3.350699196022848,-0.010973082623178794,0.000950589414486025,0.02106624275491975
4055,9.612064297228244,11.982228794109908,11.603244130625068,-5.562220469224425e-06,3.895501525462461,-0.010735136727031608,0.004639540170796527,0.033541220020257084
4056,10.259693173409907,12.796446582386404,10.00411845288022,-2.1646900087078243e-06,4.753284540349364,-0.01936173044310636,0.0036076451395268736,0.07807341199018925
4057,9.92257370449732,12.626613834199484,10.46719525352012,-2.045527397068268e-06,3.1380118335657694,-0.01126422651347965,0.0017315080209022685,0.023103102748150355
4058,9.605413024786705,11.945912047015876,8.927111718139324,2.2777163048718142e-06,4.254875981759598,-0.01278979294829792,0.0030614235455756486,0.09994792388553245
4059,9.752179060219545,12.239925475250752,10.868668921668638,-1.6773285827318957e-06,3.5364768743782906,-0.00913118664984723,0.004201928785617685,0.04508879665411564
4060,10.03000264135908,12.704833000753872,9.409937189190964,3.441630778167845e-07,3.682350318494768,-0.015473953255168049,0.0005372351408191918,0.043176434763542965
4061,9.578886611179502,11.888140615504724,8.877769730516976,2.4283944796932947e-06,4.326365961365643,-0.012703776842545244,0.0034054505983715424,0.1047239028885418
4062,10.292104891646057,12.904347244262764,10.014476908949815,7.032211391524061e-06,4.238744727029957,-0.017124827460715267,0.0012138230269994267,0.04897081113114625
4063,9.619393295384455,11.968238285172555,8.817842567257507,2.9078784531377964e-06,4.296421395172811,-0.013708010502468672,0.0032046920127636663,0.1038505297278682
4064,9.660551679068533,12.035091825863642,9.009823381935947,2.4529302845565e-06,4.074714628175115,-0.0126306192354207,0.0033440346083175544,0.07913574306806816
4065,10.098559273903271,12.758342260056278,9.178997773608963,-6.876214926379389e-06,3.7312729588146034,-0.014671204370204194,0.0022117204628706723,0.027062394879246165
4066,9.649208842709843,12.02904242441733,8.959507916594486,2.5030439358430327e-06,4.03980258174624,-0.012620804398338192,0.0035494274206913905,0.08094956459399855
4067,9.94658019636542,12.583941904027888,9.646186286084488,3.726425671496675e-06,3.3951210239922576,-0.012342735558948922,0.002526569257630614,0.06080136492605237
4068,9.819781590482894,12.425568130893463,10.06378818733316,1.6364047792068838e-06,3.011963349553965,-0.007425208137646328,0.00283065578630853,0.06939892505831598
4069,9.631027719167072,12.094343895159954,9.553352821567701,4.018503514207501e-06,3.3759113107873704,-0.009256282399657569,0.0017204893805300742,0.04153401805651184
4070,9.565144459615706,11.978732320465296,9.375188816493305,4.849958933590357e-06,3.5029448800910283,-0.009895406461171884,0.0013329933204639303,0.031807961114861456
4071,9.497993094335866,11.891955259422966,9.451744382421369,4.96319959223694e-06,3.520571606214532,-0.009242775462363701,0.0012558463691212623,0.038450533360122496
4072,9.793878573158878,12.445699503665276,10.140418220563236,1.8084676768752408e-06,3.074443890036402,-0.01024761664565098,0.0029762110981120006,0.07524143535228911
4073,9.353943981176776,11.695106572388257,9.64567583814752,6.550420617514514e-06,3.321472300546884,-0.0066392488922311504,0.0016758657897523836,0.04072302105361211
4074,9.834081123560207,12.520937839041352,10.233989709093551,1.3798279567561244e-06,3.0138276270605195,-0.01038414642222917,0.0032099604865613333,0.08024028861651142
4075,9.573544927506871,12.027564240531468,9.484881148885046,4.262897161808923e-06,3.3397913051083155,-0.008214299431614992,0.00155010301683248,0.04249983794000894
4076,9.79456625283117,12.419953998705642,10.062901541869756,1.6794566768204488e-06,3.089829995021048,-0.009238375502281269,0.0024581818188563484,0.06815808527566439
4077,9.68710998342372,12.29554530776282,11.254969819731851,3.743488803535033e-06,2.863092534210744,-0.006250905411011962,0.00648951822963824,0.05047434410028109
4078,9.472488132092005,11.925587889259686,9.208075673705906,6.603378773794347e-06,3.2912691354933337,-0.009192316857210461,0.00125688085589495,0.04706665598053071
4079,9.945673558694827,12.602448066143811,8.935833233905651,4.121466251729814e-07,3.290270618476482,-0.01203484590538112,0.0020509919600163553,0.06346275626415515
4080,9.874358359085312,12.563427676859291,10.588896390439931,3.7174709100622312e-06,2.872945319525028,-0.007506774354150568,0.0058770945206843925,0.01898733089341606
4081,9.826363645800338,12.4542560353905,9.975735467255912,2.107629750988184e-06,3.153688997639263,-0.00988772749160984,0.0024724867057259545,0.06661924928152958
4082,9.83758579817007,12.46928693508682,10.026377472502984,2.5120354242414264e-06,3.1686881245802483,-0.01051217416336497,0.0026763218877890542,0.0733009349198005
4083,9.78840981003496,12.426755239685283,9.76697779932623,2.167400535343092e-06,2.987722413517808,-0.008445269366314054,0.003360819846343262,0.018461044607749555
4084,10.019395235175478,12.63705692905118,9.768211065512427,7.817908710896927e-07,3.6780060737610247,-0.015076555820045648,-0.0012602455510789872,0.08486539896057019
4085,10.243343254662005,13.126028096080464,10.014597774915032,-3.211536784801976e-06,2.7319178056269324,-0.010279716211104187,0.0018312902373216883,0.03550720096721644
4086,10.295752845503404,12.950713731453954,11.362471966094713,2.4860823593405893e-06,4.368711770724735,-0.02153517320450528,-0.0034253769076992803,0.04018143862774366
4087,9.957921853852625,12.440269824974052,9.555269610458941,-4.834596304281724e-06,4.239730315870778,-0.017323868498830185,-0.001724567700854468,0.1337881020215664
4088,9.848218354664487,12.285513061681158,9.330210251777151,4.880720943693205e-06,4.222594931533714,-0.01407817154426641,0.004489928341575187,0.059811766928178835
4089,10.035035037594351,12.687244988332424,9.33715922696337,3.458756361961727e-07,3.6691073932934977,-0.015448088190710432,0.00023812426462273143,0.1132633275223775
4090,10.048893371964072,12.694291596284373,9.367451389496066,3.191887367506807e-07,3.6260736417339023,-0.01458675601865118,0.0001617383916804895,0.1110804804253459
4091,10.02374871202715,12.663935031059872,9.583593655455669,1.2504488812797213e-06,3.7415545470261966,-0.01593232069017075,-0.0018563223783610893,0.100458911802281
4092,10.038860903970026,12.704485939924709,9.502060865121775,5.510472303879259e-07,3.799295062399743,-0.01743172191394695,-0.0014106695119233874,0.08595005349198373
4093,9.993288031974316,12.77628054129966,9.397154410967186,-2.8363449635000307e-06,2.898383912682089,-0.011314899848675548,0.0010340054429881906,0.060580970107049534
4094,10.059118105333429,12.697454019046214,10.233867291351627,3.299041385613312e-06,3.4800158767382516,-0.00864643176009098,0.009316307140111111,0.045016470890212185
4095,10.022771114978823,12.60586008299278,9.153356571499824,1.631993972425128e-06,4.142164852894572,-0.0157709970329201,0.004793512050479703,0.05771781960533668
4096,10.056317425466178,12.694666085730052,10.220788421372964,3.2631364075347672e-06,3.4699716812794414,-0.008556600728142929,0.009188359514938661,0.04569219426802183
4097,9.726938934846167,12.16981802316698,9.290752412247684,-7.208537582742391e-07,3.850919580399223,-0.011720616461981389,0.002849633127766301,0.08632150689533667
4098,10.038291279906614,12.62873604152074,9.146148410075861,1.7554307966883232e-06,4.1574443761078355,-0.01598349107076649,0.004895493253020413,0.056217191972180995
4099,10.013464337154554,12.616874041515317,9.135526982983649,1.5234348850918674e-06,4.081892837620371,-0.015831792322151178,0.004563637183616473,0.055557490062502345
4100,9.647666302848206,11.936875365904935,9.894246113976816,-1.6383491257250918e-07,4.519551883039502,-0.011466327384368358,0.008467899939945497,0.1230119236750436
4101,9.647687780817687,11.992228670356456,9.620421309142303,5.0813347604619775e-08,4.3488438130709985,-0.01239411839199044,0.00715032172759876,0.1188955566121103
4102,9.931639659232196,12.690347247783269,9.24867876129364,-3.939281753451135e-06,2.7639190005194534,-0.009678310780808826,7.607377543519377e-05,0.05632014049534749
4103,9.585342897999189,11.844141604838212,9.6185180467636,-6.454856421745813e-06,4.69911049417564,-0.01305152315844315,0.009149443441749349,0.1199278091711135
4104,9.62919588438714,11.904101966647255,10.454160079490888,-3.699741380649864e-06,4.986219175046095,-0.01873731689889248,0.0011689562849363077,0.04391245709733069
4105,9.607003469441901,11.88701648565746,10.054845317216218,-9.43344128466992e-08,4.556989025519815,-0.01386796285964424,0.002200499528039598,0.07607937275897128
4106,9.713464783800125,12.02940967885396,10.015501880862647,-1.9289338829705833e-07,4.293795893271145,-0.010397373018424435,0.005847603828332367,0.09686252332563272
4107,9.715739255886222,12.064629582237949,10.157182919070484,-2.523398954630139e-06,4.782550490790072,-0.018082946520492388,0.0019334924523461516,0.04653510386098234
4108,10.05610338762968,12.699688722082508,10.219697626718895,3.154444943393523e-06,3.459515231404765,-0.009107954296563562,0.009204442876364736,0.04476638313239171
4109,9.680635537201061,12.082515776737832,9.625467477470723,-1.21552254341359e-06,4.429420137298552,-0.01666157566468568,0.0027514658002654622,0.07293884684950146
4110,10.071020295255767,12.711246108498766,9.0723778040976,2.385760525088099e-06,3.9962139949721465,-0.015624414178912804,0.004157645863917487,0.052324480314383616
4111,9.423347410926825,11.580505900551904,9.97489226895939,-5.880053054199364e-06,5.127296095529512,-0.013828412073574568,0.008586764819952247,0.07980767817395802
4112,10.071494802372827,12.710366028038104,9.071755435490767,2.3578186371089685e-06,3.9921262802067847,-0.015511777736578644,0.00413953157346598,0.05245793239042869
4113,9.660153269269674,11.941194818437868,10.40529253367351,-3.653346939389216e-06,5.142606817203001,-0.02024447883891865,0.001456352365310814,0.04015681419366579
4114,9.479499103802095,11.721969853910576,9.684641358137377,-4.143943704464643e-06,4.809396980459919,-0.01406453502535828,0.00732130259916681,0.08771437545840603
4115,9.64161584051264,11.909548936748672,10.444705862459829,-3.7079955569455648e-06,5.243687124274029,-0.021155260579241116,0.0011391356601270662,0.04069016200684485
4116,9.60057648989203,11.864077629200787,10.595868984112697,6.847063740883445e-07,4.6526749695885155,-0.013853193508215587,0.004053425047753424,0.103294605033439
4117,9.772620032564259,12.302747135345458,9.357295824376767,1.3239240561268086e-06,3.7270482767060353,-0.011935477966825625,0.005287144819308658,0.08563975921509301
4118,9.77668163980731,12.25880517165892,9.75431823383821,-8.003567020895919e-07,3.8196052281157393,-0.0122372276060383,0.002408216998318233,0.09273782545771496
4119,9.935987771650575,12.55137603065449,9.13917070282455,1.985224831695471e-06,3.435650613015244,-0.01080977109712936,0.003976733954193831,0.07549096577301805
4120,9.843577048753883,12.339211245901122,9.569900480962307,-6.030011744278383e-07,3.839787983107284,-0.013618816339894452,0.0016807927868751867,0.09962820836095884
4121,9.894063519724154,12.471977280496011,9.207516865482352,1.3419943784903734e-06,3.573995107153382,-0.011056638637159246,0.0043537469836239925,0.07584399091901985
4122,9.892625311822057,12.469365413897403,9.214216485980884,1.3157454697547132e-06,3.5770044167423363,-0.011071103666901264,0.0043299096025851405,0.07605098067201657
4123,9.771183521161452,12.289686643430327,9.412340966167536,1.2659630005342733e-06,3.7395605235387466,-0.011400733368113713,0.005152313654517965,0.08425331140367967
4124,9.772013423743152,12.200369499383257,9.80547563721512,-1.0981988618632027e-06,4.377857656005412,-0.015916614868277272,0.002796719370259427,0.059059848500893034
4125,9.704345382512827,12.017447831981064,10.344429193219732,-3.609853492994512e-06,4.313178237436617,-0.01159074509679581,0.004673610336222411,0.054808545680351824
4126,9.753767864094563,12.102293653334437,10.069522511051073,6.11177639123954e-08,4.5885975409667745,-0.017776950170847294,-0.00014713808093797483,0.05900994625821654
4127,9.763401862143567,12.1213026205109,10.076321105747306,1.5148589703111253e-07,4.5643306989826815,-0.017789978662807043,-6.36620077859567e-05,0.059407964072687905
4128,9.423732918077171,11.581338614312084,9.973106396992176,-5.90743788583149e-06,5.131801371094277,-0.01391140123738198,0.008611873171314434,0.07997867987432405
4129,9.726917727334406,12.220103613784229,9.494636243357329,5.617268833315277e-07,3.902643355320523,-0.01305599580761841,0.004584761609280199,0.08093888472874045
4130,9.764627170719631,12.123206477919569,10.07513931289694,1.5606336580543374e-07,4.572570356141199,-0.01773901068531402,-6.58917585628802e-05,0.059288278377382125
4131,9.581744393761525,11.884633353356412,9.87515720949332,-3.621050700953524e-06,4.54434479121782,-0.013161891096804927,0.005834560756841481,0.0856908167882086
4132,9.790949865446072,12.241326105999372,10.046159419400658,-9.624899547597135e-07,4.269084688605102,-0.01679106230999133,0.0008719383722430906,0.0740415530916216
4133,9.730709658635925,12.1278943219678,10.010331894966946,-2.2788085447943307e-06,4.154347672535958,-0.012888003081931283,0.0048918375663819956,0.06592126961290262
4134,9.678928885263144,11.973556045285566,10.471905254035542,-4.24232563525657e-06,4.389903157307109,-0.011133048844230074,0.006388679412225425,0.047424613376458286
4135,9.80142167230808,12.43525627112713,9.541166453554313,-1.1812797362735148e-06,3.276003619077662,-0.01103751534343672,0.004188702597376189,0.016074668577968614
4136,9.769553642092115,12.130041942815286,10.072133116337438,1.9275548812406405e-07,4.595455304695396,-0.018280068248305713,-0.00020154763866588477,0.0598932238941092
4137,10.132415968014692,12.74784767401528,9.499588827865203,5.569315676114622e-07,4.2424621589391975,-0.01588537207009956,0.006443907654965728,0.0941452392958883
4138,9.38909641309431,11.492449238354006,9.937794887424989,-6.48150593149619e-06,5.343018128478679,-0.014374112679311418,0.00895104345865029,0.0855604763581816
4139,9.5847803491563,11.995538000672484,11.830570286390616,-2.701727188602264e-06,3.38124053641423,-0.008176871722274937,0.0012261975972174433,0.04207183531446257
4140,9.46867752750881,11.707422000150864,10.090702121179811,-5.21983632634553e-06,4.448715483652954,-0.011992386675172488,0.004931188290248368,0.08874224521369872
4141,9.462186615426205,11.879413242557131,10.790000263727093,1.880629456619034e-06,3.1225985704355637,-0.00623283589551546,0.004347773036375753,0.08635384303644342
4142,9.68905037494284,12.209319255012392,9.644193691208104,1.3607033188749163e-06,3.375099798900596,-0.012044597354686028,-0.001795696136314126,0.0644680932369509
4143,9.50040407320575,11.753976043887672,10.036471918436549,-5.157472636295742e-06,4.404385851568838,-0.012268437751873165,0.0046508966452129576,0.09286339703114005
4144,9.454418253057414,11.673517849405542,10.115395995934309,-5.490881587775088e-06,4.476476190185245,-0.011645213531728031,0.0052544922532707615,0.09203625903936483
4145,9.472936241910489,11.683172682501931,11.273507049321198,3.4958147138005164e-06,4.87935645609553,-0.018673560659219313,-0.003499171645791921,0.1532001189855694
4146,9.578422959327558,11.902691295478563,10.055537120408724,-3.725109285437872e-06,4.11651243919841,-0.010736340145144144,0.0035798510343204204,0.07619250594819837
4147,9.478314575539178,11.681545951462612,10.13971419788806,-5.337802993079574e-06,4.527966308238898,-0.011567370003584014,0.0046437347998124524,0.08495635931989018
4148,9.920915665737455,12.645733359268364,9.54330692187924,1.6476521635673392e-06,2.818748087129845,-0.01008204922676347,-0.0009126092042232152,0.040282570428620545
4149,9.585962297983906,11.922396955551427,10.664189307474992,2.980278614895383e-06,4.017785388218283,-0.010343187894918004,0.0034494101054274896,0.02721328314635474
4150,9.784142215102301,12.28068358214458,10.171401686672125,3.3370070209411616e-06,3.6651116161607544,-0.011719403785810234,0.0028571074923702472,0.037932937349755495
4151,9.60669311965347,11.958725974284016,10.319891034408922,6.186458903423621e-06,4.179529396704181,-0.015141922212437174,-0.0006089779142981743,0.013847142570648148
4152,9.531190948776182,11.692617858815412,11.23187142433648,-2.717979482531651e-06,5.011417857202636,-0.015899983855784006,-0.0002787693834166399,0.05875251193694139
4153,9.58329867176048,11.989212783701198,10.358103198310507,7.072066879000945e-08,3.726396463086888,-0.009378889376346128,0.0038393332030825793,0.04264488668692794
4154,9.661654769424937,11.985154542743272,10.887127771380255,1.9628905066984197e-06,4.107136896800827,-0.01108089250044502,0.002320327637800227,0.038943811509058006
4155,9.508767781815383,11.799833071598872,10.990708880107766,4.023023358846758e-06,4.597163149621171,-0.017734109047994974,-0.0027121418421035587,0.1292997919525131
4156,9.50686301075599,11.796538067139496,10.994764375955802,4.04602697244338e-06,4.61182318367754,-0.018067434500256465,-0.002731602585695169,0.1296732611385963
4157,9.59366696320631,11.808128866860669,9.732049703129231,2.8446467952339165e-06,5.055309127252976,-0.019582814487249436,-0.0023446258610478783,0.026748233610409965
4158,9.177890144155983,11.26741691954946,10.753749015117958,-8.53885222818906e-06,4.45268525679495,-0.0077143776132116435,0.0022928735599523843,0.056371831581432746
4159,9.4276476767586,11.595974806634697,10.277779440506755,4.0829584445787795e-06,4.669398211488888,-0.014117896316924674,-0.002744455379700959,0.006775841422663881
4160,9.684968291166804,11.962935347568136,10.865986198626356,-1.5367540279447192e-06,5.154372221667129,-0.021067286126619643,0.0003114015587598758,0.02991196419662473
4161,9.509032213187703,11.800573903431864,10.99507236186586,4.119248149569145e-06,4.610999557516135,-0.0181892451133314,-0.002759645150146339,0.1301673385578063
4162,9.875353765572676,12.188353459889738,11.110047402832894,5.767179151165895e-06,5.000684214929579,-0.019964445735235693,-0.0004815534116752781,0.04741287859192143
4163,9.242979870479816,11.23801611773058,11.808177272081808,5.346139926009016e-06,5.256246316181332,-0.012697818874126215,-0.001732832157035477,0.05762880358449387
4164,9.089271602691424,11.082041305915943,11.383165966481242,-4.03756989789393e-06,4.627641933172033,-0.005798776761213487,0.0032892029216410237,0.04189463702120534
4165,9.72644334770983,12.095753351344635,10.981062509897123,8.094703562532006e-06,4.34384693103383,-0.014259872977349111,0.003220240411637454,0.05135061778905278
4166,10.038204949386529,12.383256771446469,10.825834545948888,2.6146732337854083e-06,5.237455231892316,-0.020749825904377725,0.0013106238277612522,0.03748428050496837
4167,9.605969106989104,11.836451940427526,10.824607907335237,-2.9692255831487437e-06,5.22748571718988,-0.020063416192805935,0.0006877753113804994,0.030102482338703825
4168,9.558516257462063,11.746685488832096,9.334588479730964,3.09600545283584e-06,5.005077099470396,-0.01739692760322925,-0.00092978738974364,0.03203509416631888
4169,9.771514684573859,12.077687308076854,10.327230637783517,-6.4132403530565445e-06,5.143784085069835,-0.0202386669255609,0.0016646011556137722,0.017644805605520966
4170,10.181994643523913,12.5404984338161,10.670660054723792,3.6449994618118704e-06,5.435467697112781,-0.022686863639227013,0.00173970504303155,0.036102820601469875
4171,9.552354623935535,11.82215772123948,10.930834786886493,2.0832928963789597e-06,4.651915748337749,-0.016331969340680607,-0.0003476649360293297,0.03857720221567567
4172,9.550102840959704,11.738519766589752,10.834108879391824,-3.939193053895115e-06,5.398884864654224,-0.0200916936529673,0.0008374050591551547,0.04218964085882872
4173,9.59875861805138,11.868593474464951,9.410758835401024,2.9699095200414847e-06,4.969162186814568,-0.019289023352340444,-0.0006758803834974948,0.043011863996622615
4174,9.59762190781981,11.868310745170511,9.398878398619678,2.9814130671495615e-06,4.966439216520522,-0.01930965471691907,-0.0006746480691158623,0.043023313502963165
4175,9.831950054250608,12.2170096893285,10.78933309704863,1.2649638444981306e-06,4.827385989823164,-0.019484702016709085,0.001166056165115734,0.0833458540528951
4176,9.680076033923596,11.910735453478496,10.085003588932196,-3.134617744769086e-06,5.193139496397886,-0.018913715472455503,-0.0003417532029763038,0.040746365133038955
4177,9.32093047810887,11.46423181924646,10.914695899181693,-5.2922938980218634e-06,4.6112845788542245,-0.012056803107269216,0.0026158981295698546,0.0575958821075804
4178,9.43650820269447,11.576698818953115,10.842231824109035,1.6291299877951154e-06,5.485091222637265,-0.02138374430052421,-0.00224696879837759,0.04829300105823925
4179,9.757970209697021,11.972504973655898,10.841489343196631,-9.824822346317335e-06,5.464412081623666,-0.02199187937182351,-3.219509018808535e-05,0.037562419118420017
4180,9.239733760447365,11.24028369606491,11.363934547448023,-1.3504497814175168e-07,5.455923170847215,-0.016683933920988145,-0.0015988378511959825,0.041928581913891545
4181,9.757496319895965,12.105287809595332,10.54893763812616,1.41733991065441e-06,4.696138433400208,-0.019067781542170138,-0.0011444314381093405,0.02409280567213003
4182,9.849873313585912,12.601021473291082,9.7710391877223,-6.062705098382343e-07,2.460098165913884,-0.007089046339186736,0.0011392342937492463,0.023712074724475063
4183,9.95978646488632,12.523225496526104,10.950701567866767,5.433652267029676e-06,3.8873968308777114,-0.01642678064936475,-0.0020459716239513894,0.027651645714468785
4184,9.919122212048325,12.48210866425216,10.910310392071004,4.237580497822989e-06,3.8696173200297936,-0.017007716566390586,-0.0022729747704682865,0.034548316761268835
4185,9.936689351812062,12.514587647764598,10.82754475468806,4.084305691449392e-06,3.814480638573963,-0.016170128146435467,-0.0021235744720947934,0.030796729805736337
4186,9.750633222721511,12.3011416473814,8.951562361280478,4.0924355149811773e-07,3.4550072587193705,-0.012350913519107434,-0.00039992734313323624,0.013707132665443897
4187,9.998163152239234,12.654027217570308,8.999556592271052,4.781389569767759e-07,3.5814038011239093,-0.01344795037909332,0.0035964055804546375,0.08489883568334781
4188,9.832198654259471,12.590322559145998,10.596450451590371,-2.0054880758422563e-06,2.506493618736392,-0.008112202971454246,0.0016223866535459194,0.04406213545167314
4189,10.366400247552798,12.928809932872754,10.11941047996757,1.6672656228384857e-06,4.488743822731897,-0.017768792830687143,0.00251409187732811,0.02180012456290647
4190,9.97763830377514,12.765509212935235,9.214868366636672,4.279792215890732e-07,2.7098717038882763,-0.010280990063059554,0.0006314329135805755,0.01839382434567413
4191,9.936839325145096,12.673208723719483,9.29567382950091,9.76088937423243e-07,3.0228032232396944,-0.012955847273437925,-0.001657091955910238,0.04351757137683335
4192,9.938048882393197,12.673961086375051,9.298537321859566,9.58311195503567e-07,3.0181615496606513,-0.012807612800317848,-0.001587965971170328,0.043535730814914686
4193,9.82737573837931,12.445000187184291,8.78316039326451,3.1327625323491037e-06,3.1800576796699693,-0.012440066277878505,-0.004166096431640837,0.0425055821124569
4194,10.440482263774912,13.419239266706052,10.576598019891176,6.252627663615402e-06,2.7312734222119857,-0.010721981064413327,0.0019418865791841877,0.05762898364432767
4195,10.061734508551195,12.827587575144529,9.904898513231942,-8.215370927043332e-08,3.00004642072821,-0.009652775109438912,0.003262289634934658,0.04016849598713252
4196,10.121627809969144,12.942367205050552,10.53492455585014,-5.100098604380543e-07,2.992573508229152,-0.010284545934163645,0.004426496902706866,0.0487077084925301
4197,9.965284711940349,12.656447534349596,8.48109483938838,6.889804319681479e-07,3.2261266778525592,-0.011373225724183277,0.001468653289876303,0.02820655958382815
4198,10.227733202974065,12.962546548919466,9.163885900888175,3.735415705325013e-06,3.664879960112573,-0.016199342171373143,-0.0008254069029422705,0.012699777170090354
4199,10.230165874093952,12.956571782000248,9.16299057583388,3.602082344318126e-06,3.612445716740454,-0.015515356783519924,-0.0006594654345699641,0.014959282503219625
4200,10.102400226591556,12.897049343509291,10.523716021957808,-6.584411742552635e-07,2.9782908914502464,-0.009388927612693151,0.004577623505326174,0.046851805706692645
4201,10.119000552615166,12.881842968467852,10.385294588344332,1.6926266171482528e-06,3.1164522765222062,-0.009588489181834454,0.007024191808577086,0.03866910277365949
4202,9.976878488686772,12.68326605517489,8.437040508469494,6.828719955663099e-07,3.2362606409061945,-0.01251026824016669,0.001412899022502624,0.02852201486609931
4203,10.067390792219836,12.927306863508482,9.37825348060912,2.3140182304018283e-06,2.743409021847248,-0.010997800242128708,0.001057404884504325,0.037872427565257875
4204,10.15872529182443,12.978573425497292,9.20136968245114,-6.075506873181327e-07,2.964123790907645,-0.010918420047483002,0.002569853764728753,0.05264326935770548
4205,10.161502978231129,12.96057491345395,9.203560663266463,-4.948129424448883e-07,2.921593576876988,-0.00992480810086119,0.0025974843139535495,0.05077996514809152
4206,9.964571283944583,12.5900812837569,10.200351014320816,4.598638854265085e-07,3.5918111194219215,-0.013808890626242383,0.0009925868831780192,0.010103604877086482
4207,10.363455155670422,13.159255120276253,9.625748411034344,-6.660253260624906e-07,3.532436243480436,-0.015874296694532483,-0.001880980892728566,0.020611921404301903
4208,9.975553874690751,12.754414342867092,8.906410018261152,8.760869907561951e-07,2.9545766517101386,-0.012433722650542269,0.00020252231570235587,0.016614925480980175
4209,10.27099406316316,13.075188093948606,9.490409869460633,-1.0572082260610882e-06,3.446110505606635,-0.015520849234912946,-0.0016445371378061573,0.030785272739770393
4210,10.118500938447228,12.830003236304057,8.880630612431197,-1.2776335737139573e-07,3.125560007391861,-0.010043527475837153,0.0027080497728103393,0.05005494540883894
4211,9.785807947413941,12.405798255058128,9.517154300431791,-7.401377056259217e-06,3.2046551421866485,-0.011758964660123545,0.0004282142935768708,0.024168100522345783
4212,10.099251625499,12.66862658113771,9.002726951411798,-1.755464938378279e-06,4.090216097716973,-0.015997088173636483,0.0022907643584172636,0.04600572065068248
4213,9.934521650875933,12.514732774132057,10.116504682131415,-1.2242161116933758e-07,3.4871157680417193,-0.010499167512322724,0.003126745619720323,0.05015402157948193
4214,9.934030621359817,12.72855081255612,9.051450071917031,-1.473171645709319e-06,2.7997461756758657,-0.010977031177160944,0.000738176649464322,0.07513236050645866
4215,10.175409487802872,13.00987639073065,10.09706289966742,-3.250647657421556e-06,2.8000223462756564,-0.009317901920482694,0.0033258650643222627,0.021979259334335335
4216,10.33382965607638,13.075159292221016,9.850827139708624,2.471708261089293e-06,3.962776810496308,-0.018014257344739174,3.7604560039481046e-05,0.066502686276182
4217,9.987374087578564,12.53589959618702,10.393266815314885,2.554206810417185e-06,4.264463680323593,-0.016729434930348508,0.002857635016840725,0.030552550201349407
4218,10.071611430475096,12.794958924527984,9.532722463888328,-1.9365532249099895e-06,3.4133104478591023,-0.014176466014447428,0.00013044175077992458,0.040086882273100935
4219,10.0361184430734,12.733460345321776,9.111362203572856,-1.2410548533228069e-06,3.5691422861162407,-0.014929726063669676,0.00035589456252659154,0.031579536942019634
4220,10.026179823999351,12.770142853327872,9.673112060813645,2.8064431998416404e-08,2.733862109000455,-0.007974565850601661,0.002138368494103976,0.03616169313022553
4221,9.90737011268593,12.386545166424671,9.522719782604712,-2.397937601924461e-06,4.218629454892832,-0.016750968237339896,0.0004699804029560156,0.034135551153946175
4222,10.123792498110769,12.820262202575044,9.560124099140817,-5.333793490981653e-06,3.847517645050029,-0.01749223568145232,-0.0003358549840176677,0.02271085174343
4223,10.1006026284389,12.93253471154047,10.454130806803931,-1.8325389439869977e-06,2.6122482482994873,-0.008696298655757898,0.0016328637115268507,0.03236329613600515
4224,9.818705310085482,12.492263119494329,9.70920504814682,3.5639630064493905e-07,2.9168902314243383,-0.010063296029491978,0.001298769228033004,0.0282976336383053
4225,10.097604536416393,12.814122992109088,9.910953157348295,-3.9903563425477755e-06,3.3484240598292363,-0.013590938573570813,-0.00011463191335008264,0.02872476616638248
4226,10.174590175924084,13.037754151122924,9.918179142509638,-1.0562759094766112e-06,2.8251296527324947,-0.012644005065943932,-0.0018894770680397243,0.02808741729935059
4227,10.196655240048155,13.119783772940918,9.879229084095542,-1.1793940949048765e-06,2.8210689811189047,-0.013447518968673314,-0.0017788904361159747,0.02993676961684272
4228,10.096184419500055,12.813949379887074,9.808378969278223,-4.234327570780163e-06,3.401866467654614,-0.013707398347905788,-0.0005543609559333415,0.017525880551580816
4229,10.324627306323883,12.980457189632595,10.500865025974951,-3.15356729576053e-06,4.1475719471246455,-0.017971686873446233,0.0003447027012615676,0.034772001575259254
4230,10.038466123070062,12.673127331648743,10.308731899511134,-4.2656771170596425e-06,3.3324741859371723,-0.009571950765579536,0.004601791521477146,0.020138187296850373
4231,10.603597802040586,13.442628382012426,11.051620802213566,1.8276778079264592e-06,3.955654819380467,-0.018825920699955916,-0.0012941996960384988,0.010619744797118968
4232,10.297326390344049,12.932380572337372,10.416559878766106,-2.648079043514495e-06,4.13073964153693,-0.016846719852005206,0.0010210367966382262,0.03926310521310417
4233,9.759890355498372,12.246804072087729,9.216692350439486,-4.9293193522120186e-06,3.517070188524659,-0.011256948093575362,0.0002553347248201042,0.016256434715680432
4234,10.17256930196398,13.092634335980286,8.901150814215928,3.0729662548077965e-07,2.7754256654874405,-0.011261622524067892,0.00259359780559766,0.07052607217535513
4235,9.849783694255272,12.422598909026256,9.695081876024249,2.0757118758262314e-06,3.2425609381885994,-0.010928275075864993,-0.0008343983328118138,0.07092423280221755
4236,9.705294022727804,12.141946367061358,9.490388598974375,-5.197972629765014e-06,3.6355960005570434,-0.010655555043020492,0.0011250070392772636,0.01602214968557569
4237,9.733114110523767,12.390616765815496,10.302548178709571,-4.27980855620752e-06,2.5423610343268046,-0.004237583338846334,0.00430331875853337,0.0969030668725512
4238,9.74377650866535,12.277025951474318,9.644531888389885,-1.3309667301726506e-06,3.4803698239855416,-0.011775119747935964,0.0003738514858932138,0.02402844755372724
4239,10.131136921903714,13.021220169712992,9.242611689366933,-4.878855112356434e-07,2.8104528513789164,-0.010901766204483665,0.002979210177852802,0.06345551571332003
4240,9.716706725759614,12.249164306394787,9.806460852936947,2.121725489053458e-06,3.155285632468968,-0.005560356838941571,0.0061922520942389765,0.01659574413267495
4241,9.871623678227149,12.640079993545536,9.430439580039874,-4.342712768941534e-06,2.477846783838088,-0.006251241746752923,0.00441179003081548,0.03505200537744639
4242,10.03311077881801,12.706362485311445,10.148326572189246,-9.342848054342552e-08,3.2250559157659544,-0.009898322569091147,0.0030405930325372596,0.019015951662323206
4243,9.986155510825396,12.679990253114257,9.770292915540432,-2.6870347406434e-07,3.1622990506472193,-0.01120139293299615,0.0029404417087855214,0.02901011358301392
4244,10.064273878399655,12.730610159798005,9.925388544639347,5.003650872798961e-07,3.278239181239371,-0.010382758366971293,0.002843475839820414,0.035881611984505186
4245,9.914321752184904,12.500777101222294,10.555869594473172,-1.6356959112734476e-06,3.449644784133159,-0.010786928504208995,0.002414870606251581,0.02092399239243127
4246,9.962952587110976,12.629036679073495,10.235288894057817,-8.995543844728148e-07,3.238981144868439,-0.01057571095876305,0.003544867192470799,0.01100909132540347
4247,9.537566284954533,11.907019364805464,10.25656993770064,-4.436396372090806e-06,3.6516740215246255,-0.007669806854025427,0.006649818601596741,0.04299720990675312
4248,9.901377481749654,12.417185094561717,9.968072526457789,-1.3225842911385048e-06,3.676737557278454,-0.010471080784862002,0.004092639073163748,0.029025305203878804
4249,9.97007390497956,12.58864801811766,10.01066440456152,6.94563253083761e-08,3.570817955328123,-0.012072974061326505,0.004513087628105255,0.03607583204101161
4250,10.160951700838837,12.635601332110465,10.386564484614809,-6.312436217335799e-06,4.8264031764875055,-0.019871867976319953,0.001093048965556018,0.024502892281560978
4251,10.230355754805208,12.91554124468212,9.809156705794955,-6.307985006268654e-07,3.9085561176634305,-0.014997660027263854,0.0032437451439434896,0.016407990834041652
4252,10.178154550618242,12.906892740637568,10.156728322265732,1.271942276555618e-06,3.366761962308683,-0.014916278381466296,-0.0034916915937890894,0.033397761838757645
4253,9.737203246963453,12.157486513011431,9.9008735364218,-5.145800424262917e-08,3.8677973409867903,-0.0119593988830895,0.0014667447351381776,0.030619549324409148
4254,9.754021333180658,12.448745494956633,8.900752206905866,-5.333289105231409e-06,2.4410850576236953,-0.0031581227330416996,0.006885164789502078,0.08384032294797811
4255,10.24325671668171,12.820170024702907,10.897271005587058,-3.84050638446518e-06,4.2661490339016535,-0.01366647018834715,0.008857030993279233,0.04432785079209725
4256,10.240458290078552,12.817158243375363,10.728386629208345,-3.0924724786416062e-06,4.146639407739814,-0.013492330194806413,0.006975118629939477,0.03877132771111414
4257,9.859078997658525,12.265592953944584,9.60751163882388,4.7345895771523555e-07,4.175037328833389,-0.014314615407002716,0.00022057045268373271,0.039618546538098355
4258,9.865210549161768,12.355840480552205,8.892493372298295,-6.62584954076946e-07,4.264216379004635,-0.01704973748653997,0.00029684971525749263,0.0011580209887138253
4259,10.27708514044452,12.817567421150624,10.448881187082412,-3.309595380342067e-06,4.746867373340914,-0.018013078749557022,0.0070914722592465874,0.0629767260842466
4260,9.878555555310943,12.497777523929432,9.559860214097393,6.445265293472895e-07,3.205414277954434,-0.01185671051275334,-0.002370063385298098,0.026933592135270475
4261,9.757750435259249,12.206780550987546,9.793149276913148,2.250053269674603e-08,3.9402235833014254,-0.013247698568676565,0.0008111930212437149,0.016744746379340918
4262,10.183735894104997,12.925157283172869,10.840831083158225,-1.0008837034346635e-06,3.4222352242847913,-0.01382923516703136,-3.889358314772967e-05,0.010473955894376087
4263,10.178054826856055,12.737592365478818,10.286848066648194,-2.027366223695792e-06,4.508109786748505,-0.017878663728555344,0.004601966242070942,0.06676001585222445
4264,9.9291766346528,12.54177774916627,10.093066965575776,-1.220192560337451e-06,3.872091770959503,-0.015870282290506726,0.001615389074560156,0.07231540777458949
4265,9.746786494339453,12.101713027605564,9.698698383784219,7.710118624672573e-07,4.524944803056337,-0.01621322898368332,-0.0002650459430473522,0.05608232146669988
4266,9.965169057015839,12.57674209207778,10.178413707333196,-1.4423736327918026e-06,3.8916462230036273,-0.015463181094921565,0.002306217905930022,0.06926922505140268
4267,9.766074326687704,12.121227103165818,9.73414089224741,7.201416139362207e-07,4.574704922680277,-0.016835589496429056,-0.0004434123412977917,0.059022177078721705
4268,10.115162679278212,12.643412215928045,10.210420790594286,-1.4876628285515409e-06,4.6234921395271815,-0.01860371279629256,0.0043516214493930575,0.07134017560014436
4269,9.74134754948429,12.108873007482034,9.587928245182269,5.518380363225284e-07,4.49891282220065,-0.0176768986654403,-0.0004803081086099455,0.04724871130890657
4270,10.151100063502462,12.712839751980002,10.25946361289114,-1.7965238596131184e-06,4.4579314371036025,-0.01766813692832586,0.004330505556627769,0.0649077012008337
4271,9.96855113483642,12.580027564988702,10.186433432136525,-1.4632511850088133e-06,3.8934836841748974,-0.015424927267201013,0.0023711325939392985,0.0689829862725393
4272,9.359208763065533,11.522345563864716,9.087020274095703,3.0893044354430947e-06,4.388368392183251,-0.008448411288163624,0.0037953712396028502,0.018071766668343037
4273,10.188132209692691,12.732956275923495,10.258384615418306,-1.967985898928753e-06,4.471288912419902,-0.016773992135864432,0.004293861565642418,0.06351550936865616
4274,9.732902542867151,12.098522818202657,9.57596781810906,5.780716850477569e-07,4.484912415208561,-0.017360381668000524,-0.00042196995959068633,0.0468729706574702
4275,9.221451830836543,11.255903280513955,8.935735386767451,3.9890337168367256e-06,4.654284097530451,-0.007096680250330849,0.004959744167855291,0.013221185786714927
4276,9.225450983200005,11.438460070465762,8.877390055987657,2.112816290988844e-06,3.73987297692067,-0.006120182995439191,0.00499046697524643,0.04583070108868231
4277,9.838764188242997,12.195031988266097,10.307452146623294,2.5030002445365615e-06,4.637068539622207,-0.016902346830160925,0.0013049956476030296,0.03158182701319123
4278,9.838895073119893,12.1949230002318,10.305834683196078,2.504774326169425e-06,4.637269582574771,-0.016892693252739507,0.001304665196793259,0.03154582915018686
4279,9.717865906097815,12.093704191526218,9.693001836903296,3.6177139282160406e-06,4.346984129625762,-0.01580619626347459,-0.00044690695212505914,0.04222282656736544
4280,9.828595433869143,12.195722630131035,10.299651806093408,2.539255800564445e-06,4.668400460164695,-0.016875754386473638,0.0012782671887909692,0.029167454411238025
4281,9.850704756478985,12.228189200796932,10.3723007365604,3.2933204529344725e-06,4.840233505835757,-0.018443856229744857,0.0021898907460545392,0.034646789675645634
4282,9.659212609125372,12.103703505314606,11.414270578472836,-2.745382645926634e-06,3.659912927572439,-0.011391849585905583,-0.00043101874823565055,0.04386532070247792
4283,10.03639988160062,12.681914634105135,9.21582797603142,1.1543314894291235e-06,3.7365785797688713,-0.01384704984384591,0.00408521060535149,0.043617159612689325
4284,9.798273022278472,12.302355202437871,9.41123829032816,6.001703481158799e-06,3.6469287285825502,-0.010444582994149791,0.005205584200032964,0.07759182313226858
4285,9.798080124783796,12.30184215194484,9.411802253960403,5.999991432842732e-06,3.645464248546411,-0.010399159149600226,0.00520305536586487,0.07759363015524515
4286,9.798583382537554,12.30293626551542,9.414064896730064,5.9847580920658685e-06,3.644694551299225,-0.010399703942861686,0.005198390742115874,0.07757378959952121
4287,9.919222627136932,12.439658743392068,9.333847801779564,-4.1141548546540656e-06,4.03028595195454,-0.014762576520070668,0.0036695447953757634,0.010176661584220733
4288,9.791228279160556,12.286284633595407,9.443297279418163,5.291222552196999e-06,3.6772777819223528,-0.010449854676546477,0.004597480667004211,0.0768761394643312
4289,9.90351015067757,12.422641009959968,9.267905537608621,6.652884668115716e-06,3.8402793071779806,-0.012608441834441092,0.004634828277396999,0.08056611007953096
4290,9.263638626002844,11.352593233913082,10.331183838911697,7.702990611742207e-06,4.921771146422559,-0.012908670566417785,0.004630282226587278,0.07348358593849157
4291,9.75087507017224,12.108648020624438,9.35751305643211,2.7589314428743547e-06,4.3773433536172925,-0.01218068064255622,0.005917228005993664,0.051214584543812405
4292,9.692622988891852,11.983013925145384,9.167195947062323,3.585928114111804e-06,4.530643245012639,-0.011719193962227032,0.006881437868884581,0.04805431017683605
4293,9.464273889881545,11.821949597208931,10.246681190157036,-2.3781301024468813e-06,3.5648494102484114,-0.008885021696142362,0.0019185800167021648,0.05519566523703084
4294,9.803839000043624,12.22905749800766,8.729138798913578,-1.7268193286662077e-06,4.074890589170829,-0.012759193666852823,0.002050736577725848,0.008556283586759958
4295,9.848481005115381,12.26796760523469,9.566433743139301,9.619146279917317e-07,4.587429979292337,-0.020299185984552347,-0.0028235109857259514,0.03043524490076547
4296,9.98383696600136,12.465596324028898,9.81401503395967,-1.1467133073628243e-08,4.518917017207164,-0.017820628897408042,0.001300570541008682,0.06659412853254384
4297,10.018022053544692,12.509057855431395,10.06090760488074,1.9408742606492202e-07,4.702326670847515,-0.02034735968206512,0.001036751528854405,0.07869207467813445
4298,10.072454040134106,12.502792057029486,10.276597584399704,6.388367158485166e-07,5.088818902212822,-0.02261455685183032,8.643433072609737e-05,0.06505745316557307
4299,10.071946379730482,12.502554922755706,10.276468351398345,6.511691132416474e-07,5.083429241326153,-0.022553771758666817,9.451042199120664e-05,0.06498690706451479
4300,9.995602239905413,12.49553538155556,9.82150256247646,2.7668113318948836e-07,4.60656458205534,-0.019840715490305395,0.0004599984533305118,0.052139757878857426
4301,9.59473867435655,12.07701273223016,10.159727251689096,-9.771278051668768e-08,3.1994858808314306,-0.01000440579415758,-0.003309014260733121,0.0438092065332511
4302,9.732721389895621,12.265297478562218,8.705958107740303,1.3308768261861696e-06,3.262106833613468,-0.010461414658617585,-0.0016891958112090317,0.03880260303047273
4303,9.874974919791635,12.356026884161084,8.87112049699565,1.683952456502535e-08,4.421435241410072,-0.018817906462677815,-0.0003665362702230113,0.025095535988555004
4304,9.78844878738869,12.435420249093188,9.569433482099276,7.828573049129202e-07,3.2305588014391504,-0.012350390396976468,0.0005956426280130241,0.0630380611397587
4305,9.792580159142007,12.44141957811916,9.559284785401228,8.774116948038314e-07,3.221856002540154,-0.012419134367148033,0.0005608554894343345,0.06655812651716708
4306,9.107385032417184,11.24585352680958,9.755676640932325,-4.35722103529606e-06,3.7626628642841298,-0.004182473843170886,0.004589976776858563,0.015006367710137096
4307,10.142749764917978,12.819560935842391,9.118888807642154,-2.8702456647228513e-06,3.711412821343631,-0.016208443900412418,-0.0016219228735698413,0.041917591817818976
4308,9.903598813423475,12.326361510179526,8.632052609216776,-2.821227646536484e-07,4.838168396111353,-0.021040836299390183,-0.0006887116473244539,0.010691455296600276
4309,10.034361754751442,12.631934896949664,9.018598901170064,-1.7016317170589343e-06,3.998810680721793,-0.017264683722321636,-0.0011137763527034454,0.035108478895415775
4310,9.991242911312861,12.49230660260188,9.824356391014932,2.866171269814093e-07,4.594972219687222,-0.01978192837536625,0.000428994659353042,0.052372335674749235
4311,9.74370136288277,12.320312676591298,8.682465097822474,3.840156918833392e-06,3.0750438995846885,-0.00824124385909343,0.004132357148731723,0.07010080675734236
4312,10.055362844189451,12.629578281111073,9.011398702845845,-1.8382861944265327e-06,4.03888761904614,-0.01690690029192928,-0.0012032278579269197,0.034223051397491114
4313,9.643693009422043,12.07746894937366,9.39047586488952,2.192176212295621e-06,3.242560372870427,-0.0061518735840745825,0.0030134390597293093,0.04457080866216624
4314,9.90849667024575,12.492528121034482,10.418776594203251,-1.207346082759349e-06,3.434326428633339,-0.01219222400754294,0.0004220187231334608,0.033076248398137026
4315,10.007402004735972,12.556847500072424,8.97410207929378,-1.3450525865140624e-06,4.140597892395952,-0.0174149911769253,-0.0009807715541366047,0.03179626311552309
4316,10.025751863059613,12.5856462235195,9.045966002099886,-1.576227396783133e-06,4.048020807303893,-0.016409863524736924,-0.0010117102525956931,0.03277489847968749
4317,9.878610169876739,12.366304128373432,8.977320447941828,-6.763875980640532e-08,4.3615181018658635,-0.018246781449451303,-0.00033276021183637335,0.025647919116385063
4318,9.9891023491517,12.492185596911478,9.82469719913079,2.8536556535208685e-07,4.5867523333167135,-0.01994238553853618,0.0004434535407958351,0.052434902400726985
4319,10.0894143910094,12.646251436977844,9.452764248030473,-1.3963313383123373e-06,4.186638809235759,-0.017478520217606083,-0.0013337936787493536,0.03206765606983619
4320,9.67517742769924,12.177015767852255,10.099448733942888,5.977621339232718e-06,3.7515120003377698,-0.011087701896652804,0.007346653483544824,0.05271387777364102
4321,9.805261147912693,12.46443991499956,9.949690537693453,8.341843760586394e-06,2.4458715460116283,-0.0031844705178029342,0.0047693389034776795,0.04129989000170863
4322,9.741651016647296,12.16117196756288,9.234325061252894,1.7896923917461685e-06,4.416204946602991,-0.016942186499616846,0.002399916022657097,0.01680987668976835
4323,10.07190011361466,12.610623044223544,9.462634253695072,-1.2705855303361575e-06,4.136065655109529,-0.017314816563932238,-0.0011831737071502416,0.02900661900747198
4324,10.087725874474836,12.642723504421657,9.452343324147742,-1.38092875348615e-06,4.180292991544567,-0.017516659987411448,-0.0013363589497237254,0.0320324697387994
4325,10.08537361270905,12.648355130548817,9.45221168693376,-1.4640647324669695e-06,4.191729598960962,-0.0179529348031784,-0.0013335332575657149,0.03396975922979596
4326,10.088189713698052,12.645044122192184,9.455453209379856,-1.3603641011252957e-06,4.178250809906126,-0.017362309752289952,-0.0013083381712348744,0.03203077424420166
4327,10.100339916673432,12.676654209065696,9.447266253844806,-1.4149029210770668e-06,4.176306691849877,-0.01851199366818755,-0.0015765011239926804,0.03318957602483175
4328,9.817023115433669,12.37131791778997,9.70824906102278,2.1617239934337987e-06,3.5578980344614255,-0.01271336281627644,0.002043851586478698,0.0346676283869543
4329,10.308698136542512,12.870148213169372,11.960060349569682,6.29799220383764e-08,4.85531164045598,-0.023280762162181255,-0.003052292099494833,0.02145915529574957
4330,9.946531307138503,12.530066899983098,9.766071094939935,-1.4183497609359338e-06,3.6340756525770295,-0.012382625012748252,0.0036186790450812023,0.031667434977888015
4331,10.101670694356182,12.66742652981503,9.406012336457541,-1.6196768564785014e-06,4.119626902807533,-0.01705719842306449,-0.001199215762468172,0.03207104234358498
4332,10.212690429659904,12.762175387611132,9.359833190743432,-2.155339630019155e-06,4.486964451807827,-0.018126940760175264,0.0013876551463002408,0.1042318478865308
4333,9.599045145103469,12.10918424897918,10.700279392587332,-2.2810161517737384e-06,3.282569485953617,-0.012203373911292417,-0.0016370597371172624,0.047082308530206674
4334,10.016641391096648,12.472157435721591,8.572877882358883,1.5238571177601813e-06,4.2613930063706,-0.015412871541321009,0.0007084890190101388,0.1454284856565298
4335,10.085404563325447,12.844011195264352,8.939746197816936,-7.609292344032638e-07,3.056518123424445,-0.011614632146207091,0.0008871020870434613,0.038913439530226746
4336,10.086747327651834,12.84625900851216,8.934194148065163,-7.320542010459688e-07,3.0623036874222063,-0.01171506544964492,0.0008767198859243357,0.03889151808902704
4337,10.074221167663476,12.649424835745746,9.693871479689301,-9.339033000828461e-07,3.8077420387953302,-0.014781004742256815,-0.0006970598254574601,0.0786321584990125
4338,9.7801916063692,12.45655205337029,9.584228532872489,-1.8741245383039104e-06,2.968310430756927,-0.010822564859867052,7.940586727972314e-05,0.05290054208395928
4339,9.820912647878302,12.445103314863111,9.752575191233383,-1.7694886535156484e-06,3.3486141235646008,-0.01317871738733156,-0.0014676417496698206,0.06212667401925237
4340,9.820890245577775,12.445059660570523,9.752687605502214,-1.7681918246794573e-06,3.3486400000827854,-0.013163892043226167,-0.0014679228490294012,0.06211295829082783
4341,9.816177433026509,12.442347831004588,9.750647219275114,-1.7314553052110154e-06,3.338407784826801,-0.013200602098026716,-0.0014511177813604649,0.06224976963618721
4342,10.1694247265452,13.050890769553344,10.047090197995786,3.556801273402683e-06,2.7380555326137066,-0.009033157995180341,0.005750118696996549,0.03881533582792531
4343,9.659245045676277,12.093433338806332,10.153489574224215,9.512682568177321e-07,3.566478006349074,-0.011608345536806028,-0.0026260225820020355,0.031903693795566304
4344,9.557860635958566,11.859716544507666,10.50012334462923,2.7312663358475764e-07,3.9610776763780526,-0.01262587464018889,-0.0044516997085033445,0.028370226809250075
4345,9.837471811646225,12.296348533341712,9.926219186037805,1.7885553692614553e-06,4.305934567483735,-0.015478927448693265,0.004318542151166239,0.07843632778690783
4346,9.490896677373032,11.844574784236672,10.773938305402748,1.201577296555199e-06,3.770219862957731,-0.012168416174950953,-0.004686359071902301,0.03560778737736596
4347,9.956812927728125,12.38747387539902,10.616528379861917,1.6229600328794631e-06,4.728254173056127,-0.019932559651227286,-0.0020460302243330173,0.00945620671778102
4348,10.124223345660164,12.888498148197126,9.19662395111087,-2.505054996618323e-06,3.1645431482826023,-0.008482369327285709,0.009264822098427411,0.022637062919519346
4349,9.892187065122233,12.341221242121366,10.521100287293027,-1.7064879058781082e-06,4.266786730675786,-0.015321995112232397,0.001155810514582373,0.060900782267983025
4350,9.880842091208292,12.318693236226366,11.10456966896066,-4.1392073192822e-06,4.291204339413898,-0.015768852253289528,0.0008803807399537781,0.06083140189357618
4351,10.135441850211944,12.934799256491573,9.216250178654786,-2.274009007971545e-06,3.009017087272416,-0.007906889797881185,0.009101453163048862,0.024088011138169347
4352,9.762743752980779,12.35441588262748,9.627585630768433,-3.0565649881471154e-06,3.375157241013358,-0.012230801255061444,0.0017787300892318223,0.08217719767037984
4353,9.76485994315169,12.35395718618386,9.622890467132423,-3.0464210913102382e-06,3.374068419118718,-0.012221656411363304,0.0017334345058426554,0.08075319689458964
4354,9.82670857419338,12.484630556459432,10.1257290527849,-5.597987448282595e-06,3.1052422196470433,-0.00862585565884558,0.007247084533340621,0.05254719437864591
4355,9.815415170617621,12.439769044805674,9.869068507344604,-3.893171435704743e-06,3.174212574703008,-0.008396428821336437,0.00576278855298748,0.061949202548820616
4356,9.794461251840758,12.452353717569196,11.25511218927719,-1.981498171162476e-06,2.8261154639647175,-0.007078598567845399,0.006108362380500533,0.03780153344498438
4357,9.780334817383938,12.383153866268508,10.701065219686408,-7.695537664168551e-07,3.0659787588745484,-0.008322141395443664,0.00562635236567403,0.039943944207829096
4358,10.609841563424949,13.6195544209545,11.5828347870926,3.1406858911546437e-06,3.0361096927286795,-0.013997957175443972,-0.0006192655344528421,0.023454050407151407
4359,9.675921869068056,12.051700281324678,10.015996759008337,8.466545530848004e-07,4.402333946954858,-0.01571801962580453,0.002336780404313226,0.047848550437731646
4360,9.696804693681381,12.25229719609975,10.062313898407256,-6.8359387061174475e-06,2.702386852424021,-0.001126576328160156,0.008731302284632939,0.027407245799186217
4361,9.495413179870527,11.75359143733259,10.17805484770911,1.707625281507792e-06,4.291654956217619,-0.012512525463319988,0.0005375391817094869,0.021531813675292777
4362,9.793085223896046,12.289623900542717,10.913383494638609,-1.521810079569104e-06,3.66218598814362,-0.00982003098773378,0.004169654456218139,0.0360803912873456
4363,9.628880800990597,11.848859335841048,10.282914613726966,4.142828229577567e-06,5.287385603637449,-0.01995453253405166,0.002616001258277927,0.07138817729992893
4364,9.639020271526253,11.876076138152923,10.32184548129155,3.7930420775699007e-06,5.187031037516252,-0.01932873648054577,0.002711937899596122,0.06920795432164806
4365,9.708647713598749,12.064808771627796,10.678034140131343,-8.584985812207743e-07,4.249775670720171,-0.013088379400830928,0.0027848031595415646,0.07428735582150124
4366,9.621391632418538,12.241701405730703,10.325103871225714,-1.4676879505381246e-07,2.4262409679699743,-0.001969818465941242,0.009638447756426808,0.024518365416461713
4367,9.657949833699934,12.041103035887929,10.80532641124457,-9.878130134102187e-06,4.451308236707543,-0.014047292088853254,0.007642261722710184,0.07539460199398751
4368,9.70981273681031,12.0636139860804,10.677675105197556,-8.65274473058525e-07,4.24574895780016,-0.01271051591472036,0.0027983574012021726,0.07387426363634927
4369,9.960114249026592,12.44780181841754,11.484674149333085,-4.1980524850897685e-06,4.2122431884147264,-0.01296949695138234,0.006783865583099018,0.05213225002958224
4370,9.823808965738799,12.253514439454293,11.282523298472144,-1.9393856544567365e-06,4.052311875226714,-0.011267558752501385,0.006810087997750666,0.04494635639302949
4371,9.721649928499277,11.976048041332108,10.664421509345182,2.3201568982590747e-06,5.099332311792734,-0.01816049796236593,0.0034194430116597863,0.06335148114473951
4372,9.711218155161308,12.075313922640753,10.142898860423568,-1.6139775587878002e-06,4.253733052392452,-0.010302822098569822,0.008355769465638657,0.05141528955243387
4373,9.697292931196925,12.050687678906476,10.634413814702402,-7.132254202803694e-07,4.237419235059979,-0.012784788854172132,0.0026038446052274672,0.0753064229479459
4374,9.870486443767453,12.380291590570865,11.564940140496612,-3.8856129221466966e-06,3.573917846230758,-0.008118106416072825,0.008359307343564909,0.03653687222572733
4375,9.863716993979551,12.563103065118474,9.60498497216127,-1.8140963972506848e-06,2.834562420422027,-0.008471024293003122,0.004675652980321795,0.043502144814897635
4376,9.704131172980544,12.057911084961148,10.164566604965108,-1.57095987983484e-06,4.264538637783837,-0.010012862992856517,0.008808046035462348,0.05217506747763422
4377,9.716632730655693,11.892242026777062,11.077600837715488,2.706606726315955e-07,5.625762648277849,-0.022013668535528302,-0.0004882987327052366,0.1046699041369888
4378,9.838546929955855,12.332447601071785,11.53271978891371,-3.0607188596772605e-06,3.720679526556207,-0.009805398592975469,0.006541032090994516,0.04119031476178514
4379,9.66163995440936,11.932110174939108,10.771804468000674,1.0992268006846595e-06,4.894396330175781,-0.016886871730972204,0.0033260288381958885,0.06743551261105678
4380,9.795717380502142,12.255259210126294,11.11788695694829,-2.7878716990868954e-06,3.8366631621054896,-0.00956822916392166,0.0072590647067577565,0.04415283006637883
4381,9.789244397647376,12.191296313137649,10.94725052086516,-1.5483955870550163e-06,4.230970167189891,-0.012575215320559763,0.004334316565566809,0.059477197900796905
4382,9.829002177704114,12.207332597781257,9.980107231021304,2.054786921719959e-06,4.490499909974471,-0.014827709945736107,0.004046132062964352,0.036003610062769066
4383,9.882312095216191,12.236638801631402,11.216957108810126,-1.1480789422793205e-06,4.740423888258064,-0.015278677989804014,0.005304854871635638,0.045240817341284045
4384,9.821864115253938,12.369342755014774,10.433655739549222,-1.5334847173234092e-06,3.451091893476265,-0.01057890483446026,0.0038004713890061495,0.03734035620722602
4385,9.800232609236714,12.347385363253215,11.401594135203178,-6.335922090650586e-06,3.0490732517488968,-0.004800222509886123,0.007799011708721533,0.03843383640825834
4386,9.673429565174944,12.293281123522185,10.433811953787986,-4.50313773851699e-06,2.934053081110347,-0.0070287535224313955,0.006850578410855803,0.0646596546940038
4387,9.686419967808384,12.068770461011178,10.6679760529867,-7.89200272461177e-06,4.4578313404997765,-0.01417718566719289,0.007043718076434034,0.06883832339122649
4388,9.148951723995724,11.213070008901534,11.303674783566183,5.039887262445401e-06,4.938429917060676,-0.01540564610763536,-0.003796958609836246,0.0776331514964487
4389,9.703342510564257,12.058103652246055,10.939534410292628,-3.0468778580522555e-06,3.9445224059930286,-0.01074132332842373,0.0012215166471422551,0.03848233091093328
4390,9.741675521697672,12.22163742449175,10.595844097672693,-1.5376479540196e-06,3.752276797034408,-0.012030336919257143,0.002365879745874346,0.04283759117571936
4391,9.808148171206614,12.451797454881913,10.231725043437978,-2.957093390395612e-06,2.7611191379136075,-0.005664262480314264,0.006477992125526048,0.03212641440852945
4392,9.86078657362096,12.255315953561976,9.889235105939216,1.7300075472993987e-06,4.397269137740729,-0.01442081998546324,0.004507467788663183,0.03309773972242204
4393,9.749474171707508,12.116295327831027,10.826965818675545,1.9507816849906576e-06,4.395855740318213,-0.013823977099009638,0.004518797363164731,0.05708846180596688
4394,9.754828517259474,12.420017956152469,10.050711842777067,-2.602205627764144e-06,3.050127435963472,-0.011148244238999816,0.0017645212635608893,0.051960443208130216
4395,9.974814666307147,12.485558121631634,10.897594454171257,3.3973977397343096e-06,4.4709819877814905,-0.017642944377253035,0.0030920658658054154,0.059643391370610456
4396,10.083391321732746,12.635703796123186,10.033985061438363,-1.5397823984002129e-07,3.997655735200341,-0.015740741913350037,-0.00022637462769237775,0.01980317338432155
4397,9.776546598787958,12.15670402004054,11.29423493910663,-2.016827492079291e-06,4.295651289613935,-0.012590627549006642,0.006979402020289521,0.05002099254018606
4398,9.736670611986046,12.227767658315802,10.47748645402508,-7.34186265101632e-07,3.7067955115921176,-0.011563482684565717,0.0022518752119304753,0.04011184194648179
4399,9.997008114309645,12.540002458174458,9.881087503695701,-6.035562329485867e-07,4.070834814192653,-0.01597621468923127,-0.0006202320910768892,0.020795349820606556
4400,9.6287298685226,11.9559702716427,11.440282525517413,-2.535445962480426e-06,4.302217695825257,-0.012351749724000875,0.004683420544597713,0.06398574953726482
4401,9.262579581080253,11.359273722665264,11.667338678806807,3.845605865531003e-06,5.135477832732478,-0.01674454330447238,-0.0007005156759047672,0.07994151201213374
4402,10.014251008875696,12.481048210423827,11.612178952262187,-5.522024941649743e-06,4.048654111815397,-0.010370221332047232,0.008103440726421359,0.057847105433026146
4403,10.543193347540692,13.511854531851183,10.94253203225306,-1.8895937350130997e-06,2.9969426392482807,-0.01201228938361075,0.0022975563557783435,0.028750005798436593
4404,10.210192721690138,12.584424143428548,11.91674407419494,-2.2128389429765284e-06,5.471213521061298,-0.021381203579181753,0.00630916127595081,0.0581384239234866
4405,9.870604153950469,12.349128097200133,10.295778795750662,-3.760309895190131e-07,4.122694864804619,-0.014743625770145062,0.0030677152946173973,0.03023962266249824
4406,10.149695346396268,12.918805450651329,9.279761928392178,5.111573535258724e-08,3.468581759854884,-0.01685081900487584,-0.0029649143884136276,0.024167829795260644
4407,10.505139028228474,13.468141558903486,10.820780005855829,-1.7063319827733591e-06,2.9876411699666856,-0.012327756039993157,0.002332127648339265,0.0231678928213971
4408,10.122551145364197,12.823312466176782,10.636220579470546,-9.189499065466773e-06,3.2381795029755853,-0.009635840893934535,0.004739583227096668,0.033934896332555274
4409,9.249914027001418,11.32601151104256,11.68531541216226,3.553744842209281e-06,5.06028369392644,-0.01577284810749379,-0.0003479145024797688,0.08353131380814795
4410,9.865201817802449,12.307511978704436,9.930204404919447,2.0548156220666928e-06,4.350788273219339,-0.01512131251862256,0.005129948521476869,0.046246120391614715
4411,10.13364781757466,12.805522075489444,9.889382336445426,-9.48190711321564e-07,3.8407167267087345,-0.016717129104567574,-0.0009664469827795013,0.022819368112690648
4412,9.718517707740055,12.289432181925598,9.250943018508734,3.242383600228683e-06,3.20280705435561,-0.009431973264320215,0.004562627720875874,0.025596902493955784
4413,9.740632358631768,12.13757758872086,10.583298872097917,-5.934380271570421e-06,4.40090761140752,-0.013868062760187837,0.0060713936040143225,0.05829510452424018
4414,9.742410848430405,12.146635721594883,10.564145842837904,-5.891612060043401e-06,4.411088156697892,-0.014989542264447583,0.00600185187031069,0.0574824421792461
4415,9.732796865751071,12.07024261807743,10.565155556336228,-6.168400184215988e-06,4.604301047712299,-0.013228512504141608,0.0065137032053592635,0.0607108746599514
4416,9.656274991488784,12.065254954288005,10.679062932166843,-1.7168902599248416e-06,4.087516272713715,-0.013689271667441152,0.0019999132208327218,0.03348602004512615
4417,9.881832494215356,12.384048854186217,10.620849801383358,-5.149800532560532e-06,4.1611802013466495,-0.01422135152602656,0.005335438813449671,0.05190678115326615
4418,9.984507282742717,12.656563567172894,9.224577435543953,-3.646696832250085e-07,3.1808958100275726,-0.01136209807162948,0.0002175577942665572,0.1004984238735153
4419,10.163205510668051,12.964065106304991,9.488326396141526,-1.8573019225084885e-06,3.204761301010883,-0.01322764732712783,0.001638675775350801,0.020871952990585228
4420,9.554891606159952,12.053114398230573,9.229518714434764,-5.471602678312314e-07,2.9012972273319373,-0.005081909267847693,0.0027512640957661153,0.04092107538124386
4421,10.047547196774303,12.713526879546754,9.500760604651797,4.597549013270814e-07,3.1761544506627915,-0.010000309598733511,0.001967094878446367,0.09817961008264245
4422,9.571027548355964,12.010921996613448,9.89629596370339,1.532086682732552e-07,3.773271271166137,-0.01341401739797122,-0.0009048150928198965,0.044522878304549166
4423,9.554542399277622,11.880065549756226,9.77503626778722,8.1963811955393e-06,3.8699722171041646,-0.010430257419437232,-4.7374372041876674e-05,0.015716179734435523
4424,9.678145421922716,12.27952212872422,9.644206949628815,1.1104807623495746e-06,2.7813890189232655,-0.007422809890208798,0.0007522362998435328,0.07534070214932267
4425,9.711726418768892,12.197103689682852,9.534996945047288,-7.38240048315162e-07,3.854219304941687,-0.01567608912305852,-0.0018973123166108688,0.022187922169942143
4426,10.054388521864292,12.820654883281186,10.117590678524962,-7.97532727034936e-06,3.138816797648406,-0.010785980057186737,0.004894252602175079,0.03032343872065841
4427,10.056859892622493,12.811915223757875,10.133730396025708,-7.803583119523994e-06,3.184003981015451,-0.010874933148010218,0.00472450917973282,0.02996652702318387
4428,9.518414664458096,11.895744898606168,10.010706394817776,1.919891360300128e-06,3.3241835327738376,-0.006704843813866768,0.0015994408353712363,0.030004399497481658
4429,10.140958821332962,12.795177084522075,10.423719204594343,-5.922728607311363e-06,3.8245518205721343,-0.014504045189566658,0.002762580011158588,0.023348988761592818
4430,9.849275867704483,12.550841059903878,10.572203949373147,-2.865945256448241e-06,2.724089026468455,-0.007573608850216337,0.0021874051086372024,0.05850004203359167
4431,9.85008704820758,12.55145202071224,10.570014884115004,-2.861421298578451e-06,2.722361521486689,-0.007451983503649894,0.0021789331268872534,0.05857667679838316
4432,10.115211763327444,12.810716363189457,9.291709419099213,-1.6696600223535409e-06,3.54450346033089,-0.01176190483757704,0.00652190651140749,0.06508212384200235
4433,10.115391396354688,12.80368779991142,9.299067804993449,-1.6340100102126195e-06,3.5249787453138057,-0.011800954928597233,0.006507432877582461,0.06508054802441317
4434,9.8745985291716,12.467437617147253,10.299331184465467,-4.651483715936162e-06,3.594860950494967,-0.014932550730641396,-0.001660869448921127,0.0466080145718139
4435,9.640872882403556,12.169211761443758,10.610929471960556,-2.3544088886671815e-06,3.145366579619932,-0.00944771802428179,0.0003706655185601641,0.01646529624447278
4436,9.857264477042458,12.422242496965548,10.217365491445094,1.6568899628889145e-06,3.3166248578431494,-0.009613071809505071,0.001995887021276266,0.0435688400093224
4437,9.940771371487624,12.670605644911683,9.401401772108125,1.9050949041192376e-06,3.06948034104345,-0.011708701424489765,0.0010369850121261872,0.052792157487023955
4438,9.44945467255891,11.61381766667044,7.221122007051288,-8.14922515799549e-06,5.34351164902371,-0.01885225279180662,0.002274493476854874,0.2264980190182689
4439,9.589840506884181,11.857642087345926,7.705786947890322,-6.737311425280494e-06,4.805327534942517,-0.016881919743746223,0.0014567161207875456,0.1828876700705693
4440,9.588112662220457,11.956739268090102,10.271484381686872,6.363240571947153e-07,4.364932709180492,-0.01377527890634654,0.00652861893075653,0.1124092472693987
4441,9.578722706570183,11.81162297484177,7.712418971305349,-6.367705211429686e-06,4.943652650904852,-0.017106503876368622,0.0014426967414841523,0.1908589479105507
4442,10.133524666949132,12.8539818376034,9.594993108524434,-5.67292311253185e-07,3.4096598432951186,-0.0131919045732729,0.0009912891750747327,0.01245482776456766
4443,9.820845879648727,12.373952706859509,9.450416949679388,-3.467895922959854e-06,3.5633042897155205,-0.012723776735154376,0.00010085156635064676,0.06511768707119128
4444,9.948449254764805,12.68009472632508,10.630745296573854,2.9796284481249595e-06,2.624048254350315,-0.007493514719246752,0.000847457420126367,0.023104675687622964
4445,9.65532410437777,12.170694099512358,9.963537224136246,3.2639916351028923e-06,3.125031661421698,-0.006013415627633744,0.006675403155194472,0.075595293584963
4446,9.646800087739965,12.169028872812786,9.955137127933424,3.2585455083140736e-06,3.14789826236776,-0.005875961774870769,0.006748947833631034,0.07650310561209848
4447,10.074394116729804,12.865887311473626,9.439676748446301,-8.662041364681002e-08,2.5684455291702557,-0.006824739075136296,0.0035001793637799575,0.037642601633877885
4448,9.61849512776656,12.136886856413724,9.998589623826685,3.5884752948930895e-06,3.168356325687755,-0.006562154303320909,0.006932068601814495,0.07959146520457812
4449,9.578165577641904,12.061663168797285,9.905777868773656,3.614413427553351e-06,3.323122842585815,-0.0070969359193737945,0.008455693144574145,0.09012565570171653
4450,9.808114137364312,12.18585141137446,9.25037457938467,-2.680579120097943e-06,4.406426625064914,-0.014446651140856276,0.00263657893392672,0.03166389933544591
4451,10.08121665043987,12.81354244455957,9.363513597399741,1.6211735665763586e-06,3.5862831378234303,-0.017166281471754127,-0.002817846462081112,0.05728642073426901
4452,9.749579346040662,12.28393663209255,9.115461478224333,-3.867980798078786e-07,3.5114831549660668,-0.011438263121708342,0.0037788837890273346,0.03358458508056372
4453,10.002459959071492,12.780595876289286,10.501142608622018,7.031617003089001e-08,3.042087900233263,-0.012597860387523929,-2.693075028064283e-07,0.017142019518968946
4454,9.817024877822762,12.475417921733124,9.4502484607625,-2.0891021639207337e-06,3.253109269165832,-0.012642100193048164,0.0008612868485267178,0.054355924620097
4455,9.642366973658095,12.230943670386957,10.07187376471492,-1.6619472379115587e-06,2.7450194730821655,-0.006184499221830092,0.0023202117848908363,0.038998636169641734
4456,10.046046779038988,12.467267477525564,9.040487354416484,4.230188350690805e-06,4.8884486426831,-0.02135206644507224,-0.0017027796087545595,0.016307296203748975
4457,9.960397693976766,12.463098601082486,9.443871573518742,2.459454148159863e-06,4.440915264375905,-0.018773962830142675,0.00019638631808598225,0.09044753903284905
4458,10.047427963971282,12.476850092768512,9.043284859439376,4.1553410871433505e-06,4.830872943328715,-0.020865355185691287,-0.001591738930945696,0.016650380497936424
4459,9.890940924203727,12.412683493838667,9.528745820516855,1.1305586686604231e-06,3.9141239753334784,-0.013230017193664368,0.002199996372755369,0.0754175740616347
4460,9.91611874683283,12.430958784097053,9.49797921931038,1.61227837409421e-06,4.105083872855433,-0.015239677020298143,0.001473695124666944,0.0808658808775633
4461,10.01855367058516,12.504955692665929,9.280493545354366,3.371853717983138e-06,4.483228861023866,-0.018264824370457546,-0.0006475686921772915,0.017440713695362986
4462,9.872550619081652,12.39163366101162,10.967661426505313,2.4632711551602277e-07,4.0537245431449245,-0.01606315223370666,-0.00045984083479549704,0.04983089508249224
4463,10.036321337703992,12.549531660251697,8.939141800197843,2.6843575470450354e-06,4.445691634547957,-0.018969216143486026,-0.0009484053263751685,0.01484530017711707
4464,10.152850281344175,12.86609909305597,8.9374634258916,1.0351835481496803e-06,3.512739590440905,-0.014818295140122614,-0.000990292261482183,0.09339656290280672
4465,10.143353076568726,12.853416094497543,8.949055275874208,1.0188345409775262e-06,3.483867616674381,-0.014393015341221156,-0.0008576690265869784,0.0910184049314382
4466,9.935101864101501,12.486315317574336,9.79753785538121,2.1086334072605103e-06,3.951891885392111,-0.015685074909723047,-9.364896787306469e-05,0.06144844300508428
4467,9.51325200233576,11.801628674779874,8.398480266300997,-4.2582463790790976e-06,4.217189859551582,-0.011135454678775442,0.005679104656213617,0.08024928871646349
4468,9.512819351182646,11.78062746430862,8.358733412467416,-4.264340637968976e-06,4.219108774270651,-0.010453063442011128,0.005683856337066909,0.07932300454006058
4469,9.533683962286272,11.81126828010478,8.425721125008035,-4.200558005881008e-06,4.1312287781431865,-0.008689688611407384,0.005563937931698912,0.07540336359086197
4470,9.581974290062766,11.916145150076538,8.810622105034305,-3.874474583568375e-06,4.146895056472527,-0.011694921530393565,0.005332846114519825,0.07259200490702462
4471,9.836988373233396,12.377836406065049,9.677390553484296,9.577862143986926e-07,3.6773602346348775,-0.011679799191291536,0.003908926787065923,0.04032787326973209
4472,9.809709432348694,12.314457713590825,8.937654685231475,2.8718563211929963e-06,3.7902204277618834,-0.012420667913172263,0.0014659375798377755,0.045412961486905226
4473,9.8128483585042,12.316499431626108,8.941615379564453,2.788808201419948e-06,3.775406690379184,-0.012078332522433248,0.0015791846173629758,0.043898335925829576
4474,9.810024679812976,12.348049520355772,9.5273285977733,9.67075330831133e-07,3.6915848452620303,-0.011841117260537878,0.003931449143918302,0.04102825680726779
4475,9.956817183941151,12.779656625662131,8.790441513309618,2.861261090557452e-06,2.5522297606223847,-0.008740166949680828,0.0014453644796802306,0.07223268317298079
4476,9.92777885875959,12.478132970548687,10.182669915832124,9.265084744444185e-07,3.6294640030198777,-0.01113661893765713,0.003833090896116607,0.037969585017601705
4477,9.871915231230512,12.424755646262817,9.703633671151973,3.122518877465376e-06,4.057063873870803,-0.01634920231803931,0.0016821731163144877,0.03609083661550943
4478,9.65597950878551,12.127492213444814,8.028363475219257,4.603994117450126e-06,3.7543083266815063,-0.012932169459694135,0.0014971613849936532,0.05255061231146925
4479,9.960760009423899,12.664525019028524,9.2411683539049,2.2035751003279954e-07,2.9286174511778498,-0.009281443956479087,0.0008568166542247749,0.023821832536863475
4480,9.75255737209516,12.284043959039735,9.310730888659808,2.5005998752825345e-06,3.430736748264442,-0.008382956881679803,0.00592757750687648,0.04449298568984133
4481,9.62770353368089,11.94166010577498,8.818388484503977,-2.934185212325197e-06,4.122703766278004,-0.011563036874694524,0.0020488732276655237,0.034515172456096144
4482,9.728702389640052,12.1625676656728,9.981697134736605,6.313346280774546e-06,3.8592431410846193,-0.008078442890246257,0.008679335281062427,0.02974789118614979
4483,10.177332141520573,12.696642473718123,10.71686371057354,-4.089942852508249e-06,4.7892124828957705,-0.021929509360218404,-0.0020811736573109387,0.04822814561714418
4484,9.883706316191063,12.43012532062178,9.855458868719422,2.3928470814512392e-06,4.004148865067736,-0.015403484036713091,0.002028531349634005,0.03672774629318264
4485,10.119001814196816,12.830187048069982,9.569639963235101,1.2931132128888997e-06,3.3231430413613094,-0.012469414993051922,0.0010590111589317685,0.014365030297634808
4486,9.817286161541537,12.284772804499124,10.494878749191106,3.754097579912509e-07,4.1425631562357665,-0.016433452603642398,0.0004010380716872272,0.07264094042688833
4487,10.03554767549446,12.668051850304634,10.063086361175426,1.2597998114126783e-06,3.7653598444288585,-0.015458487704072212,0.00021945985482889384,0.030269422828722622
4488,10.136418441709507,12.739600147717075,11.653192758740564,3.6261409078315066e-06,3.7258348452330647,-0.010464353933813904,0.007513486592051572,0.05155129381088457
4489,9.75969421355417,12.399296858143938,9.23268396969661,-1.7222242569724037e-06,2.9228748960069866,-0.009566295714080457,0.00037571984566227377,0.05649272715815112
4490,10.137897339185274,12.747417576451676,11.530780868724896,3.2178751865775106e-06,3.7480680463202023,-0.010945076727105605,0.0069854203112181745,0.050970973152887594
4491,10.137880382205722,12.747321712330342,11.530549153235354,3.218931263180341e-06,3.747997773932525,-0.010940557892916224,0.006985234903324693,0.05095679087426631
4492,10.062478125060494,12.763638031184152,9.949503902192026,-7.43474706405682e-07,3.377116094810179,-0.012698624505018904,0.0025926786250593916,0.03428505642046364
4493,10.018989716695302,12.745792306899872,9.080145093927303,9.456213887824649e-07,3.439709920796089,-0.016051288723610106,-0.002444119421914003,0.0367739966605216
4494,10.151139986833297,12.883763144085012,9.590759581457428,-2.7633658238614726e-06,3.68642845878376,-0.015499755252990674,0.0021051338208524896,0.05563064018829664
4495,10.137516776743308,12.746803728030628,11.541113695033214,3.227883256615051e-06,3.7539386684119185,-0.011367460847316407,0.007018334495443442,0.05093862606440838
4496,10.01560848416405,12.638133508970236,10.067880718782275,1.7369621974441477e-06,3.7371239613358993,-0.015340333312704518,0.00014378785918476217,0.028496314845853236
4497,10.122591313224538,12.734028508893193,11.433428808814144,3.0636634013505604e-06,3.6846981618242127,-0.010452705674616954,0.006829755138044518,0.049448067398047094
4498,10.205650875463196,12.870868964440378,9.725327443396305,2.427944728015347e-07,3.4977368980123296,-0.009285184526150013,0.007890716570418267,0.030064933915313508
4499,10.082277699136114,12.792541080125838,9.40197964563132,-1.2176542649394278e-06,3.4734513906721953,-0.014629872867893474,-0.001435992028043872,0.01709941612046218
4500,10.032394160071348,12.66657294315604,10.106566032777298,1.3387394282956122e-06,3.7508422269687074,-0.015287304475439134,0.00020553421417496008,0.030260341339106503
4501,10.200984291907403,12.74779130213877,9.879685760505893,-9.698827956933985e-07,4.346646317496435,-0.017322352939765723,0.0009493498871168493,0.020354791152897955
4502,9.7027005485791,12.165989506036915,10.862925915835651,5.992463535928391e-06,3.908034665410996,-0.013258070639936653,0.0019228759085294573,0.05999123512130928
4503,10.007211003116945,12.69395071443502,10.817518303577586,-1.8149506541754581e-07,3.3616899036126364,-0.011421268837562504,0.005338379614992392,0.027125430817707265
4504,9.935944879228797,12.467206106407254,9.703713038996192,3.9081969563579134e-06,4.077359850422893,-0.016896762394691678,-0.00222703924714826,0.032077634832689654
4505,9.93504997998279,12.468334402870074,9.657074375056743,3.924076962214955e-06,4.083173432281307,-0.017159237852605272,-0.00241797640616611,0.03226619390204183
4506,10.223033583898108,12.89389000390114,10.022230036695277,1.3152161939517577e-06,3.8887851684229178,-0.013592756043278342,0.006189294247148325,0.04683316418307689
4507,10.312044553452514,13.007202639045952,10.036320396200336,1.8284227706532855e-06,4.123867837756614,-0.01824298556615868,0.0007762173687128091,0.04094753308239639
4508,9.841719560610352,12.478488412488652,8.946163676452347,3.7150419335388705e-06,3.075080547912896,-0.010145401450082308,0.00015682505036256175,0.07585266539844965
4509,9.831692064469712,12.473855989394602,8.942980837483903,3.7669819648136606e-06,3.0735855630431628,-0.010764461013707496,0.00010814024059315638,0.07591314835760865
4510,10.310480159686987,13.01760820353495,10.024571588486232,1.740606990487778e-06,4.075883404222731,-0.018000190389301715,0.0007121909349355005,0.04012044790366031
4511,9.862269098536476,12.340726808821964,10.01451231615652,2.7950978432158126e-06,3.933828972222136,-0.013001660120191367,0.0024836717882982216,0.05198658294211023
4512,10.114604845563646,12.892424861273488,10.086202184923518,-3.5138849371498806e-06,3.0176006370785227,-0.012307183973669424,-0.0011077549406871153,0.024996898629247935
4513,10.12155525789459,12.895250563758347,10.090943483275282,-3.4750896710655022e-06,3.0529252522839543,-0.012756385442782035,-0.001151755748915464,0.0269045869752672
4514,9.98687227329916,12.606940436047246,10.047201268828616,-2.3434117069429014e-07,3.4814680456348706,-0.012301552150248298,0.0007361511134258685,0.03973982064576567
4515,9.918216891609568,12.502545356369897,9.90156543180347,5.487651220787724e-07,3.639647880589451,-0.01303058986565326,0.0010120443599099217,0.04848594953247946
4516,10.108647144450217,12.784969701232594,11.044390575659044,5.420076519553059e-06,3.6980586811670526,-0.015506533233038147,0.0007553749553679988,0.02026788507483554
4517,9.938469098743456,12.715427854180737,8.828081892444626,1.5234881285983242e-06,2.6538181184623046,-0.009421222910463937,0.00040803814082570754,0.05504651786378363
4518,9.747663850522311,12.298247521132526,9.964891824807829,-1.2961718895716905e-06,3.3741720495510856,-0.009532397530153888,0.00405319340009262,0.02796896583628629
4519,9.853005059499413,12.532305066711952,9.360168065036195,-1.7465863349571963e-09,3.2139037748856927,-0.012776182157513364,0.0008722643614881872,0.09138369298505716
4520,9.601466319291628,11.726361469982344,11.722361093580696,5.784596837577782e-07,5.837621126886718,-0.022684033114490035,-0.0019600147875297883,0.061026579306922867
4521,9.961735501524855,12.682556825516455,9.775874256093513,6.268877981304663e-07,3.176300153558132,-0.013107851478248491,-0.0007949791988115005,0.025733425046334985
4522,10.232183238163904,12.677251033989489,10.509740993081984,-1.7883770710299412e-06,5.348124107761928,-0.0246181698430975,-0.0015241615594377652,0.015068407827470744
4523,9.876554606017976,12.646633574523264,9.443436429211657,8.34896446164986e-07,2.699480210516696,-0.010256903980457558,-0.00034615514695575736,0.03985343672555369
4524,9.877285216637665,12.412010989477746,9.003667735384047,2.3646056417715683e-07,3.9522345884449392,-0.014634482453958604,0.0012583449415304309,0.03889697520606553
4525,9.480138444225872,11.758926318355204,10.702524487096772,-5.108013146598677e-06,3.911701756818169,-0.008021331893304989,0.004467585445314856,0.04845978251855816
4526,10.017772923146625,12.698152444022808,10.014299837823447,3.7761657685087215e-06,3.003201698930316,-0.007770359492230333,0.004321077990498686,0.04893882352778755
4527,9.873468598628351,12.40565268413075,8.996629689418551,2.2833273484468081e-07,3.9948424400906832,-0.015147279947006714,0.0012994460252406571,0.03943196620439647
4528,9.856372305260582,12.490197835162148,8.640316102393065,3.2851337468520024e-06,3.3147542891197297,-0.013655632468637184,-0.0023908580144629456,0.05511638476469294
4529,9.629491982645877,12.170336684773282,9.201675236697245,-3.5876860597145167e-06,2.987087620734173,-0.00739121055959456,0.002714372476278197,0.09020149704658527
4530,10.080056248691196,12.960388741844453,8.592659147192505,-3.4838437450040494e-06,2.41317836401649,-0.006731127102775791,0.006090241241746106,0.05064834416350865
4531,10.056260641648036,13.028202079122511,8.321108391018837,-3.905408429467139e-06,2.054670402570116,-0.004193608197933869,0.00785652345926925,0.06246587306376336
4532,10.225501052653884,12.975118221799898,9.063736493065711,-7.610161631350133e-07,3.555114376326447,-0.015022654939054195,-1.4648045180280442e-05,0.102343596212656
4533,10.228557104702924,12.97910341568196,9.067100374170442,-7.770060642475293e-07,3.560439638528884,-0.015095311783964414,-2.185243009960409e-05,0.1027500001299741
4534,9.692023777366627,12.025749799297856,8.3670055194296,-3.1548968282417703e-06,4.533275281647209,-0.015489561204075497,0.0017462155455656382,0.1767839507142026
4535,9.694434700873675,12.029918902746484,8.358028417264977,-3.204797058324317e-06,4.535253002420886,-0.015639487647363528,0.0017154898600147885,0.1766570512520195
4536,9.707031659492916,12.05798476312901,8.39564437648213,-3.0127266085868786e-06,4.449748564637343,-0.014876482249803792,0.0016449528231505955,0.1736372334301708
4537,10.215936704808826,13.034612336412016,9.669197900804388,1.850622537129522e-06,3.360270156519428,-0.01449328218062886,0.0013554962235938842,0.039277650531327896
4538,10.317784293918892,12.918201501590792,10.509998124251378,3.1235792558136898e-06,4.252670180199866,-0.018779039139407535,-0.0022675856194930835,0.030320121905609353
4539,10.139401279301582,12.809488987986583,9.85333097857763,1.801429279307896e-06,3.8213932721824273,-0.01594165037052158,0.0001928575938887885,0.0302576424304839
4540,10.186257498938904,12.82431315502545,9.769057103030761,2.18773542561507e-06,3.945773933457024,-0.016533863271497362,-0.0006856075477998257,0.03582134054350924
4541,10.13984486758632,12.807928582915354,9.852712027356327,1.8011765994546093e-06,3.818027470319605,-0.016285600251160118,0.0001995876077214608,0.030487919397104712
4542,10.178332959550092,12.779162085462534,10.017849534302822,-2.279560010189661e-07,4.0893105290095875,-0.016508304745068834,0.0004856320821588582,0.04326592945742739
4543,10.467508660442366,13.285263318639004,10.585663822643076,3.2956191993043975e-06,3.5089656285386774,-0.014985186286683811,0.00047224459459704486,0.018496125014856223
4544,10.176472658520266,12.839713565582526,10.288323108345743,3.528979983784214e-06,3.9012857512600503,-0.016568774092598472,-0.0004699715871096079,0.027642941243766428
4545,10.152811460469596,12.81052382651591,9.769853571255695,1.7701483954988549e-06,3.8573231526180622,-0.016271861557199705,-0.0004844367804376454,0.04078144837594462
4546,10.205627256464968,12.9589039312864,9.267858641091557,-1.0129917593020974e-06,3.459737371334191,-0.013323095543602797,0.0027243438792475608,0.06424908992058175
4547,10.285932930617282,12.996146606991845,10.500523220462016,4.421242038250477e-06,3.923951898836605,-0.017957487205582552,-0.001413461461680074,0.019600151599490884
4548,9.203579414535609,11.208709775986986,9.621592764489868,3.4542827429422153e-06,5.260873453593197,-0.012046972865532636,0.006082795248859619,0.04859726529361871
4549,9.193430796754871,11.142971881462891,9.604857101131659,3.529599193984055e-06,5.397940781258506,-0.008775520223079722,0.006420060342456478,0.047277224550334715
4550,9.910848660196438,12.566766527524402,9.107023907255279,2.780493495594563e-06,3.382795046601827,-0.013593907309299574,-0.0005381316264629059,0.036653560342323664
4551,9.139892458512323,11.035440471395797,9.60917187312194,4.1002155061794595e-06,5.7385856097945105,-0.011735157774495008,0.007170848503073214,0.05694667245985401
4552,9.93278433777603,12.698260325693036,9.090091958015686,7.372591851109922e-09,2.9972552804669017,-0.012197902840639851,0.0005279971268504368,0.08344670963590929
4553,10.4519184549823,13.457823500032612,8.993100384331678,5.438320890687653e-06,2.8266390776499666,-0.0125984412156488,-0.0002804592224506606,0.05931184752392078
4554,9.862222479468713,12.33595774107,9.496399332110485,-9.813220011220347e-07,4.3486843873938,-0.019515910674073524,-0.003174865443248368,0.028714527691910186
4555,10.473518075293857,13.494954811056488,8.981083327206909,5.579370762670232e-06,2.8063701630531845,-0.0126929015878751,-0.0002609766830497113,0.06072428225351837
4556,9.694887749346512,12.084342748101497,10.322663476751169,8.145613012620063e-06,4.355015841217349,-0.017255942646297973,-0.002113966811609718,0.04419941287793326
4557,9.162546943509694,11.0650568482066,9.615237809573433,4.0417857967517855e-06,5.67055017249321,-0.010039091860230843,0.007136896426105594,0.05750591224806834
4558,10.148928522703065,12.577438532381342,9.49097142933368,-3.915513775689952e-06,5.2271239894206225,-0.02341755199847138,-0.0011974389613398102,0.03289139103634037
4559,9.216220718929328,11.433099051372768,9.218186335531302,-6.408706868220615e-06,4.215978719861955,-0.012418566570770548,0.0004926573671136247,0.04630876843830734
4560,9.693708527133355,12.099199358933692,10.320318994118626,8.103549810521936e-06,4.363194110536656,-0.01820836049881107,-0.00212977726583169,0.04192096446396967
4561,9.58575762380218,12.032234582098283,9.701812785818404,7.150782702960033e-07,3.49974784749102,-0.01221510437373668,-0.0013515576800063045,0.028062067540046736
4562,9.670969300489512,12.068241620139911,10.239845995587242,7.067543433024744e-06,4.276362012110998,-0.0164471302708208,-0.0019179639855753017,0.03876363321162615
4563,9.790905161655449,12.199262556038612,9.627970858636125,-7.820229646747886e-06,4.056800556197559,-0.01327318505489402,0.000444636504464282,0.027200841831734227
4564,9.926405452902845,12.346102771281751,9.547240874598765,-2.180358253625409e-06,4.9178692308648655,-0.023042621796613476,-0.004415008203888691,0.02860814217648416
4565,9.775845524579712,12.167886958790234,9.379129893979599,-6.5347525924426345e-06,4.3155323223062325,-0.015539967872803824,0.00012011233451641394,0.09574984507732864
4566,9.698235201282978,12.082455900793567,9.356593208530088,2.1197574203431336e-06,4.00843432572208,-0.011556784892334583,0.0015862495404353118,0.028498311016046267
4567,9.407392916639436,11.729728529692208,9.416921335472573,-2.0491761384926554e-06,3.622270131720155,-0.009341631820097784,0.001400939494958048,0.01173888289246128
4568,9.785596272589352,12.160668650379844,9.415869392328165,-6.530313393278407e-06,4.3465488860590344,-0.015290595039182724,0.00011698623823278773,0.1004391282762431
4569,9.277375375760313,11.365798706509276,9.7441707328181,4.2818156875324934e-07,4.901568822669502,-0.010485160404859733,0.004321155971045716,0.08807089727057704
4570,9.824741179731644,12.486336471327805,9.162345213339412,-2.4664488678137955e-06,3.2973089428635323,-0.013359523453408712,0.0003348496632377513,0.03956400946601504
4571,9.77339078436257,12.506834976949962,9.04704338325335,3.9230737051368614e-06,2.5758899989741173,-0.007942761602555207,0.0029133768082576375,0.0676407768519505
4572,9.973620112864063,12.52254786071792,9.389551405504307,-3.248749174010664e-06,3.7920494833302527,-0.013195634519169865,0.0011103199044883128,0.029876876339496483
4573,9.928541160778211,12.739719692932898,8.793862198399212,1.8763952133916137e-06,2.5341432513097675,-0.008223998507894285,0.002490079522079323,0.03377349562456328
4574,10.064985944669305,12.471683108844449,10.279911068861365,-1.5586391509685222e-06,4.882399448224886,-0.01887236788018294,0.0020588996338494455,0.060531309188701296
4575,10.066936244959864,12.451716111189675,10.289649923142605,-1.2722339724594123e-06,4.977684588271732,-0.019550171714110554,0.0020439050855176996,0.06076745666399207
4576,10.066609300101288,12.453477480384546,10.294466122767105,-1.2493295178987573e-06,4.963919056080102,-0.0189417856909245,0.0020609770901023126,0.058922729824093606
4577,10.003818294811198,12.658927405073603,10.818319667840958,-1.91415800920898e-06,3.45707456052596,-0.010111015643726094,0.006399771296977874,0.03332297809887309
4578,9.81196100975138,12.444670317973785,9.255423245270956,-3.610207118451157e-07,3.3799319858014787,-0.014644291366089137,-0.0024813211520112203,0.015263557041558157
4579,10.09010954279641,12.455725993719367,10.408646958749486,-1.6006575426269892e-06,5.1112433737150855,-0.019651222947115733,0.0022193637986274643,0.06108888475466024
4580,9.91187846669084,12.576924620646222,8.929919388695327,-1.76513291264673e-06,3.5359985235775446,-0.015632243820719254,-0.001479147127646591,0.08364279673400735
4581,9.887257156817293,12.671832344841018,10.649632942202008,-2.594504025836172e-06,2.5451259327328355,-0.009074433985921893,0.0003025743728918072,0.043770319853554146
4582,10.216136964375714,12.503123472650248,10.770760847702505,-2.063292026847503e-06,5.8840433558109675,-0.024227622396425605,0.0032554956636530316,0.0689794884730931
4583,9.901567095397748,12.419073927623796,9.807116330477607,1.2832590968089126e-06,4.257383160145685,-0.017447096494885773,0.00081851647105352,0.0290369397004985
4584,9.729526867405221,12.322096887814627,8.956511708435853,8.021549094937994e-07,3.003517830391382,-0.009737361639678447,-0.002005360176653019,0.030082780761609303
4585,10.016540750237835,12.648092588626778,10.934917424884755,-2.46592772079155e-06,3.4814216688353117,-0.009633583485507637,0.006581374158886497,0.03659691463453266
4586,10.019331663999576,12.65202983754795,10.891101652840115,-2.3015980743954836e-06,3.509385324379355,-0.010148758081451648,0.006215423559917368,0.03825254196864896
4587,9.879008859992217,12.527318203947823,10.4639392773269,-1.7441311544208538e-07,3.005952709366097,-0.008967259656756585,0.0030438970174488083,0.030042750290446327
4588,9.90080888643016,12.40930950559124,9.751242326502615,1.393046179186398e-06,4.370730488353793,-0.01850260874406933,0.0006509944693537208,0.02825268676796439
4589,9.99662403077227,12.548093802935552,10.216428340623018,-7.42729499733257e-07,3.711494040774872,-0.012935711221021244,0.0011426860587134728,0.05168981116809905
4590,9.999573298640582,12.545086411784608,10.283303347779563,-9.419266673230809e-07,3.82072446749002,-0.013287112793698356,0.0016227024433713689,0.048557551399478115
4591,10.017110447343413,12.707003158432975,11.079803268644616,-2.691323477004403e-06,3.0239917455336367,-0.006895124418984024,0.007760541064551686,0.03898829407971202
4592,9.980431166146174,12.52047421798521,10.190296633146144,-5.073133539581338e-07,3.9060106868626816,-0.01409962217114465,0.0014656324424642715,0.044744872985766654
4593,9.900861056955405,12.418190045591382,9.801996710295382,1.2957522887968548e-06,4.258241422280376,-0.017466474888494704,0.0007982080796042503,0.029019647511236424
4594,9.9710592718586,12.723537966815826,10.718431632387109,7.334457274035393e-07,3.1568404289040206,-0.012231618816955968,0.0027009756120037537,0.014847507341298638
4595,9.933605884227275,12.405192245551657,9.811471438296007,1.6818680857297571e-06,4.343376863144913,-0.017314335735749014,0.0010145964425886385,0.03627587764459687
4596,9.793074628071365,12.3860669115351,11.104049724286172,-2.9465681328631273e-06,3.267890608125305,-0.01075103571279288,0.0024761981880625588,0.020545151588895933
4597,9.975466176377157,12.523256088823643,10.190758012139254,-5.446653333420442e-07,3.8864025391231576,-0.014168405160768787,0.0014445979891020016,0.04396507567878499
4598,9.907329705310044,12.426978043343752,9.809973472258557,1.1703383559157315e-06,4.368513375977457,-0.018559743767956032,0.0007234207703249136,0.029778342817911613
4599,10.169949456574969,12.825988727835629,11.95359928851963,-4.326839572995524e-06,3.8125639820239594,-0.01176301715499878,0.00997902885702839,0.03954639090734526
4600,9.792912760408823,12.352938604942192,9.886158610846115,6.256072005441562e-07,3.493394191694317,-0.013467684825729492,-0.002183643043826864,0.04114580122741895
4601,10.074359270350184,12.424354646323309,11.00730782836655,-1.2067674068651698e-06,5.340791926776981,-0.022068920284651877,0.0026520421622632977,0.06397314584384851
4602,9.499439130004784,11.939044005285028,9.511536176132086,1.5586106595360156e-06,3.382133362719384,-0.008225401956973355,0.0033442146828602387,0.033394107367782755
4603,10.17217356727376,12.84617338268758,10.078434007100704,1.950242247245985e-06,3.711494871573707,-0.016591764665503557,-0.0021636165759438613,0.025866307711652575
4604,9.764873743381973,12.353483829488004,10.00774558268576,8.974859213628199e-07,2.964737147274654,-0.010240479045157798,-0.0028285415676676836,0.035457531693309584
4605,9.947929232762414,12.678146099731654,9.083641730859034,-5.795567680287269e-07,3.0841885325922727,-0.012123239327572338,0.0011253206698939788,0.1091180466961209
4606,9.934367967285278,12.681201810976468,9.14458349820075,-1.0456407341345702e-06,2.951530298574448,-0.010931781198981043,0.0010139691136792544,0.1028445714417756
4607,9.937973556224252,12.677490283997074,9.109370170393712,-1.1046695599931207e-06,3.1599332630380426,-0.012762804168602402,0.0013095348001629793,0.1105260734318682
4608,9.942461448483886,12.65504782712484,9.997083850415954,-5.785333720674017e-06,3.0365898287781183,-0.012171344975813405,-0.0014755519992429727,0.06877417363020966
4609,9.564014939603021,12.077638186975417,10.199199093446293,-7.0824033786607614e-06,3.13831903694521,-0.010757338762744262,-0.0009569335872753436,0.03840431660581771
4610,9.419115367987994,11.91722464727492,9.978404761703231,1.908281427200623e-06,2.5385033471638865,-0.0030767072321112032,0.0035337478804125756,0.04115577409034622
4611,9.138631302592781,11.346533916680476,9.716102089545906,-8.227276477876063e-06,3.2684657239466737,-0.002213485487418041,0.0005982801634847358,0.03889975966757767
4612,9.969231095785274,12.737378384568837,10.1298949021783,1.284066100824991e-06,3.2104756869230977,-0.015256885522674207,-0.002417758576318289,0.03064584587124118
4613,9.717621974551752,12.330777578234764,10.324606389936946,-5.02094694308139e-07,2.4605540998817617,-0.002323086030227378,0.006844478844019815,0.03687872245227486
4614,9.87490341785357,12.50016661490532,10.930722086274711,-1.297311502486184e-06,3.1584390465708503,-0.010051256372035664,0.002080150409115939,0.03987505588458672
4615,9.96460068668808,12.705367059191934,10.144895768413898,1.0373097862623978e-06,3.129703200285532,-0.014436530855647473,-0.0024916943234960347,0.037879714006645915
4616,9.949908192599855,12.55152857008571,10.093146220070569,1.0104514021670413e-06,3.794296347352189,-0.016154444099023148,-0.0006588153406008245,0.028130966434330832
4617,10.100070964571112,12.905022805173816,10.548679868774787,-6.803195956461812e-07,3.1312812335918374,-0.014600002121124578,-0.0015949355148667148,0.03359513225564083
4618,10.234788814745498,12.957344689752905,10.27987765096488,-1.4809837149679783e-06,3.8767504703493505,-0.017838045294938626,-0.0010671066950506734,0.061064575308110304
4619,10.226577678805576,12.914019224325957,10.287893180835251,-1.3906756674763682e-06,3.766572208620904,-0.016279108773951535,-0.0008380981675516642,0.051837648622543184
4620,10.30000206020598,13.06045160630385,10.144691576742646,-2.567781380473982e-06,3.723633225646699,-0.01351799440017187,0.006996287046390448,0.05638022916499904
4621,10.017096124894124,12.70803514538928,10.070268198145214,3.074368622696605e-07,3.216288470381075,-0.011449267304799766,0.0009264421585491933,0.06648550052604993
4622,9.80791279328714,12.468470825948843,9.86885213908016,2.025950124779634e-06,2.581643174539946,-0.005310219338664353,0.0028420654677288317,0.07169452797779913
4623,10.316906134029091,13.087178184880694,10.109649686673029,-2.8494926776004337e-06,3.6839433560539736,-0.012398184172524383,0.009086417695580867,0.05516598913665784
4624,10.240708928772284,12.965916121232,10.293250645891908,-1.4865043193044395e-06,3.888757729472192,-0.01807850215039554,-0.0011101916292125748,0.06152754002210358
4625,9.928576713619751,12.4045165371325,9.224436090670839,-5.54619248635604e-07,4.360897977058623,-0.017310197199502143,0.0012989254767483871,0.1534306864156119
4626,9.933171606534446,12.466076884222142,9.356372490532648,-7.548628086320269e-07,4.095648664356124,-0.016023296250842388,0.0010513891157251118,0.1373513911848107
4627,10.216088879581536,12.946158173624662,10.269634312659504,-2.437313747091708e-06,3.601825992754011,-0.011576839248227756,0.007554592924540615,0.05109497373171097
4628,10.270423992270658,12.961366655240658,10.345751665440837,-1.375263184027552e-06,4.079318142012523,-0.01889370851905623,-0.0011771134345611852,0.05775035265605034
4629,10.026635114122698,12.813269495190273,9.462532785980802,-1.997870272643659e-06,2.924552734636414,-0.011914635697743816,-0.0005892897003449799,0.025112255880633753
4630,10.38031181759613,13.067999162319408,10.439843658212247,-1.7779977897166975e-06,4.198719262996918,-0.019479494864152784,-0.0011153049222099973,0.05902832770046862
4631,9.755726430047213,12.180449237563767,10.113061438963594,-3.3432060321094175e-06,4.093302979187713,-0.01451867883687662,0.0006525934956972309,0.07342243136882014
4632,9.858121211209692,12.350959083902652,9.75887918179589,-1.7334347708842864e-06,3.6547584266519495,-0.011336912934957215,0.0015095621939239222,0.06497616708734458
4633,9.101535850499728,11.098414650111708,9.906963340266264,2.64334667881105e-06,4.267561483302292,-0.0005526550021469467,0.0038143890022278434,0.1172698022765961
4634,9.101717956065485,11.12407389798232,9.902742798886306,2.7486711320769635e-06,4.32298327302466,-0.0026375613008630255,0.00393188686180037,0.1088520298207042
4635,10.15616323629422,12.75245618361455,9.358424526119775,-5.765625448716615e-06,3.873013999210515,-0.015247030738930896,-0.0005255799356332158,0.1078983423670982
4636,9.272121426908877,11.50441921827645,9.667632438665013,8.946468925645188e-07,3.9497554280700022,-0.008951058246233122,0.001991087535892508,0.1068247198414327
4637,9.899398227374606,12.732886364892744,8.651215330145327,-3.6228345235344073e-06,2.5036294832423014,-0.00844131966401466,0.00313558055254637,0.036163737239422525
4638,9.268394195046632,11.50284490345652,9.710337713736845,1.104996294910194e-06,4.040141957817934,-0.00949710302309695,0.0019775366777626674,0.1136488010108069
4639,10.121497703429656,12.618295182497905,8.83875827299422,-9.153410860491015e-06,4.623402628448815,-0.02000677336068049,-0.00040451996760227857,0.1316133344973947
4640,9.608753403419048,12.181550291900638,9.5098141851896,-1.964213363248281e-06,2.8721715266034606,-0.008009135690856255,0.0018134270014214203,0.022555077210312465
4641,9.227821992430911,11.348493282213642,9.832286241537286,8.47564001723665e-07,4.33547359713077,-0.007804246874801427,0.0016766369815560207,0.1158279278278521
4642,9.24509562427222,11.391892336533957,9.827364615039125,9.762001789968086e-07,4.28970875229528,-0.008873869936423605,0.0015451635455960265,0.1133595356117167
4643,9.896172975840551,12.55651653454254,10.287693711878813,3.7214933961530754e-07,3.037432928977176,-0.010539804881906008,0.0005195959460643422,0.032086857160637125
4644,9.97878150416726,12.480029644442302,9.02280905723677,-6.082044179094621e-06,4.366700078006389,-0.0174263526603841,0.0007581182932158803,0.1056079924871734
4645,9.979019706578905,12.483390920979248,9.001374026454478,-6.067063669402851e-06,4.361063710554204,-0.01749119382771777,0.00072912568882526,0.1053085801454274
4646,9.280076396440208,11.402842938550023,9.983418195407205,6.968124552849264e-08,4.273774710009109,-0.006729585046206344,0.0019380840066750267,0.1008224402675558
4647,9.771477206096048,12.294643373985505,10.228089610917117,2.3135643262384247e-06,3.1825072353320047,-0.008643145906786047,0.0002647310663408068,0.027909665701693027
4648,9.927485212280697,12.437674383844769,9.070867884264104,-4.9087048456430045e-06,4.267591864714713,-0.016997487328950914,0.0012015517660391804,0.09509689645303833
4649,9.971300768054453,12.5694609573893,10.896781745079736,-4.804104426145968e-06,3.8411753854716464,-0.014738819962646352,0.0029811513656754908,0.034404626774174066
4650,9.154231634549543,11.213006060316856,9.759373726167007,1.651476339159161e-06,4.246624254400546,-0.004003113288504612,0.0018857555294549489,0.09686005655181061
4651,9.859739342385744,12.603981428957264,9.411896237935652,4.314152772863346e-06,2.6684069952837266,-0.007353062068498395,0.003989192884306143,0.02062987205479947
4652,9.754729024579609,12.261452425208022,9.203358632905424,-4.616700672522104e-06,3.6510645336792633,-0.011201421347605297,0.004235504809144967,0.03539846361446082
4653,9.89355119868256,12.39805081821857,8.963036905234086,-4.918002678564649e-06,4.284376073062166,-0.017459008899916584,0.0015557254667957262,0.09318305414349846
4654,9.878988353256515,12.370948777411748,8.859051573632422,-5.9429081672808625e-06,4.285867165278869,-0.01659505206824328,0.0018971075654663507,0.07892232108805193
4655,9.07913469352927,11.09699131645588,9.603024279869633,1.4327430872741714e-06,4.326754734400137,-0.004370561036731981,0.0011581663387515914,0.103500415346175
4656,9.876100810030918,12.396691727629255,9.637201120378867,-2.993052464076341e-06,4.185739167032264,-0.01690986460277673,0.0007841921289530966,0.1064542301880636
4657,9.9379680058736,12.37828992385472,10.191816812226689,-7.572782800015032e-06,4.431203084170157,-0.016403176150546452,0.0010711865245908838,0.08189006407323797
4658,9.879117444493874,12.386200498907977,9.05331026598476,-5.886618489700007e-06,4.151644721199554,-0.0163184670581275,0.0015617089514113332,0.07053006655765222
4659,9.28452608797311,11.27622944095302,10.486475743886832,-9.647150035976682e-06,5.412250939138771,-0.010350305191350271,0.009691774812551672,0.04961241858986001
4660,9.877290991037809,12.380333430666443,8.852725979641415,-6.961444488533193e-06,4.173822076824065,-0.016034555377085834,0.0018279663830698368,0.05897122511743314
4661,9.836392145644348,12.538049673493592,10.758449291964252,3.564005828263059e-06,2.4825581595816386,-0.004566555449662557,0.004916184105450212,0.06619806483598015
4662,9.275095276751317,11.261128067291398,10.49506724935781,-9.74338728958579e-06,5.460300377256672,-0.010180271019324776,0.009794392060873984,0.049791644571530326
4663,9.843436889196626,12.354147582306611,8.996451048100607,-5.69231453800577e-06,4.039959778580832,-0.014627604209371306,0.0024108395398153575,0.052725707229478266
4664,9.817869183320237,12.308954134757068,10.14869948934844,-3.945408331032832e-06,3.9912442304330993,-0.01329625464064428,0.002977800946430591,0.058495936968251006
4665,9.637843519099537,12.201229960277514,10.872484260443128,2.16414452244672e-06,3.0365468223673355,-0.007885041816795422,0.004413749160611168,0.03903993104648303
4666,9.858314975014588,12.375428461442988,8.948565358008173,-5.845804770546738e-06,4.104291681092686,-0.015926061064720234,0.002106959494875184,0.05705704458144499
4667,9.584203317621645,12.0043315596708,9.678532408040745,-1.4652621559799136e-06,3.906168835494427,-0.012755225524733705,0.0034042085476893363,0.04022852863539978
4668,9.442254901337902,11.583830043104522,10.388395384643344,-7.957767210316998e-06,5.007870975202391,-0.01113990936238793,0.007695067097274397,0.05247233027089516
4669,9.768495366146542,12.309842653154806,9.135684888759087,-3.915577986834308e-06,3.260138619023382,-0.008924904887090959,0.003155445243309014,0.034710654005749714
4670,9.023645797565596,11.008113334829543,11.840232265202944,-4.797146891206893e-06,4.985958271587861,-0.00976567876748513,0.003290426574159712,0.03318640980341531
4671,9.859361869810595,12.373281756790966,8.947374711198117,-5.851763219340985e-06,4.107010082017958,-0.016097467609119204,0.002098769967457328,0.05710469446317869
4672,9.641774071755604,12.02226525254426,10.279352888539211,-1.7118803618388285e-06,3.9938325761058695,-0.011662426786596534,0.003249662879461366,0.0541961564041589
4673,9.90605243467086,12.388079990936456,10.184151130698742,-4.953269436723515e-06,4.121297426987782,-0.015671271193434977,0.00010833589111054492,0.028070369152518815
4674,9.27531190585698,11.261529495554038,10.49530865130169,-9.739254024583957e-06,5.459647085740984,-0.01017920711095777,0.009794076702507093,0.04978723583010036
4675,9.48554405505598,11.734582466811672,10.604898189890983,-2.4927812452256688e-06,4.5193981349709595,-0.013467175008026522,0.004767168182478132,0.07974089452826674
4676,9.41474051224447,11.676432767180955,10.976167483497989,-7.136552600012955e-06,4.097489851093492,-0.00979313056712195,0.005259561941006879,0.0347758388670308
4677,10.015179169106004,12.553212222162292,10.145638635685756,-5.402082837097375e-06,4.155718399166665,-0.01776495501752784,-0.0013760548075231315,0.027991416399290907
4678,9.279791822234717,11.28777522009878,10.544044747595262,-9.56907180057748e-06,5.347103329136447,-0.009637203071555692,0.009335153932398864,0.0473742904808483
4679,10.039666413130693,12.675143447616824,9.358918115049873,-2.6343023638661366e-06,3.586631948272922,-0.011951913851496222,0.004484569185417953,0.02592089915928293
4680,10.014677535680793,12.705463158832812,9.432927396420888,-9.457481420158959e-07,3.2193582233256937,-0.011787020370869976,0.0002983187883679062,0.037071629169158925
4681,9.97681094551641,12.626692462463067,9.414269611671429,-1.1399868063369987e-06,3.2669512716612883,-0.011585841261109325,-7.85563355270827e-05,0.036290691181865314
4682,9.861997969592544,12.341979506578705,9.48225726715236,-3.330645984070545e-06,3.698287227426461,-0.010554674231452864,0.003377403351458929,0.09296673580754872
4683,9.87009480114071,12.490736871402865,10.214489754618604,-1.9053504944689208e-06,3.1488405900722456,-0.010555675784228547,-0.0006303447738853758,0.09136518553089834
4684,10.276045062236348,12.899530150392405,9.823634227922582,-1.846968361471204e-06,4.33711105373175,-0.017959923717430493,0.0019167088640506165,0.012931344043417867
4685,10.269610751914737,12.891609433371354,9.819886770245196,-1.85056413316941e-06,4.317888002607821,-0.01764836348373123,0.001893153111501322,0.012864194393578176
4686,10.235217113495084,12.874240389696412,9.7763813789662,1.0876302047483633e-07,4.203733031733857,-0.017503001135298926,0.0024210263456195653,0.07167230325064541
4687,10.131977826140256,12.752581143936531,9.733892966372974,-3.8467008069042353e-07,4.235953364346248,-0.01834058532835993,0.001453438205915032,0.08297993599847206
4688,10.229403750305265,12.86562606334262,9.767063379644421,1.6296331997015344e-07,4.175480655696961,-0.017154391790466135,0.002345929631077131,0.07136118024565258
4689,10.239341174270734,12.8624595726454,9.739822643068349,2.2146160011385603e-07,4.293979216043876,-0.018212059265762907,0.002341326760259804,0.07007297472521223
4690,10.111667350847767,12.686558492927556,9.31773581694284,1.0899734244021345e-06,4.47303952300022,-0.01968661984888849,0.0007594619083627603,0.07922660983916571
4691,10.24158735626508,12.863182489575657,9.735876427078388,2.1447950969913246e-07,4.282020253033584,-0.018062024083896823,0.002329154783018406,0.07013103786509543
4692,9.773526719490608,12.327443926882577,9.082160099123792,8.806099815950884e-07,3.1490737366322774,-0.009137148809598308,-0.00018868547639453367,0.03300911193791204
4693,9.545669341940117,12.095817677945943,11.484171522034591,-4.961633925943537e-07,2.7568644153113517,-0.0064363748871577794,0.0024339305476054566,0.0273468455599038
4694,10.405336122157888,13.357758253572566,8.400703157977443,2.2694452257819587e-06,3.163899421107989,-0.015530318760284262,-0.001625743903944514,0.052775111532070165
4695,9.667988236608176,11.97009256230832,10.023110848166295,-1.5780325105709495e-06,4.570814429273161,-0.014981316753668148,0.0014010687153812203,0.02461791374301576
4696,10.054371098025827,12.918896924167209,9.545179379637727,-4.563975630388164e-07,2.470330431222766,-0.008285740798435179,0.002075637923780907,0.05812730668897541
4697,9.806773584493541,12.273246168765173,9.925598661698032,9.232736453498821e-07,3.944329043306989,-0.013808049053090592,0.00153571123605466,0.06143920060580588
4698,9.607587469902928,11.867248413350092,10.059687952585334,-1.8426217716410045e-06,4.777736797157674,-0.016653139209245826,0.0014748420268935651,0.025984508048210016
4699,10.103001369052024,12.915732229160646,9.380116920718308,3.1924083500466733e-06,2.8239797271707436,-0.01096931142005208,-0.000606301032150987,0.04176417402472332
4700,9.47441919782744,11.898879727042562,11.285265109478663,2.542641606081443e-06,3.430487615190459,-0.009995709041875954,0.0009531878184853077,0.03924335666777742
4701,9.691074154269558,12.03415125552047,10.05923214405729,-1.6568633431724342e-06,4.475036237959289,-0.015039379922179227,0.0015844802496910871,0.02752306109524555
4702,9.704489514948557,12.00014249122936,9.77160418559007,-3.012043666509313e-06,4.9392770406361866,-0.018651375764833222,0.002308666255582071,0.025040472467127237
4703,10.303952411367494,13.082285539322026,9.383024471857661,-1.4422168767970116e-06,3.532736790715948,-0.01558037539033142,-0.0009351538792631352,0.054315251543739534
4704,9.689821601418407,12.032138991782958,10.062436639259564,-1.5933928776627075e-06,4.473747750267816,-0.014985336313250382,0.0016276741734014008,0.02720079916323137
4705,9.688467148359376,12.027884958787828,10.076169960833637,-1.6295354561293547e-06,4.482463215755906,-0.015010008753857634,0.0016324293419597196,0.02596272202957277
4706,10.118688838472956,12.78667739609307,9.753946765387976,5.146817718546216e-06,3.634666681339228,-0.01241046443642968,0.004141717526792652,0.04512405402111731
4707,9.734405937950806,12.163870282971285,9.231413569798647,-5.211458844790387e-07,3.6766615443990287,-0.011047402913800675,7.914937561664884e-05,0.07689396795129691
4708,9.425640920835333,11.83309430996828,9.258484280371885,9.00750323846343e-07,3.301473994717494,-0.00849074712303639,0.0001442979645490611,0.037421539785910195
4709,9.84529113647928,12.344279350935665,8.760419372119099,4.068427847175104e-06,3.9555871878151834,-0.014682912610136729,0.00033620447345240217,0.06639026315217936
4710,10.227416543746411,12.89243478888099,9.893191119985286,7.90014090144696e-06,3.7801788886846737,-0.012235734779343458,0.006761369823963352,0.026140003362514767
4711,9.504171442690803,11.873085988743057,8.473680463011206,3.3332518153224978e-06,3.968580969200796,-0.012938251833350753,0.00015536367648118855,0.03644316659657081
4712,9.701019601123914,12.16667585268476,9.010518285488487,1.0489497221486591e-06,3.8778689611612256,-0.014473558312034012,-0.00011328037570243704,0.06720843169446722
4713,9.636753519911029,11.923437664034712,10.111689279632884,-1.4711781735896204e-06,4.738170145665819,-0.016870942581840624,0.0015676864562021262,0.026959522478318163
4714,9.691626780606573,12.027044941052887,10.067742271316307,-1.6044011867089152e-06,4.516900846294381,-0.015260927112963632,0.0016504271753425724,0.025892496833033244
4715,10.345199898046356,13.020376877306612,9.498559414790515,4.6134800214262696e-06,3.8356342019502097,-0.014830475190867602,0.001794356129697988,0.09564705158114077
4716,9.894078813928664,12.442700099320495,10.122364584420176,2.3572394764709356e-06,3.8252530248837906,-0.014825039420860713,4.880618575635928e-05,0.0514674386354866
4717,9.864825616276729,12.330774844879588,9.635150220312147,-7.78159737281896e-06,4.336782161493484,-0.018903486232251326,-0.0031445413828781834,0.07729026620737196
4718,9.392561805729418,11.641095059918896,9.42610857747333,7.965037266408049e-06,3.968487909733131,-0.006438433720432041,0.007677178927759914,0.04786604323494588
4719,9.820707487689038,12.347514008178168,9.355313063531092,-4.943380637136234e-07,3.7116170357994656,-0.012954187108054564,0.00043771533759942685,0.1079654087753603
4720,9.974280069087824,12.455604071671438,9.478031327723585,-4.852822236960526e-07,4.1440340488381215,-0.014832406836532771,0.0010879030433413582,0.05646648447772858
4721,9.726717883049517,12.147916926216888,9.09502785569008,-1.7460376885372368e-06,3.9754570317019726,-0.01245822549911299,0.0022238361551445217,0.07619905394321878
4722,9.672882386088252,11.91818635751911,10.005114519795292,-1.606316300729289e-06,5.225569975293169,-0.019170496942990615,0.0019791959512058394,0.04466611885637263
4723,9.813667840777445,12.325930463994307,9.279782359798654,-4.640982767395242e-07,3.743423080722752,-0.013081250821014868,0.00023759496488521127,0.1175724622988577
4724,9.522777190604613,11.893264943336762,8.113366136691898,5.741168772574744e-06,4.022641147053872,-0.01321260706642197,0.000674217135140294,0.02054300526653388
4725,9.164586226659694,11.306160348743628,10.78217305530058,-8.689440784915518e-06,3.8305606003365846,-0.0019097325193438708,0.005287739300528975,0.037023017369189726
4726,9.803606871175704,12.20142874450598,9.727071301667516,-7.427797967402776e-06,4.577155469718746,-0.019065066626024654,-0.002972571676455155,0.05691597542868524
4727,9.60553157124512,11.961576498364533,9.41915919571694,6.436468125753231e-06,3.840266919600327,-0.007809184443603301,0.005562887633883926,0.04497727124980702
4728,9.829077799117597,12.416355578978589,11.407124956114886,1.1110547249530788e-06,3.4535367817797145,-0.012911722236604042,0.0003332124254353951,0.026069114335277845
4729,10.298324854848168,12.98270017368916,9.52213991421342,4.297139976292489e-06,3.7787083713854086,-0.014634750947235847,0.001712602562768165,0.09198057872767353
4730,10.074024504005326,12.658853746008154,10.20027846077107,5.956658120168817e-06,3.9366705415885432,-0.0137245936395063,0.003537087134451607,0.01772505867920275
4731,9.404808670341124,11.721410165664986,9.736848662814989,-5.768682245652149e-06,3.556407228547518,-0.00630025457559813,0.0032557505729312675,0.06055177495408246
4732,9.826043110714314,12.233088651775326,9.742521959622302,-7.69175468041659e-06,4.593710319080337,-0.01968411201605356,-0.0032167849142087793,0.056801922667361955
4733,10.121103161891442,12.726333552900137,9.723212318164528,6.768103489714999e-06,3.8504878107560185,-0.0124624894466488,0.005958081017489297,0.03743317174178498
4734,9.952944394339912,12.513001704127223,9.881157832744206,7.257378408771446e-06,3.9421077787169385,-0.01377325034326874,0.005690929628541817,0.029229617637273185
4735,9.917648020865306,12.4645554434785,9.807744282689077,5.912146706667247e-06,3.814585233191356,-0.012256282231754735,0.003833600545157489,0.02454868193506036
4736,10.079418159520422,12.671673375139902,10.262295322737009,8.393503895481518e-06,4.076893508102073,-0.015424309181838389,0.003839450233050309,0.016254861513887324
4737,10.157660774783809,12.76207518308521,9.910698917415376,6.956252767526333e-06,3.935742202730703,-0.012782381082827846,0.005752244291968303,0.03308870749653886
4738,9.82548820657296,12.420077706538022,11.360414346076524,6.700094265974756e-07,3.291674099477375,-0.010808244425879118,0.0008526994895167926,0.037203480879278314
4739,10.049162448372918,12.628169724743456,10.286360045350389,5.659514578244492e-06,3.936946503346696,-0.014004679549407009,0.0028786005714797353,0.013157998382778494
4740,9.856112212027245,12.36319186743766,9.037221267064725,-5.651346746202031e-08,3.80683250048464,-0.012642483456956434,0.001405858316304345,0.027819992814018576
4741,9.274556364328756,11.18932976899699,10.21493010729869,-4.152231916886588e-07,5.781787141855261,-0.014367995645719328,0.001353760381674868,0.020496102925393098
4742,9.249901866999336,11.282262453670578,9.59421774958661,5.773567732556348e-06,4.761221657487625,-0.005210060604179214,0.007886220017151944,0.053103837859205735
4743,10.084783723820584,12.65128164238996,10.183400013996827,5.902059682256719e-06,3.9403446923207786,-0.013949570297003349,0.003443898198371327,0.016787960028474103
4744,9.857329908348778,12.377208016482731,9.14240026063664,1.2775222330608666e-07,3.764552986238716,-0.012597296100123456,0.0011284839743064294,0.03470832055637359
4745,9.909831155020923,12.326748228997848,9.77803130105533,-5.774150893077794e-07,4.505760769316177,-0.016977291644109466,0.0010120043018656648,0.04421011543478237
4746,9.603457419118863,11.80530132591111,10.311588987081707,-1.5376417081241771e-06,5.1922075924122355,-0.017808953486301515,0.0007680926936939656,0.0352775223674022
4747,9.811686630452309,12.253065426192336,9.792300849767528,7.438208408990478e-06,3.9632295462603375,-0.011042529922632029,0.005372370729733531,0.031848365600166795
4748,9.664053569428631,11.915215496295438,10.297255240417286,-5.725811812679653e-07,5.030528813137749,-0.017282999820725214,0.0011246633267197545,0.033017245858233416
4749,10.162351993268436,12.755363905320024,9.914670692911837,7.047084221429026e-06,3.9542701382431744,-0.013293762410421274,0.005742721949359996,0.031440168400542756
4750,9.63496853933223,11.850892983014688,10.29864195776612,-1.6992305202099824e-06,5.068486862339963,-0.017698326000500208,0.0008090261250617637,0.032288423619084405
4751,9.878740215821848,12.252645921189613,9.758895058774076,1.043261740443794e-06,5.021693959203924,-0.020962767668359132,0.0013350919553660415,0.051128151175087566
4752,9.288007678150116,11.417495667413387,10.947782348617103,6.213660858872175e-06,4.138767294955523,-0.006609627132555612,0.0008080919397653787,0.0451629780592864
4753,9.722763625458477,12.189770823749845,9.997171189280365,-2.256816126075258e-06,4.131062453607925,-0.016025697137096395,0.0011926516653112584,0.0425436968939111
4754,9.833330384237842,12.313815694893584,9.874593182421517,8.003617327067557e-06,3.9249943384144266,-0.011481436413137477,0.0060169478838486765,0.02208841706859878
4755,9.56985064541431,11.718618623859768,10.801138597242762,-6.314417647552457e-07,5.550989714228832,-0.02012322868987883,-0.0005901586487533726,0.025122826479630454
4756,9.536200781517486,11.63930613457884,11.36199822072508,1.2271313762779437e-07,5.8672360117640014,-0.02316587201549556,-0.0020008740535458554,0.01819425028559092
4757,9.835242656090445,12.157808877515238,9.901833156725669,-2.449110257684591e-06,4.766476629684972,-0.017453367696681106,0.0010355562928504533,0.04551542226833662
4758,9.877231940456142,12.24354267943516,9.78246984123519,8.982315528380631e-07,5.035660875434285,-0.020745801525004916,0.0013758612685494055,0.05037542158828942
4759,10.034390812910411,12.631933424975884,11.24351847491588,-1.0726674244332814e-06,4.050499540722083,-0.015822249065128628,0.0035323294597351777,0.03878482335889831
4760,9.818978544068823,12.270754952084008,9.133132363224144,2.7998911873190972e-08,3.9998612875100528,-0.013601791853000332,0.0011096664462958532,0.028179177062215857
4761,9.610558751564191,11.81836138145898,10.267329042320888,-2.4091513030267106e-07,5.16338089866899,-0.017877015697406903,0.00016725076032379706,0.02522726656353729
4762,9.852389772776412,12.209583757240248,9.819362927945,5.834700507434621e-07,5.000062303013019,-0.01985209002723463,0.0015015951730160935,0.04968266140368973
4763,9.614040501939966,11.821964716693817,10.26164759402951,-3.8271593996863476e-07,5.040940480030023,-0.017217241804518193,9.49695300422656e-05,0.020702412384775295
4764,9.636851767393885,11.883315941000289,9.650815517327437,-2.1303026287244774e-06,4.999238023228262,-0.01805101919411356,0.00267955998843249,0.03114862024857637
4765,10.209567213498152,12.785873274948868,9.371855247784943,-2.3358868434133696e-06,4.36973936201104,-0.018379454423212985,0.000528195787114026,0.029179275374319944
4766,10.014677238514848,12.752013965423448,10.632263445776257,4.861862212894424e-06,3.3706295211881714,-0.014858876238389529,-0.00035332126065731884,0.039171399179383795
4767,10.252399696362962,12.785553197933265,10.124008479588555,2.6508783451176592e-06,4.756319831474595,-0.021421061687908163,-0.0010255975730290062,0.029618667628546463
4768,9.61631524301868,11.881494227485945,10.28176984792896,-2.2941784417613022e-07,5.098113981547654,-0.02038881507776054,-7.797445758503125e-05,0.024626930553070463
4769,10.079523161840184,12.722457941419227,9.817345505869872,-5.181501339029461e-07,3.6375020478383298,-0.013683824584507063,0.0005582998406237921,0.047553653857429073
4770,9.781278345761661,12.01737949327264,9.822787266177965,-2.292900827460652e-06,5.163408007175173,-0.018078606873914552,0.0014425701773837123,0.05276058075367853
4771,9.934518637423107,12.52305711484987,10.561293620620436,3.859455645495287e-06,3.753846568894063,-0.014850990521952462,0.0006100691752619707,0.05389125524587655
4772,9.953417958827975,12.423657467337762,10.082799680262765,6.335451562124307e-07,4.536449880463243,-0.0190694267208533,-0.00013973705409584718,0.03201464003671383
4773,10.110107636572517,12.799449389321182,9.735798473073602,-1.450941905855505e-07,3.4598530217432626,-0.013265827529297725,0.0003963304164521309,0.04881208035288635
4774,10.178224752082835,12.84753982713372,10.049645609760187,6.78301014290784e-06,3.661928925554278,-0.01200377539904882,0.005688733919145787,0.03554583233434476
4775,10.037199401012314,12.635672735171251,11.21312575811892,-4.2837865217001906e-07,4.006141479753552,-0.015323020968096917,0.0032010117144268295,0.037792234411216374
4776,9.938895134475636,12.305615545597783,10.176837736365568,1.2311375669202162e-06,4.936383474242768,-0.01966494819158129,-0.0004977294072787165,0.027495481163420033
4777,10.237983980993778,12.831103219913588,9.337392482637076,-2.443110515957423e-06,4.354363193266521,-0.018768439130737273,0.0004703719971265486,0.029126058960256457
4778,9.873297450951862,12.245353824540476,9.842162016132905,9.051021916117214e-07,4.97812783487988,-0.020168798810075633,0.0015185705506892738,0.0503692941829301
4779,9.867501634939638,12.23485132595706,9.917038184533366,8.934673305346983e-07,5.059402906272223,-0.021034008579751275,0.0014842769679489494,0.053371622066095706
4780,9.98088015620604,12.527782504195349,11.088274652527126,-4.03632290111105e-07,4.158904349905928,-0.015660164310110868,0.002800536218060372,0.036133579753926275
4781,9.826074321781972,12.174474547733016,9.92900519808005,1.1803337837593117e-06,5.083884570797769,-0.020648994106705707,0.0019040325959662847,0.05291938050750833
4782,9.75433816201091,11.884329032643691,10.838564743062715,-5.259611000966863e-06,5.703882802066841,-0.019659930384029876,0.0024638692201988306,0.02961740971365278
4783,10.042717903491717,12.485190812121564,9.603207180599453,-2.7196808171460778e-06,4.766079279534172,-0.019604383652995667,0.0009470927477374413,0.036909416644295985
4784,10.025245811030633,12.599668146434956,10.854777214213875,1.2120192361670378e-06,4.047177752908786,-0.014838160101625114,0.003449840961887937,0.03600144642123812
4785,9.865147939719929,12.199835003580404,10.1641780491992,-2.5751848417933496e-06,5.018271148694133,-0.019918718905088704,0.00177488427624553,0.04431731489988973
4786,9.844119876467502,12.186186887592886,10.037616193666926,-5.54095232707697e-07,5.053582012213202,-0.020311727639413343,0.00184438741363979,0.04894664766313027
4787,10.017051737564747,12.626831397881489,11.142012662583404,2.3391591743864578e-07,3.941119830955504,-0.01525940985296893,0.00286523852650229,0.03652504191761618
4788,9.829748294531194,12.186370919545787,9.917746868359805,9.984465256065621e-07,4.997853598573099,-0.019974126820912146,0.0016803346614093042,0.05074639818347049
4789,10.027770178394157,12.34738923384628,10.429859457847137,-2.8769334368721476e-06,5.57698922565015,-0.02625275066464176,-0.0044057356228833396,0.02494554649089381
4790,9.833234596731591,12.06636387429975,10.232991206330116,-1.219933252187698e-06,5.499036581246761,-0.02304724431147727,-0.0032289627930130703,0.023941368462064537
4791,9.814905977840143,11.987773754059054,10.152263667504547,-1.8782908483943753e-06,5.724686865641708,-0.023840918932421858,-0.0031809524846802715,0.008514579497558322
4792,10.088671195859934,12.730870858337582,9.81256992847729,-4.906512268033541e-07,3.7097439674981416,-0.01447981754717926,0.00059768962566982,0.05133281731181786
4793,10.34343946066662,12.991315963777517,9.27600852016812,-3.3119387637692344e-06,4.218317333511942,-0.01890357107622579,-0.0004986994436591442,0.027583173620351245
4794,10.207977751030132,12.774415158309193,9.356003879337461,-2.288769265321637e-06,4.381595549448514,-0.018268592282373177,0.0005711307763179626,0.028810421078803536
4795,10.073365883211942,12.893779216783551,9.693717928571626,-4.418564833637231e-06,2.634005253502696,-0.006918776617559144,0.006132700382702717,0.062015228385623775
4796,9.653891526974224,11.921269167072648,9.889830775093465,1.659684193749927e-07,4.885875388061733,-0.01654122852687606,0.0008203008148921376,0.046751578371727075
4797,9.792204935254423,12.094882860147374,8.952485200725377,4.6509102572417534e-06,5.014817291260384,-0.019245577990686723,0.0011201331612352029,0.020723450738553528
4798,10.015868590084793,12.7391355305427,9.14228374244923,-1.9396177483482928e-06,3.20273913450396,-0.012876542414993863,0.0008799797243338047,0.1160082442706557
4799,9.951585836087943,12.589022550181063,9.656379803537426,4.5605110648142393e-07,3.072150836360689,-0.008171754490405426,0.004089208887220772,0.1215092079944558
4800,9.761276629577651,12.359265841610448,9.994884945830941,2.5993899081901177e-06,2.761606421901784,-0.0036868645086724247,0.00643766697330823,0.112277910353091
4801,9.935751457944992,12.349329948573509,10.114506186459153,1.927348747596557e-06,4.586215279536116,-0.0171395121210074,0.002580992522091759,0.0910956579142689
4802,9.70638710366616,12.257688739160496,10.907045053640278,-2.4002936814515287e-06,2.8866373677011072,-0.00590011942330039,0.0035714215784614675,0.06943454470438182
4803,9.72477650636554,12.30625723264089,10.007168980522554,1.999162939204542e-06,2.8017333886252036,-0.004636158699754034,0.005641011536654349,0.1159227225511686
4804,9.497945640031178,11.822707899159845,8.968045765923687,4.3324419545329275e-06,3.7991744176623,-0.009357244226403877,0.0013803145098400522,0.09943244898223016
4805,9.913782975642462,12.353318305461624,10.041632755715618,2.078307257253598e-06,4.503530742894968,-0.0175377930685843,0.002435810605449641,0.09034693344016492
4806,9.985164088192949,12.727293156700464,9.71461593388431,8.027004073783563e-08,3.3170379371175485,-0.014257680212894168,0.0002506834704832995,0.1054550154987119
4807,9.968977492868497,12.413340552798502,9.221541984657623,2.605998778665886e-06,4.252325614105932,-0.014406861598188754,0.0025231253383303093,0.08445954797900795
4808,9.947980483235037,12.731309027299025,9.266928296509796,-1.321664754668828e-06,2.5387872650058907,-0.007683405044422458,0.0016249291009171785,0.03474977879155915
4809,9.91314915996435,12.352474621296537,10.040545798721388,2.072182223741599e-06,4.502723138007987,-0.017526756824812407,0.0024268266625158204,0.09022119261933714
4810,9.396665766123624,11.578045476476357,9.127910530491224,3.7670976369974014e-06,4.0821319244913,-0.007276958358659664,0.001654381772093044,0.06650063713008542
4811,9.899435693988252,12.351558355981494,10.303725627394622,2.220731158408166e-06,4.34670024181334,-0.015261693952510882,0.002182949757454791,0.07391878553354106
4812,9.91378011849567,12.34407482665338,10.073341299431847,2.1078365293306586e-06,4.5584367486777335,-0.01788478545070976,0.0024835594961343547,0.09020444414611885
4813,9.54095111630092,11.62346341533036,9.746151070813994,-2.158879516349458e-07,5.444209537337796,-0.017720466567285164,-0.00043157603978016026,0.012332312237600604
4814,10.074004307119209,12.85982150818017,9.667237449677101,-7.5472925621923905e-06,2.8465877942669873,-0.007606012067062302,0.007320719698935344,0.04031923473623046
4815,9.927025460292576,12.359302672251694,10.085738695711663,2.366153704949619e-06,4.577956823708079,-0.018100307500691977,0.002554710634882561,0.08658123578045607
4816,10.072222937609173,12.842942841750965,9.66983821693811,-2.7273505350240466e-06,3.1556874968504656,-0.012157032680668048,0.0012307099623102167,0.06004675225391748
4817,9.989677407683615,12.577417131256992,10.24402923354503,-6.256656832072618e-06,3.613592481463855,-0.01014085165471408,0.006400189370558544,0.05074999815394085
4818,9.90058654459488,12.362759362656448,10.007830653365792,1.7244932036493854e-06,4.34505727673363,-0.01657119289819033,0.002078730476328102,0.08863691325801526
4819,9.80860493653871,12.261623890055688,9.663274978601635,4.180819365825636e-06,4.197481525646516,-0.01574754357762792,0.0024982263705683664,0.019891262813900287
4820,9.72073259699583,12.107049036618813,10.32440962436441,-6.191701131172546e-07,4.587289114039155,-0.016794842661079,0.003216570554905028,0.04901083339780549
4821,10.072234181090884,12.733101350856456,10.434471345562423,-7.768710234226502e-06,3.3562267488812614,-0.008953810622613408,0.008120487059060728,0.05751778459419003
4822,9.646082232705512,12.067027053258135,9.603787063038688,-2.0707929476494283e-06,3.8774551701769697,-0.013473474524126608,-0.0009322656301724557,0.1011968666740042
4823,9.727002090706165,12.350138123406822,9.703437314729438,9.330826290020229e-07,3.0453113266052947,-0.009921135893571305,0.002042731528545967,0.09108166688430729
4824,9.779066646623118,12.250866189673587,10.325520825415383,1.2116878230112458e-06,4.088381972599351,-0.014323855710539587,0.003012451334049496,0.06343167626786139
4825,9.991450837513852,12.601374969092454,10.245647749679408,-6.036098916031341e-06,3.5995056686998024,-0.01159458647761906,0.006416005534810526,0.05472660452055281
4826,10.019301624735116,12.65013072263266,10.259034615231885,-8.038176934315901e-06,3.4953236932291496,-0.010200295878974131,0.0076038961399570995,0.046933988894163475
4827,9.855688146912339,12.284505240640312,10.724451548572928,1.8287153800850555e-06,4.381225679487165,-0.015289877291377752,0.002062582118468452,0.08290159474430929
4828,9.980747882486375,12.614278557112556,10.200520686384548,-6.488639086504786e-06,3.528097580970603,-0.010922500698982889,0.006609724835303454,0.05167396051754762
4829,9.855071245517708,12.523510417889916,9.824237647487328,-6.490103420216044e-07,2.766484598071847,-0.007744984587862548,0.0007065641466532857,0.05941124523515581
4830,9.85133574978388,12.483644115893547,9.305686694380823,1.3614481084960649e-06,3.4016362088283394,-0.012577378773782094,0.0015664512145146517,0.032132196845858746
4831,9.97309233886619,12.584061154129932,10.075129146330475,-5.314126124076331e-06,3.5611225209291537,-0.010529551891598647,0.005461361396359632,0.04589178764652209
4832,9.808661352045386,12.35267973842827,9.527202361202063,2.134204753648194e-06,3.541148817515066,-0.011577317603764974,0.0007131339355849987,0.04099543491639929
4833,9.812627201021025,12.29490025082566,10.867972379565034,4.731222080432034e-06,3.7936118483174432,-0.012672059088116147,0.0004215404275051604,0.06362463740454925
4834,10.270785983279492,13.216401340748993,10.218569568166057,1.741698756256744e-06,2.960365413304088,-0.014012728728761184,-0.0006173284304467914,0.0500046822383937
4835,9.848886281916698,12.513362545982716,10.107641554319386,6.728712985228495e-08,2.8550510770798256,-0.01010118383471634,-0.002618712297534344,0.058776372422015374
4836,10.467695584445734,13.478744071236498,10.392779762521268,2.7674595990953847e-06,2.8891573024754917,-0.013577678823632424,-0.00035340501818311386,0.031816390173597775
4837,9.593567157302424,12.016744741606034,10.002448063690794,2.9388051255532273e-06,3.481653803403568,-0.009791683417790267,0.0010263403692164317,0.02458576195175983
4838,10.020727389262175,12.78667440972904,9.620622088712375,2.930540836461097e-06,3.0633394144200174,-0.01247862005635543,0.0006856184481467179,0.06794035946244174
4839,9.667197868008856,12.077039419188676,9.914972562338084,5.5880329599193936e-08,3.9853888415459298,-0.012493752201453705,0.0023631371316516336,0.05620806370487626
4840,9.673196959491522,12.09677594620968,9.923136006636234,8.201177871260699e-08,3.9259146883761,-0.011982326025113706,0.002381921684836295,0.054962276032366864
4841,9.61424133852219,11.843339812754992,10.232350314473305,8.194111075746777e-06,5.140661468066131,-0.019651077186885364,-0.0029095634718587352,0.056562104255856574
4842,9.731698338428451,12.3610301104533,10.203574337728128,1.3422193392228745e-06,2.640441357613779,-0.006556649992320928,0.0006920795800456417,0.04001009359242386
4843,9.268944757530853,11.468663582126378,9.046886997713942,-7.696695183417852e-07,4.44964372812162,-0.01280129393990102,0.0015194948925282613,0.019924212802774493
4844,9.668580011366918,11.911412292384224,10.271437272838067,7.336894949386832e-06,5.036223604352076,-0.018849798948288365,-0.0026239061100494735,0.04985269698488603
4845,9.73580027226965,12.435598880068392,10.173170340476002,1.0452348084032216e-06,2.5704962761448393,-0.00787892267321786,0.0008224024993879523,0.03056252214107462
4846,9.70343969306404,12.319538418265925,10.11960025526396,-4.2002583528221954e-08,2.881369619892686,-0.009787682432023638,0.0005372449985377743,0.0467730087665848
4847,9.787930903114253,12.314006744469822,10.596769270071226,-1.4493105235773368e-06,3.7727866477785224,-0.014071849582725632,0.00014209790634707887,0.038748531590863146
4848,9.433667258150132,11.78398439621426,9.51514809093167,4.988815375249099e-08,3.403092557691384,-0.00679136230941349,0.0014896926960396436,0.03811399524901957
4849,9.902287291874176,12.31915164915604,9.877029409570621,1.7744920623482e-06,4.404261508826759,-0.016530829008010218,0.00040675824247270853,0.05074095050989426
4850,9.59952208784259,11.8728771963252,8.922470404011388,3.5902496119572956e-07,5.145382147990029,-0.020523863319404936,0.0010809303748393652,0.041585971313751934
4851,9.632194133496585,12.203815094341312,9.887039793700632,6.842849597948293e-07,2.692779491836145,-0.004508251992521299,0.004807199869790226,0.06491398077552524
4852,9.685795544768473,12.092201238326185,9.247606517778298,7.955130894403916e-07,3.9390696341039986,-0.012998189364852447,0.0008407600419893413,0.016965571498856608
4853,9.681489667195727,12.082553354504984,9.272198132688304,8.72209609191805e-07,3.922303884030584,-0.012428366273286704,0.0008903243670592845,0.017374128524854204
4854,9.693218117630037,12.077931969096332,9.264268743695059,1.1614118735003275e-06,3.985476608720184,-0.011935468053642692,0.0007077023060557716,0.011982906183328227
4855,9.375656840580131,11.558230754566916,10.951374111035106,8.506717133216749e-06,4.463908081512981,-0.009274724208955865,0.005864357478386853,0.06492733932342391
4856,9.852063994327796,12.362600459694182,9.03014814924618,3.834337329189008e-06,3.4789945049506397,-0.0102811918039619,0.0012593253741327473,0.056136733102474565
4857,9.69320445154963,11.905219898426196,9.448518880490061,7.797574257856626e-06,5.146499022442425,-0.01431717646493999,0.009052326302987357,0.028925763694999215
4858,9.126066473054752,11.26438452442252,11.992977535986594,5.817034448304735e-06,3.6944130231201897,-0.000775306163870712,0.0047285248233861765,0.048090665278616274
4859,9.874483828042656,12.501356593278295,8.752551144608294,2.6859387495472754e-07,3.4750648435145015,-0.01317402753694142,0.0011369398071919073,0.033993173278940914
4860,9.877846298345316,12.504384831637813,8.721901049411239,1.4047234548381817e-07,3.5343713719180068,-0.013903282320187588,0.0011598309754210778,0.03319942883034977
4861,9.888004691804962,12.516503349523152,8.746373613464064,9.179660637539724e-08,3.44164243668557,-0.01246485491253682,0.001459229206054952,0.033187650300837354
4862,9.832875106589114,12.441379072022638,10.014799404606638,-1.1455128842521876e-06,3.1966496681860224,-0.01148957454967145,-0.001511460998691486,0.034341285042160954
4863,9.546052293274446,11.865780633224867,9.183814321769072,2.6244382503613395e-06,4.030446928256923,-0.010645265658784975,0.003200946093032442,0.028378063351254385
4864,9.439577021683764,11.719677833116172,8.890116595128589,2.5302377916785843e-06,4.110535409658416,-0.01099076648508274,0.004301483776953378,0.022591138416084004
4865,9.543226969565454,11.863976552299407,9.252972841379968,2.686119354073797e-06,4.044242064191975,-0.010283265435624932,0.002983466374447805,0.02238159082613088
4866,9.515937763072573,11.83871137469578,9.213241467214237,2.687411174428014e-06,4.079201349731395,-0.011618989478622915,0.0034713773763894885,0.029869032732869127
4867,9.547488857567782,11.897841658127216,9.205177662293336,2.2807185208682065e-06,4.069152055883332,-0.011766552626667122,0.003704532834179687,0.038678517045185073
4868,9.425743252529944,11.846402745641274,9.958214284440047,5.619853581213925e-07,2.9359859068275433,-0.0052919433055729215,0.000609949863149348,0.024486820600754907
4869,9.677141505445695,12.160735614247454,8.729046608767895,5.771918165261122e-06,3.4205367561237594,-0.009294654791458185,0.004102327222446852,0.0161655148754883
4870,9.71113910709297,12.168849707706848,8.668231475921775,3.5449601717595586e-06,3.419348513651535,-0.007172016446977413,0.004823722815291793,0.010891201460250369
4871,9.856956061419877,12.442734685814498,9.31281261277568,8.655805452344925e-09,3.5023898583239967,-0.014264096953276508,-0.0032572263612536552,0.061662215945004664
4872,9.847663339224047,12.432241367976015,9.249158033627046,2.814729462468573e-07,3.530978465048111,-0.014360075648744678,-0.003003992793861568,0.05838917816312453
4873,10.197283784306448,12.900735809298563,8.969304863155207,-8.743636338572682e-07,3.4535641980543774,-0.012436253582219833,0.0022894470714109566,0.005602621759108267
4874,9.826215950350669,12.346196195571192,9.739308028516879,-3.3380859708718964e-07,3.6626027266887022,-0.012406385972602517,0.000927426425733441,0.06683389181175783
4875,10.029637523510775,12.6493184267149,9.250469083014156,2.874776255286037e-07,3.90022397373758,-0.015473970348009654,0.002775409919163403,0.013747437355286322
4876,9.789944515125192,12.390934293424484,9.667429627023415,7.523758894234981e-07,3.497186173660478,-0.013949028014043373,-0.00017944362356210174,0.055274051341809675
4877,9.912885580159466,12.584644972561795,9.633173759453992,4.0714865990766015e-06,3.1816252338243913,-0.010251915089146428,0.004415950851275219,0.0416862396672439
4878,10.137360798419968,12.717978231236836,10.168800111062778,-9.026611920603677e-08,3.9579111879560127,-0.014540280688160542,0.0020309347404747335,0.049104952596134385
4879,10.256265736727848,12.974125466748143,10.698941923195065,-5.762633893988988e-07,3.7979808608119696,-0.014895295249792436,0.003166413263627603,0.1035369306878464
4880,10.018690157466416,12.69731889655814,10.02283504952712,-3.604587847032096e-06,3.52974513577031,-0.015235051824164556,-0.00016700511552326762,0.02769036181631651
4881,9.975483680856112,12.637443462475686,9.954443153770937,-3.269066214400619e-06,3.3871716082311236,-0.01311716495397358,0.00021750396138092473,0.0377809124780048
4882,9.779254465820015,12.321527394630536,9.47178034774501,5.051371164052555e-06,3.202663424280795,-0.006227626059043048,0.008117084741415544,0.04318555015090138
4883,9.928812394461076,12.44970836773695,9.504735972251058,2.0864920261592133e-06,3.838939582792962,-0.014113097802620756,0.00012953410320434757,0.07250449335339795
4884,9.882112410312272,12.419375122027548,9.597288832384063,1.415178182909851e-06,3.8289134672376055,-0.014710455946630093,-4.449510506540871e-05,0.07399372890426746
4885,9.880688734964728,12.4177437404585,9.598630957223302,1.4221984756599329e-06,3.820381239958451,-0.014591095045373807,-5.435253046520835e-05,0.07383819337624083
4886,9.77916028261616,12.200281979132848,9.607719584166055,-4.062926890121939e-06,3.8416297550658767,-0.012323252781452987,-0.0006776627226158039,0.035861336512317946
4887,9.880728651889482,12.420765897142608,9.596660764445287,1.4188714317204967e-06,3.828605464826376,-0.01453791454836338,-4.600711070499729e-05,0.07369717276756652
4888,10.271995133668586,13.03415117503826,10.402059388901908,-4.978675633970116e-06,3.430719703687921,-0.013831500714908296,0.0005278409587975498,0.03241011323613288
4889,9.641785356473257,12.01497294392784,9.066167685866464,5.958708837075541e-07,4.291862665753701,-0.015868422474004294,0.0007923797795410022,0.1021327263902057
4890,10.276026499269632,13.0468904799983,10.377812313585911,-4.995776186612135e-06,3.3996096126626063,-0.013775074245773216,0.0005219886573326621,0.03177035159730136
4891,9.742620981393056,12.119764817657588,9.343370613815864,-3.7971614201870195e-07,4.329977820495148,-0.01551103294285742,0.0005509478836788653,0.0899944193054506
4892,9.985582179630656,12.71329532245298,8.90940747027905,1.9662884054529735e-07,3.0916567218277975,-0.011853187903842752,0.0019039210750009953,0.061749490359865045
4893,9.818940101751782,12.461525684931493,10.516924731069969,-2.3746412766738858e-06,3.0134395244527363,-0.008640325873880451,0.004914288785537061,0.0383921305128692
4894,10.45340737473788,13.097349302426183,9.811698766484342,-2.456809876024613e-07,4.398678637848862,-0.018980191351398557,0.00041170057624610306,0.04192523826552049
4895,10.003488137250498,12.715814701962076,8.538335073585673,-2.8377073448799333e-07,2.9571689652351516,-0.010770605881353769,-0.0007911890179023214,0.05917187227328152
4896,10.459327223592862,13.106033922458288,9.811339467897517,-2.3269570974386747e-07,4.4103741858642955,-0.019254777588091403,0.00038107194776794504,0.041976850095825594
4897,10.137069188932408,13.029980225797177,9.099644638955857,-5.181503656752934e-07,2.857434474765213,-0.012793939362782088,-9.73304682029114e-05,0.0638650781780358
4898,10.257272165410578,13.143381749412054,9.962751809441103,3.817520544731325e-07,3.1210467473467074,-0.013756562443693164,0.0007729166115436744,0.040241794237087715
4899,10.457129779145664,13.100699759989316,9.804374419323258,-3.299336540859589e-07,4.421440463359985,-0.019220713535117152,0.0004527462186233464,0.04381562246400861
4900,10.247523409292704,13.09183999906055,9.11232484273064,-1.5600174010176702e-06,3.0905056690037314,-0.01252322528781656,0.00017351535159431254,0.05444259983919951
4901,10.121475969726008,12.75517428996726,9.78436201518432,-7.502834051012387e-06,4.131754805063982,-0.017261767425093222,0.0020181243825061444,0.02228500618469479
4902,9.376475680623285,11.4417738541164,10.23600175351696,-6.3578081072586155e-06,5.484327174755983,-0.01573660559710172,0.003167708571325814,0.05026189700901786
4903,9.36256544099172,11.411599435189634,10.259031096150824,-6.050037350098849e-06,5.474517796818639,-0.01418574035051576,0.0038940325869245046,0.04722719437797401
4904,9.971090687351802,12.53803546211918,9.762746393738757,-2.0899157387403646e-06,3.4586262624074195,-0.010981662837629944,0.0011281860171093792,0.03134537266296983
4905,9.70792977046123,12.21460363162208,10.077932017128193,-3.6695252554948786e-06,3.437365446007896,-0.008727050380808043,0.004303802699053247,0.03722562398402878
4906,9.956346210742021,12.54585948975426,10.275290896325584,4.7581380784190716e-08,3.9379319131960706,-0.015378713434475291,0.002637130194778092,0.027658929631050128
4907,9.38131787142824,11.450081370709295,10.23326650896466,-6.336476578969527e-06,5.465922441618636,-0.015559711064162351,0.0031741781960503757,0.04972646540386253
4908,9.571778580549982,11.961864483354413,10.41080393285951,-2.522716228789219e-06,3.4867433974028925,-0.0049082487725596174,0.009532175443138688,0.017440070927559226
4909,9.706005264757328,12.254797602130626,9.393669739108287,1.6695653432274142e-06,3.3067577728889046,-0.009740089881070474,0.0027032020480702596,0.08657858982557468
4910,9.690629007552207,12.184875774666128,10.10780813175944,-3.9083999151596195e-06,3.3384423293346384,-0.009286510963186674,0.002742406981724701,0.02662052481330759
4911,9.663715873679344,11.796994621826933,10.338443331037375,-1.3401798990267285e-06,5.444015406562842,-0.017163075909600624,0.003926542049010657,0.03499488397044908
4912,10.147142289280552,12.5927802224525,9.806353714176709,9.697050267409919e-07,4.760559904344961,-0.0204861146552641,-0.002067092593915072,0.03302422062955626
4913,9.383553606927688,11.466702059656605,10.219474654441523,-6.221659365429561e-06,5.364005523929489,-0.016767205049058362,0.003160118806377547,0.051723687794526275
4914,10.221530889559258,12.850806618982537,9.653716058823324,2.2577067036424735e-06,4.190482607797219,-0.017921139928010484,0.0009671339667101253,0.011154191876043136
4915,9.443972148905551,11.542357869242329,10.312905935060792,-5.696884237546391e-06,5.372394567914682,-0.015206620199468413,0.003305672359932332,0.048471452931025595
4916,10.121977687120571,12.735313754773133,10.198528874840791,1.4260182495274707e-06,4.039343078906412,-0.01602395805609612,0.002139249273475855,0.04636896762978858
4917,9.907726635292924,12.368517708756311,10.531999508505672,1.0007987966302794e-06,4.227860214328015,-0.013016393317826908,0.006856813298152397,0.08653452089012376
4918,10.07966265758882,12.469427864727816,9.710368360872282,6.922962685648497e-07,5.037546176865636,-0.021917016295652902,-0.0016880159908496878,0.03024150421474296
4919,9.323160266201901,11.591299572235611,11.058908233948744,-1.88687898441407e-06,3.975394746271226,-0.008756777174738675,0.0064026409782523275,0.04607786461677843
4920,9.163730937100478,11.136469132941231,9.855114286743461,-8.374020951962433e-06,5.790187640978393,-0.01720243865699502,0.0021657805504830584,0.05319846357513144
4921,9.660398776788984,11.772456348099585,10.483072755532808,-1.4563051204251537e-06,5.467956355578707,-0.016153462329496,0.004355098197609618,0.03560481794470828
4922,9.174813766854852,11.151285693882198,9.861720897333763,-8.101856695700415e-06,5.760952418917465,-0.016887459119459117,0.002219775788449772,0.052486029955106976
4923,10.098945742400254,12.719677959342366,10.499844873580813,1.487414806177882e-07,3.7120226486955734,-0.012928758260752328,0.0038007706863418993,0.02774832972001253
4924,9.139945538380422,11.093181971793316,9.83949920748616,-8.422008665269604e-06,5.868593923602807,-0.01755839050592146,0.0018720343421452215,0.05369105851504802
4925,9.771398059988073,12.078169667420552,10.19930254907828,1.0860827293777807e-06,5.054536838110657,-0.01961317131880612,0.0012498797344798233,0.0749358234221501
4926,9.636298840032769,11.766474463719614,10.472028223552954,-1.5189241384105044e-06,5.591478620844311,-0.018477528002854782,0.004298430364966754,0.04253704605710953
4927,9.85517344361534,12.340972065986657,10.2404233456899,-1.193675996093415e-06,3.791929423834513,-0.009376196546857785,0.008433837263428414,0.03956967829205815
4928,9.919524801625338,12.47106117639653,11.40690090782026,5.498936555874862e-06,3.7347571371947614,-0.014289824185043471,-0.0012581613854797697,0.034394330340782014
4929,10.250954266352691,12.949391408824855,9.802630296713845,-2.0371604875395825e-06,3.962214928462684,-0.017435052467101773,-0.00010440855236017958,0.09186727098151405
4930,9.715597567392228,12.32760456034488,10.167629254965789,-6.451392414549854e-08,2.738595822078568,-0.006828954687158113,0.0010349680228040822,0.07778080584333634
4931,10.086737576899946,12.764801373641864,10.94939033478888,5.582326482006354e-06,3.543185373621264,-0.011993725763493135,0.004732326545567118,0.03422249123866413
4932,9.144168852853165,11.081972008514308,11.88195868568741,-4.475254699784592e-06,5.109369230701989,-0.005597271638921708,0.009291485662812442,0.03056807523177782
4933,10.086397930698638,12.769131466893276,10.956420003537897,5.635305033310079e-06,3.552337791406206,-0.012956628534446818,0.004761706164610672,0.03404511310024018
4934,10.246686294705896,12.943668865334754,9.806996819175376,-2.0064353650717507e-06,3.9468498408457986,-0.017201988300783226,-8.506022395483263e-05,0.09157349613401293
4935,9.375449066707809,11.564513765355429,11.772178323765504,4.5743713828649176e-06,4.712241277739993,-0.0168420715985027,-0.005152524354227227,0.06649376708800357
4936,9.365310193268142,11.542556205610948,11.796673641561105,4.721552406996525e-06,4.729191078811852,-0.01678129509874398,-0.005237336669514955,0.06646475400588932
4937,9.91700588438784,12.54326773593238,10.345233116299395,2.697108008509814e-06,3.3039434417118523,-0.009815680556833422,0.004571196548828784,0.04994834331920716
4938,9.928057865404629,12.526791659006545,9.511245311902453,4.094552969851138e-06,3.8444900377463433,-0.014581605844655196,0.0037099856684630807,0.03427837757865107
4939,9.922469463451542,12.58299772114404,10.293744023225871,2.694300165521039e-06,3.1993747058112225,-0.009365909243929868,0.00442553378297493,0.04785599736617409
4940,10.123076395142768,12.754747253506336,9.90600633552916,-5.120333188266765e-06,4.13426131191977,-0.019948252098383364,-0.0029729240624981747,0.040451153929749795
4941,9.530601438404384,11.872049990619605,10.152385872045624,3.885131354748393e-06,3.61758424213327,-0.008266189857077437,0.0007754775690661407,0.05090542503699609
4942,9.672447270089709,12.266147719133476,10.267386260382128,7.175277654670727e-07,2.904744049910105,-0.008623428541653759,0.002408133515161066,0.05412330648780083
4943,9.968272380367823,12.685744664974704,10.379661669352382,2.962250430222901e-06,3.0721887587815795,-0.010546032911967186,0.004147076499452752,0.04922679590515775
4944,10.050665766463185,12.67010705069626,9.759431064259351,-1.69883421165109e-06,4.026668868451158,-0.01795560950357353,-0.0004915511607661953,0.03815919420222176
4945,10.17065023700878,12.857671668298202,11.284312462637374,7.057609576170095e-06,3.718813297410607,-0.013336086552848365,0.004889044707545247,0.02725812218520939
4946,10.160889628027755,12.846869119184433,11.245354766328122,6.8860066094691245e-06,3.698384490982193,-0.013179944931794278,0.0048708154594519415,0.028068208327659706
4947,9.574933838801712,12.113552314704965,11.094682417002764,3.332048687056113e-06,2.820553494277278,-0.004147455586346521,0.006155742016288749,0.02206135495003629
4948,10.010204182177194,12.75330688611668,10.850334732260302,1.7688849682041002e-06,2.9138405784437293,-0.011145392144628494,-0.0016669794961217382,0.03549741762249864
4949,10.006038359309748,12.712647756246438,9.416072651849253,-1.8565346069422273e-06,3.1116947634726952,-0.010789116486058832,0.0007897128528810007,0.019836414184018963
4950,10.004058175207271,12.711659443113565,9.419543380981615,-1.8555774038425824e-06,3.1167326535602236,-0.010863021802250638,0.000788423420266169,0.02049923591015241
4951,10.110777311599117,12.926701448809686,9.918121771762994,3.983492602656028e-06,2.4993802431685355,-0.005638167053913401,0.005558688496250788,0.017067882083570088
4952,9.750420335270864,12.347067277092949,11.218025365107778,1.6351528344872509e-06,3.020793002587916,-0.008487247432307117,0.0010302035941756236,0.06524575487406536
4953,9.654555365082325,12.021746660082393,10.528052664387282,1.0824896733977408e-08,3.687023044345248,-0.007480649355957552,0.004767626109410762,0.05455285637762562
4954,9.78140269672873,12.282567952180507,10.079343294477862,-6.863257719928704e-07,3.688668860968192,-0.01049739842284744,0.003662320977157508,0.0626965093835643
4955,9.829109071828007,12.438848093418647,10.04541870170109,-2.996755572277333e-07,3.194230680048663,-0.010081470732393835,0.0007063216275419552,0.027336988498441864
4956,10.178298617435,13.04104897559418,9.4175812496426,-2.232075417029393e-06,2.89696378389417,-0.00898484872663477,0.00735406001716763,0.039237949130403016
4957,9.848652627219108,12.618881152464011,10.066012468761802,1.7498908565905726e-06,2.520793210990999,-0.007690622454352936,0.0020986073536650015,0.07019026953400005
4958,10.300031306664398,13.191614755027924,10.093884570262578,-9.1616128970168e-07,3.004536567142916,-0.01073991374091548,0.0056506355542028696,0.06016238952557327
4959,9.787476906470824,12.30954786433878,11.53413805915307,1.6662619136711585e-06,3.663331871885196,-0.013854191763024788,-0.0010766151511752769,0.02395582597426084
4960,9.8027696600051,12.206710728884508,10.487930643025964,2.4184870437856535e-06,4.3239308165284775,-0.01649366143273259,-0.000311334136805812,0.03305940406708367
4961,9.74870624354398,12.124526838302668,10.56354701830576,2.9925270260304946e-06,4.496962932256242,-0.01843036556731585,-0.0014504063668043935,0.03212940014753486
4962,9.867869925616215,12.322707292318055,10.220539860017896,2.9664628786104105e-07,4.4052696199487995,-0.017548614014435134,0.00013528151314644256,0.05002284103329296
4963,9.805725061168733,12.273420144677877,10.105462557164,-3.269636223222544e-06,3.9250924164968968,-0.010539381810036712,0.006872398625983477,0.022594351175536584
4964,9.826350257933791,12.3902865424625,11.5136035995802,1.7058587938687369e-06,3.6455711951798735,-0.014568589111030657,-0.0005479957970510774,0.0373723936107547
4965,9.727019241436981,12.167921619376328,10.09302586099336,1.6636861187210128e-06,3.7839837614702674,-0.011357486470096864,0.0018657606400781972,0.07034364358424085
4966,9.814940704595285,12.211938089218618,10.481538605490565,2.4471612031228126e-06,4.402715596843562,-0.016006341081485378,-0.0003007667045191979,0.03122791949047528
4967,9.837972058347718,12.420175255087486,9.63466072107792,-1.396667281685762e-06,3.4948206342670898,-0.012025737373449433,0.0030158060556725865,0.06404441676661714
4968,9.77707831706035,12.165096279667097,10.513464767799343,2.5841190683896797e-06,4.3730991306560965,-0.015964999468174777,-0.0006904231923202647,0.031102335661199708
4969,9.768549447653752,12.178705137353347,10.15187021829654,-3.2258670677596115e-06,3.924683657406137,-0.00852528670716937,0.008823317687593604,0.012473871345881205
4970,9.920308441611573,12.538981068972598,9.459124221558728,-2.3254468093858316e-06,3.5667580925469715,-0.012974594712495045,0.0030369207089412354,0.06282736286569994
4971,9.901149235231687,12.465388410791007,10.977293096866022,6.393416232077551e-07,3.7908854062032624,-0.014854578752178112,0.0013225859632312038,0.030842218262387033
4972,9.756575632680695,12.130941974393895,10.550955382297609,2.8067785809987054e-06,4.434357519702079,-0.016493550677549727,-0.0011290624203312916,0.03060872359271332
4973,9.622226482877725,12.01869507181161,11.851334361332874,-2.8874365209838784e-07,4.1368078824809205,-0.014505067297159252,0.001958104768389856,0.04169846908092298
4974,9.774052939559773,12.171719927440014,10.503348034235463,2.6007122807359276e-06,4.355905676468787,-0.016361211027583228,-0.0007003914087976898,0.03012610897392143
4975,9.364363240819724,11.65729192962936,10.171729974533084,7.333992033217639e-07,3.7887343220871728,-0.0072200109969518525,0.007827252883029146,0.09044766830896517
4976,9.770046180082295,12.201963545933497,10.529251892464613,2.700565095376405e-06,4.260821862562834,-0.01700628460061007,-0.0006601403389565819,0.035098550929342054
4977,9.832095362620445,12.29861588640086,9.86398012393538,-3.9928884500285e-06,4.201864581025019,-0.012809985128538898,0.007222364686035309,0.07292981077386748
4978,10.117141441787732,12.732373796140152,10.582928914298208,3.832472859762971e-06,3.954024326372501,-0.01555621634668942,0.0018363007181637777,0.03757963871722745
4979,10.082533224429389,12.695493947941126,11.208773479673606,1.153863519435922e-06,3.9268623505597726,-0.01612563416826679,0.00018497452461285407,0.04287279428304976
4980,9.88698856861163,12.402833274704443,10.057744575370902,2.2381171086675255e-06,4.039755636645625,-0.014305071960468662,0.0031138986738565265,0.05125302704072758
4981,9.743251437808587,12.089670359506552,10.767474281170603,5.471875484360357e-06,4.589661669841266,-0.017621986611415532,-0.002227279173722451,0.02970469792993018
4982,9.914643063174305,12.381219059493912,10.001262182514049,2.3430787930458127e-06,4.379650819399618,-0.0161523869329263,0.0017888754142701183,0.04164042935363399
4983,9.947274334291142,12.47520298489531,9.916327720831083,-2.0652029161153855e-06,4.045698426738417,-0.015507218025082682,0.0015777142438224488,0.05950514625822119
4984,9.971354637028021,12.282962963488206,9.374513369461699,-5.877490089689939e-06,5.443359096279632,-0.018728140043778537,0.009107166930078271,0.04629206113372453
4985,9.985859252869105,12.561970608992755,9.843491347332701,-2.276012555275282e-06,3.9005816469519976,-0.014438112843433484,0.0026394780039664676,0.05563508630114131
4986,10.091959064947504,12.743099193178429,11.174157359037643,1.934465941429799e-06,3.6770309155180545,-0.01400378295815194,0.0008707472446455346,0.02918063976984492
4987,9.74469264943916,12.09229405458012,10.767608641583864,5.431387749145849e-06,4.583485890688706,-0.01755379879193736,-0.002192140407826831,0.02963801588958892
4988,9.721749209241176,12.048927606372429,10.864020678591292,6.280416029974183e-06,4.6443931465809865,-0.01778558481676474,-0.002619096254395112,0.026255406449852105
4989,9.736651851194196,12.025404231190649,10.855534602540152,5.683740864255874e-06,4.691189042486915,-0.017198271140420364,-0.0025888432007714094,0.03357480920329131
4990,9.895602333755434,12.337816365981228,10.02730892346472,3.1070147750590712e-06,4.428954665764125,-0.016016552904675633,0.0016664440174236832,0.04087013022234813
4991,9.969885305363325,12.535321517829304,9.867763842206504,-4.328495673928477e-06,3.8779906615270496,-0.015284339945868934,0.0015388872906691162,0.06765957813909303
4992,9.890833717026304,12.333255038430655,10.028045036975657,3.0947363689171063e-06,4.425654476726878,-0.01615316326510448,0.0017039552730441507,0.04149593421454835
4993,9.893184461745786,12.335056673681526,10.028711668775347,3.0834881645926567e-06,4.420151267858734,-0.016331875339575613,0.0016692059701382345,0.04151225358087984
4994,10.030412919001526,12.58583055574543,9.970733945896805,-2.5028517204939257e-06,4.1781750767750685,-0.017027939840274994,0.0006385889239644994,0.04359374698744806
4995,9.914025870777152,12.384663084396752,10.2188784218794,2.849375326184008e-06,4.318888067380383,-0.01588983342023231,0.0015036407345838858,0.039976123218182474
4996,10.133155969712424,12.74481233413294,10.647505348821293,3.877360885333496e-06,4.069858786188053,-0.0161719742566422,0.0019444657511429252,0.03933155920052859
4997,9.848685191923765,12.557607913250871,9.717130182132664,3.771035353366275e-06,2.5306658515754465,-0.0046754369025255975,0.005447583631921455,0.011721617923119196
4998,9.966264709129725,12.536585936706064,9.331896793114463,-2.0807727676329975e-06,3.8931126227568624,-0.01281943725525768,0.00536501583961889,0.029441040220290923
4999,9.968168495016,12.536330018085277,9.3256594731989,-2.1150360499442553e-06,3.9128860061519855,-0.012984978516237658,0.005381127583445248,0.02871746295868302
5000,10.11498523345791,12.981448742998706,9.592105536366955,-4.363560800564157e-06,2.7167721702251217,-0.009836653097855624,0.0021745779867123217,0.07902524504205548
5001,9.130896101928219,11.19864597687007,9.455873828632786,-2.9814638072936636e-06,4.172918063844713,-0.005112975600728736,0.004209233966731159,0.024364632947342008
5002,9.573372364588815,12.204405059312665,9.546886944208765,-1.2873001775648236e-06,2.1452951203114026,-0.00246875620263965,0.0010316613815262734,0.02898808216747089
5003,9.472971789471645,11.852099949592908,10.119297993604052,9.07125333964947e-07,3.5977164014102505,-0.007804863373004752,0.0045774056413636025,0.08484761050550067
5004,9.841909456676122,12.531451874976028,9.608455829957,-1.916904388443429e-06,3.0113980240436167,-0.0115771000676684,0.00045141664218921327,0.03773917665825231
5005,9.093215279851254,11.146403361612146,9.374042482709763,1.774989785422874e-06,4.1138569728127266,-0.004979852758770054,0.0001879876720521876,0.08698094413268721
5006,9.290219204217074,11.612558916677324,10.791742498397271,-5.47066326121243e-06,3.0609066244248253,-0.001515407513805167,0.008306981107808527,0.05823637285416755
5007,9.125917720514094,11.289411482851316,10.920079528852575,6.51391222265526e-06,3.4192328510562744,0.0013931535093809411,0.008324412873357388,0.06572833165532775
5008,9.296997899993288,11.5537012413964,10.443903544466478,5.10907995698463e-06,3.274336560999594,-0.00016413026417105847,0.006946401310330308,0.04808020244236975
5009,10.205444471563569,13.066424958883555,9.97277370784033,-4.869793010651178e-06,2.887918512454534,-0.010604896378559749,0.002359272480364205,0.0528524925659196
5010,9.316012855827221,11.659513591627878,10.975690504378816,-7.025991651265997e-06,3.116537701929124,-0.0028455625605526835,0.007633449935904736,0.06736329272896402
5011,9.632551961304538,12.067493507915144,9.854157604810425,8.788671622892689e-07,3.4784349456069372,-0.008818073911474392,0.0009522697871045728,0.04688576967043495
5012,10.505797031935847,13.342390715176492,9.432798803691105,-6.084676401837995e-06,3.568731345588514,-0.014282855562955606,0.0031038660243075497,0.029159235645248693
5013,9.841307650398445,12.535810467694832,10.364235250374373,-1.680190799044186e-06,2.822232690534419,-0.008694586885699301,0.0022275525762555917,0.07473939632290018
5014,10.05640875758268,12.709171768075413,8.921893992583641,-5.1565355238238e-06,3.4891165070641903,-0.013151684449572536,0.0010250896913724464,0.018659263262414065
5015,9.13181326795359,11.186151256994558,10.393480205075855,4.477516336911504e-06,3.826275064838171,0.0021940728661160175,0.0062541451735687896,0.08112188155418523
5016,10.465915257112876,13.490457045473912,9.673686566966833,-7.167900818552327e-06,2.813079657322637,-0.013037624957166243,0.0005273467133229005,0.04229871288532084
5017,9.385381622466063,11.707129363114804,10.309998691008127,1.2908790383437075e-06,4.025475229078961,-0.01286388370742925,0.0010198220785247554,0.039825513655567725
5018,10.345230256471762,13.22313749844082,9.939684378169352,-7.486412389902339e-06,3.1467057035408432,-0.012787234773943576,0.0016882174386667673,0.05070590243554303
5019,9.150859614811775,11.18974190579959,10.472472917394672,1.6111660147907786e-06,5.330685077944167,-0.019156012403017772,-0.005502412404876582,0.04667904709958583
5020,9.863999346863597,12.43693648638544,9.095342186161528,-8.582536848417024e-06,3.5897068318736194,-0.012110870593322172,0.0016343263702596493,0.030812682892980725
5021,9.093455636288551,11.063871516314462,10.407909100458191,2.207053488930195e-06,5.330564996360125,-0.015226508777330953,-0.0065916189571201675,0.044829606834367354
5022,9.101564837854355,11.019635127984742,10.783382162283427,2.8812204628117137e-06,5.650678216905778,-0.015338508508804388,-0.0061617459217789845,0.05344036428271731
5023,9.099223420295413,11.018655824386544,10.787142632910708,2.8834884636629606e-06,5.6581913045404235,-0.015498725839538737,-0.006188040348315794,0.05378830102135455
5024,9.973261787706821,12.721886952770168,8.96604585564413,-2.8653472671694497e-06,2.935475344477358,-0.010638563210647545,0.001473068368418364,0.018571847179101125
5025,10.230778690276424,13.072899021186512,8.323364426975882,-5.464697537994594e-07,3.2111389811306683,-0.013007709967184531,0.0021636580420172353,0.027235597967340805
5026,9.966423548016754,12.586449569825438,9.428660412847037,-7.053442822602292e-06,3.5740475219432186,-0.013395592795192377,0.002154827248991815,0.03397788589521999
5027,9.265486717505585,11.358301516003376,10.45301360444374,1.5710707381666525e-06,5.191654581359584,-0.01888417614264561,-0.004980153163866991,0.04366419110344389
5028,9.167408046910062,11.131871250752456,11.10917618275876,5.438515585282919e-06,5.5661333127044035,-0.016171477080297696,-0.003967095841819385,0.05146954634422211
5029,10.178234111439936,12.965471535391222,8.709590998507386,-1.024734684115308e-06,3.393515992134279,-0.014457823239568207,0.001619892481138481,0.026222665417165104
5030,9.123955599948157,11.19308307418045,10.046928406483866,8.490800563069295e-06,4.875454761418547,-0.015019054482481376,-0.003459760053028552,0.028239023989492136
5031,9.81419355138993,12.341942487962807,9.970817536534133,-3.4434881082319755e-07,3.980639898643535,-0.01439529708258496,0.0037295574461457424,0.035964592408202434
5032,9.378444825125413,11.499742435854431,11.30411657571392,-3.871819598769309e-06,4.76765477618561,-0.012687106357493962,-0.001080251694708402,0.04303845283693422
5033,10.416453045933332,13.231727331589177,9.49641542224308,-6.061358305123552e-06,3.576161991815431,-0.013779745247496866,0.0032976077129641093,0.03817105882041808
5034,9.190746036769918,11.186263505637292,10.24592102800594,9.065068724546863e-06,5.30644555135186,-0.014094978556672627,-0.004400592335747565,0.028836379086999587
5035,9.586718991779819,12.076963092490264,9.24125455891837,-6.27522867290687e-07,3.244478698678533,-0.010693974068566474,-0.00214163057441112,0.04580496343669559
5036,9.590401092702496,12.080120744398991,9.253214242889499,-6.820888134189161e-07,3.233926346091107,-0.010430555076733863,-0.0020689962734467106,0.04661404635504535
5037,10.290621228452748,13.127637373358388,9.99434046360253,-2.4027030294422405e-07,3.3893487740306005,-0.014641164107311316,0.001292840469183312,0.033854491299540185
5038,10.438193735719274,13.193334185898983,9.599748902148328,1.4330791586557245e-06,3.8876200700943135,-0.01738209614656905,-2.3552867900044835e-05,0.04226401722867687
5039,9.637461153014028,12.135126169940024,9.106269137027207,-5.784638037051387e-06,3.259571595082411,-0.010273723634204987,-0.0004185502874006877,0.0686254909385569
5040,9.938791888509224,12.609884571965944,9.289018187636579,7.236366979621157e-08,2.988217685967425,-0.010912860325200228,-0.002084757004809744,0.020860150331096703
5041,9.858327889848407,12.444725404384512,10.371624172380733,2.760873922841443e-06,3.6440967340869537,-0.014494241891470168,0.00012814562870065282,0.0276796195674396
5042,10.22628684555357,12.99029957211702,10.683583668773991,2.5787077501299128e-06,3.401518094615632,-0.012155470748946198,0.005170057920478147,0.02082584030557567
5043,9.860305825538838,12.503441946935114,10.32103301866256,2.13684368528875e-06,3.4551503173490983,-0.014075257171072126,0.0005733548889126465,0.02247069160265391
5044,10.166991758101716,12.756450433597248,9.448072303098204,-1.8184520948915297e-07,3.9813793791212904,-0.01458291802546431,0.002402290508034333,0.017809928296739677
5045,9.9818160840028,12.711885457174343,9.659005853800556,9.290725810564329e-07,3.0235983397889843,-0.010822419936507717,0.0008785588611948264,0.07470601746838737
5046,9.839035760597593,12.292534276425355,9.773054277491935,4.4886852362090665e-06,4.169348112230224,-0.01653200020209485,-0.002263597965689281,0.02544067023490089
5047,9.925730625833637,12.260123725671436,10.90883264409503,5.389386289706748e-07,5.250371405544001,-0.02195409383395992,-0.0014702665840156757,0.023928309112372054
5048,9.762165024724885,12.370456805959614,10.657631912618657,1.5305857735291334e-06,3.252173679685726,-0.01132480976153094,0.0013030851329756605,0.044357585135809965
5049,10.461026042353778,13.215498883789992,9.601857902608558,1.2870033659164409e-06,3.9201260527722854,-0.017004347011769505,0.0001894447818211603,0.046305889475522125
5050,9.963033976824255,12.315585390657771,10.948089956963573,7.969674684697126e-07,5.270155288554752,-0.022584381236557052,-0.001811904529440894,0.02754925085421735
5051,9.985674555970144,12.361495848683186,10.891064091633504,1.2426585564826152e-06,4.9910424292200855,-0.020184212241853013,-0.00046614786371095614,0.02836099638115851
5052,10.004471961387674,12.381074201620594,11.004290941330485,2.1303556819651174e-06,5.151424277513506,-0.02290373295449733,-0.0012070574254328106,0.030073037131022943
5053,9.892360699842436,12.451422857290211,10.66374600570468,2.245745373309943e-06,3.832720626724552,-0.014377248293746684,0.0006083383001640359,0.03259833793400737
5054,10.0810380214184,12.561872310784487,10.601329237162483,3.492764884440456e-06,4.5766319751476425,-0.01993062509904358,-0.0024663605135638225,0.04314895730746886
5055,10.439589970716671,13.194408645249553,9.599758792287712,1.4351670742676214e-06,3.892297907164724,-0.017195028791717887,-2.0428042493406432e-05,0.041888973812585314
5056,10.222751368075103,12.811874691232964,10.205470561917698,2.679524090954952e-06,4.306157163352988,-0.018849413551953777,-0.0014996351147755229,0.04265096398142053
5057,9.8284539274794,12.502877605864168,10.007658990786483,-9.400392672689782e-07,2.6185903276178633,-0.006375827159920411,0.0015711912586858653,0.029915435095021925
5058,9.92600098328715,12.66370880628944,9.653309459040008,1.5125876248935267e-06,3.054043517847532,-0.0121499384664586,0.0013345495439213333,0.023576275125560757
5059,10.10216696963218,13.032145170077468,8.63407196812096,5.143951375297523e-07,2.434434087218354,-0.00856286057316357,0.003279177591841859,0.016892775516164978
5060,10.230411637047064,12.964020925105816,9.456507763897152,-4.3332918284448465e-06,3.801115316589332,-0.016973754615337525,-3.1797405524555634e-05,0.025305082401083864
5061,9.704671058571678,12.264337296205918,9.833549978286026,-7.776699303708017e-07,2.925002437746392,-0.008623850633474442,-0.0011617567880302132,0.04455688887297295
5062,10.228703646478442,12.95205267432771,9.454135149082015,-4.157008752837128e-06,3.7809343972580023,-0.016838982104067552,-7.694592858179927e-05,0.024351781570229596
5063,9.873245328888869,12.51588206726838,9.867749304764924,-2.2592285271718276e-06,3.035017195421244,-0.009972416186315797,0.000181545851513764,0.03832999425116908
5064,9.794643514106722,12.372636913252832,9.868277743731973,-3.527609970790105e-06,3.452352309323093,-0.012425042884260804,4.6458006727795385e-05,0.04193650987369029
5065,9.975148415896802,12.691204828175495,10.158044896321517,-1.94333871944778e-06,3.050117065091469,-0.012325029421540012,-0.002054794808841522,0.045965263209512705
5066,9.759054986503575,12.295802392314398,9.691768396351861,-1.5970379581893584e-07,3.4706039785194447,-0.012632866055002691,0.0001129931830327691,0.09107264060278372
5067,9.974807844534832,12.56734017122993,9.573593154249556,-5.585069863975229e-06,3.871904538534288,-0.016215177715073935,-0.0008857310330368327,0.04113924749805925
5068,9.578344433884405,12.00011966562565,8.650342503974928,-7.036004392267218e-07,3.3959068235224357,-0.0081677379392468,0.0029679639769810947,0.1034109989061243
5069,9.961421911563184,12.551914400784288,9.603633837852573,-5.808647094760563e-06,3.90991560584882,-0.01714923033405103,-0.0010904481527143246,0.043472535260818304
5070,10.009738420156472,12.526233464132504,9.70169544820081,-9.372422525173059e-06,4.149393961591317,-0.01741216287292524,-0.0015922247027170455,0.014996501438061484
5071,9.710338691876709,12.375341828019607,9.687904159348736,1.4753767001405133e-06,2.470951482380769,-0.003736364598638547,0.004964459790545712,0.03369795309894998
5072,9.898356400965053,12.575109087071889,9.31829880303219,2.8841282780172553e-06,3.1594510126457376,-0.011978460128810013,0.0005441108933703456,0.07978936119754784
5073,9.962320744828974,12.56054255062557,9.574847987857071,-5.324831389476413e-06,3.8594500973101225,-0.016880971413192836,-0.0008391552821140335,0.04130826948085371
5074,10.46984742907645,13.205651533492205,9.513946858341068,4.5792839319083474e-07,4.130159319108732,-0.017019110012175185,0.004033540627636404,0.030781359803183223
5075,9.677562943466745,12.184068199349197,9.609407577742202,-9.213568422871667e-06,3.7168362993483415,-0.01573245919401148,-0.00383949162868256,0.04735860732155424
5076,9.969618013790823,12.558079775240298,9.6674053751884,-6.318099287006295e-06,3.920214643398253,-0.01729858654982813,-0.0014007798647696808,0.03774195897464734
5077,10.129553975085273,12.701943143426396,9.302809544957935,-1.5079930043949654e-06,4.149261536510357,-0.01847543712440028,-0.002964931673976871,0.04927096376287709
5078,9.681340706228157,12.32445683446482,9.91713250119518,-1.1638167634556314e-06,2.841494671947106,-0.010022358115182674,-0.0012920755713415554,0.015616203340724416
5079,9.882154721964847,12.282841408692583,10.470191393317648,7.3187723771890605e-06,4.6931277914219285,-0.017142149834777826,0.003555666855685604,0.010665604300994036
5080,9.948169285307525,12.486868845119844,10.11127077486072,6.048727654509708e-06,4.067389943269621,-0.015814047602139114,0.0007795677219676128,0.02825925274392129
5081,9.63028003848826,12.037510905805858,9.184467761011218,3.134835826147771e-06,3.9381531720945446,-0.013635116212002717,0.0004887389098757926,0.04852532784303611
5082,9.681131598004615,12.138005289978588,9.459782484023757,3.658377397573867e-06,3.640119862606076,-0.012080464568059768,-0.0002103652036297768,0.06713006652976736
5083,9.915207219432231,12.554529819871336,9.79547433381423,2.7077725792622332e-06,3.2994839560318097,-0.012803410649153982,-0.001303806380136652,0.03759520279430183
5084,9.674348367101935,12.087378854257553,9.085136038288343,4.094641140624494e-06,3.96942966306624,-0.014365098081255676,0.0002247757867952203,0.047996617544438305
5085,9.89045443913703,12.60290381650698,8.319818494698657,7.01598229041303e-06,3.003865008336612,-0.010805256234943612,0.002519035607878415,0.09854724329175459
5086,9.69135832123765,12.16107142673702,9.421201116293117,3.4884913581469296e-06,3.804044915213915,-0.013068793726892423,0.0009819321965798863,0.04982083847967077
5087,10.875458109976126,13.727067711176472,10.270344348362192,-8.176212576769717e-06,4.252099401091709,-0.020573964916232965,-0.0019161210925066545,0.01921594548027244
5088,9.810939828685548,12.403795908560124,9.417739165295911,-2.296171534814199e-06,3.3574040861505425,-0.012748564472795956,-0.0015227339999124678,0.055127492389629856
5089,9.818189727900624,12.078033976043653,10.678006000386151,-1.6861958521707909e-06,5.352641074297551,-0.019536794968138503,0.0052556450451252965,0.06930572579692829
5090,9.687816408764668,11.991378557059996,9.217222659906568,1.9142949484317053e-07,4.889842162326781,-0.019901940732156856,-0.0008079004030993723,0.013678689548773272
5091,9.830591560858286,12.108341480730736,10.614113582876852,-1.1435401184053283e-06,5.201632073885221,-0.018240639156136502,0.004631372543203883,0.06446906469180529
5092,9.818097349575002,12.092889249598525,10.339769500805058,-9.597918978268385e-07,5.142360477779828,-0.01751583979969792,0.0037095639458008334,0.060221724268949874
5093,9.384175268161592,11.364656219121343,10.209744208083308,-5.2434465495499e-06,5.776764963860616,-0.014018434748034403,0.007181827760385095,0.041844134073370995
5094,9.738100389314093,12.066946413835868,9.100451220648573,-7.007183408207588e-08,4.730573013441592,-0.017642602034455057,-0.00034385551575152233,0.04388860682603552
5095,9.40862427324998,11.450750508882692,10.168359924587444,-5.043956216471966e-06,5.671853133248405,-0.014350839841983914,0.006956031015058773,0.04199039027320816
5096,9.90825307369479,12.52015807546319,9.646641038422429,1.5579241456572346e-06,3.7794474227198274,-0.015676714360188245,0.0010275426573017731,0.06669553295851313
5097,9.819252329168169,12.218272926708607,11.950648686713006,4.1674889827834434e-07,4.539130097499772,-0.019350130786500816,-0.004599997796518924,0.03427967830343448
5098,9.756377055928734,12.147393190020512,10.559855599060512,3.4942798954022553e-06,4.32519700890521,-0.015009160440700052,0.0011198023029941068,0.0648859236091926
5099,9.825361111340708,12.165232883957124,10.18460639332025,-5.46824384788835e-07,4.854384926586086,-0.01839130066320202,0.0028398031238422517,0.06780996005988701
5100,9.825147924209167,12.233038124024333,11.5429509481289,1.543058662893432e-06,4.507629600601808,-0.01830812571206772,-0.0030566155276325483,0.03473158361307591
5101,9.930353721425856,12.244428711979644,10.73470754815115,2.310111623597976e-06,5.123117149304388,-0.01847345193898161,0.003793449289732776,0.04099776487958653
5102,9.836613074444386,12.263197501624438,11.588448353773696,1.5969908544311529e-06,4.471089480943981,-0.018757545896557586,-0.0034274825385063774,0.03445326343272902
5103,9.821666619669406,12.224319386036356,11.78369339707808,8.779812161788854e-07,4.526230407151947,-0.01892342187315925,-0.003967971151940969,0.03446473692583638
5104,9.789172863454583,12.221676480927746,9.040354052247919,-5.600410558099127e-07,4.427228125471766,-0.01790112739104216,3.09282902629434e-05,0.05314363478076721
5105,9.736597494038302,12.065993481726256,9.123516793229722,-1.4156062130657408e-07,4.7140612981265555,-0.017422993324863034,-0.0002948049053646748,0.0443600563534499
5106,9.708849185568736,11.993945086439604,8.847446069303674,-3.826732555209173e-07,4.960311501266677,-0.019228755665153054,-0.00021442516077936993,0.04496716290160363
5107,9.828118143682238,12.238011072927067,11.735571731751836,4.800677928595801e-07,4.495080645216298,-0.01871816203350696,-0.003840583598921688,0.03531330510207642
5108,9.85418467685215,12.2871723443143,10.194364447869466,7.358022733909792e-06,4.460895242297635,-0.01789612399824282,0.0006491343829845295,0.023299270962962783
5109,9.935221259074307,12.247620419715869,10.744802451342782,2.3912493606538014e-06,5.134921502944822,-0.01848721507840254,0.003893321189652901,0.04063311354291428
5110,9.95195925914719,12.500760194951097,10.744222378258778,-7.3855178647322755e-06,3.8585913071997378,-0.014910034233337692,-0.0010567565623857082,0.05140415191115591
5111,9.787781488227496,12.071200082624266,8.777684291204036,-2.2712187913991227e-07,5.117587650378683,-0.020663533920494415,-0.0008660960229390087,0.04409019340221779
5112,9.73965488467002,12.35041987325484,9.118637641591585,2.599474408779935e-06,3.245579474526872,-0.013212194160140512,-0.002668811241635844,0.07062170498550746
5113,9.811073941580318,12.18207273857767,9.210879760937022,-1.2590387882457336e-07,4.822496514549599,-0.02010151508485156,-0.0006808464939627029,0.046152647649711075
5114,9.798753444195986,12.046592253464478,10.58915807183881,4.4811562017134244e-07,5.252050180850653,-0.017447404734921703,0.0045187077360081505,0.04144720348957139
5115,9.94639283151781,12.250333549464733,10.798409991230695,3.1881438510183475e-06,5.342853077171812,-0.02059789346751072,0.003990114648804112,0.041336515911298104
5116,9.639894460052435,12.083424692082296,9.978469283887085,-3.1268347308127424e-06,3.994852833865125,-0.015150898823086512,-0.000187120923532588,0.03542536149021415
5117,9.767654396371501,12.081205482262716,10.448703573299154,-7.826501055723046e-07,5.113410768972232,-0.018222111570327736,0.007024675665925024,0.06611631409441598
5118,9.849525048869182,12.273770216396684,10.129595431479002,3.082946619824044e-06,4.561456555457552,-0.01591140452185091,0.005588987488790196,0.04647663868669743
5119,9.842727506861792,12.331190301247844,10.143616274137324,9.713117262731587e-07,4.124881982583211,-0.016428758885786696,-0.0004369508800331663,0.04704035442186785
5120,9.589218492968246,11.874843859602985,9.588533907540954,-1.3352347743099222e-06,4.948091221952638,-0.01894520132432949,0.0019001379684358477,0.05959773657146311
5121,9.607506119704363,11.878287385065745,10.9973617625218,-3.4809331210917835e-07,4.852159170305146,-0.016405693175571983,0.0019069540441007489,0.055969786138415245
5122,9.678561718872421,12.082753035826492,10.12078831987438,-2.417354151551743e-06,4.333390644919739,-0.016080418527074408,0.001995569623410182,0.044714149837875805
5123,9.76054100908387,12.116937072744609,9.831363548400647,3.820249643649728e-06,4.718541000798098,-0.01630466544958428,0.0053760890613777325,0.04402071157344959
5124,9.798891364023948,12.102850759196212,8.79569937012309,-5.454599146601353e-08,5.078440916565385,-0.020868735886594908,-0.0009552472144248453,0.0437626693971007
5125,9.677024128664499,11.87892223785941,10.695275098543094,2.8566838857781035e-06,5.173355323042676,-0.01506013254498564,0.0059405880264439374,0.039026643424960955
5126,9.796579947964814,12.095677106873891,8.947254141406969,4.236916134174312e-07,5.0446791498776555,-0.02006795355011128,-0.000674912064087489,0.04326116153266044
5127,9.647311052192924,11.787701964432491,10.409113137012117,-2.129294004760518e-06,5.664065668168494,-0.020541874609051734,0.003387533148674821,0.04989188419594544
5128,9.977866782958143,12.24512636456962,10.043807945049872,8.453710949243238e-06,5.418903663234244,-0.019425111296384356,0.004630480990534647,0.025041658766867328
5129,9.55945769876243,11.630370126320006,10.543584776510851,7.369733655256226e-07,5.745791472927701,-0.016383341470459077,0.006285185111674264,0.02924088855779368
5130,9.912195350933667,12.216958742686012,10.726333565586993,2.514318318605417e-06,5.312279167804496,-0.020525342695467,0.003944412130264318,0.04168092635030518
5131,9.97595817428693,12.703578253616266,8.775418145961764,9.350751183618405e-07,3.130802440142907,-0.013457023517785938,-0.0008798502564512085,0.0574981930509972
5132,9.222312497510693,11.307925864687116,9.088927103257655,-8.673266200035337e-07,4.6422272204066415,-0.013834647924045013,-0.003925103995171443,0.01825076476198012
5133,9.599060354646959,11.91680289652586,10.780310963120511,3.4543227959232844e-07,4.284104783132012,-0.012790345319913047,0.0039059702303796944,0.05303599003161991
5134,9.555918365444036,11.839454279535502,10.603371180177756,-1.8366591698127018e-07,4.3535998706481145,-0.012579395132372414,0.004219042230448767,0.050310917512375694
5135,9.41210113370964,11.56973769544892,10.058694481533363,-1.917673746638678e-06,4.670203566808711,-0.010344782133291971,0.005371508325380892,0.04043869659798342
5136,10.145795836472136,12.820988977622797,9.235950048850555,-1.1949355426034512e-06,3.6784362567957585,-0.016529084142779354,-0.002096304136852965,0.007929232807886516
5137,9.726890862830711,12.23551652629928,10.94072996997717,1.10510128675986e-06,3.845409144377829,-0.013454963703256289,0.003986110862202615,0.03363980158348981
5138,9.36122411060895,11.465643651179931,10.063489531384134,-1.9358805611964626e-06,4.86370776759956,-0.011001978302964984,0.0058028910858522464,0.039384691579062325
5139,9.355591355675983,11.46408480289602,10.08825452047064,-1.8060976207030816e-06,4.816504300737151,-0.010493814507526754,0.00611007914067806,0.03556065302006065
5140,9.680000267272504,12.091274562771968,9.963025737882976,-3.5553720808237073e-07,3.7983827980741665,-0.011685925803320583,0.0017331587238520031,0.039849523872497954
5141,9.571379802393475,11.746861482713053,9.790627028172832,-7.70690266680158e-07,5.132270864943839,-0.017183396797590747,-0.00016426830299288162,0.02816672983134109
5142,9.584460147405062,11.760989558264384,9.824320101852168,-6.834980850480901e-07,5.112489348693921,-0.01676881404336836,5.518864226619017e-05,0.029233372353640617
5143,9.40697841182831,11.562877690965674,10.057731726033715,-1.945260368983511e-06,4.679275668296744,-0.010036933449393826,0.005386870499187066,0.04088215296689198
5144,9.40983890676184,11.562780821737206,10.060670641430168,-1.9537533376654272e-06,4.667885967445372,-0.009721270213248869,0.005372076344853499,0.04034878155899402
5145,9.92217919249115,12.550654768821216,8.9356105547893,1.070359615065408e-06,3.3074139398951985,-0.011361163753440968,0.0007661386795107107,0.045910492490985715
5146,9.813553809267162,12.341207670734365,9.174143589308365,4.2919311390807354e-07,3.595858552732518,-0.011013476739142773,0.001742680555954129,0.04473130943980587
5147,9.452229941180908,11.974359197095728,8.59181911579669,4.787755446246493e-07,2.6279691467655697,-0.003837708432490997,0.004365233500013405,0.031185753515094575
5148,9.292079413566272,11.656551047122926,8.11448469953703,2.2569612828094722e-07,2.98590920230118,-0.0014506312134192692,0.007631833655419157,0.05691621176352506
5149,10.172693663387571,12.936794807426192,9.78864283005808,-3.348665410173164e-07,3.3631128700021673,-0.013961903840937153,0.00010712703402120886,0.01879002661199662
5150,10.1725751116673,12.939420737128572,9.782773247979263,-3.2898347784235996e-07,3.3648770824778005,-0.014227787742898047,0.00010271109888832658,0.018779916780975695
5151,9.520434297066016,12.058867132074512,9.42463573378743,1.542540774079264e-06,2.74947514324521,-0.006663395882746174,0.0019521025114807187,0.03827120014205394
5152,10.01473639304984,12.750093645873037,9.037484218962245,1.2380793549396974e-06,2.82871440317071,-0.008316868026265564,0.0030383572943247913,0.04074184322298166
5153,10.020722168166932,12.620172293133864,9.14560781729773,-5.7344260424980655e-06,3.677674814977294,-0.013024721927132096,0.0027577304528099986,0.032929584221381134
5154,9.925684302843639,12.66264963993134,8.857260812846896,-1.665683095246868e-06,2.807536082108917,-0.008911589836819774,0.00235242419107624,0.079583730963352
5155,9.765068353036149,12.455632083815166,8.924102861719593,8.670822584795049e-07,2.6895129142632705,-0.00777841402422924,0.002680375552777221,0.027771363914196073
5156,9.997678171003717,12.594218903498044,9.140413367567282,-6.0071765607272925e-06,3.775368082093305,-0.014089975673565095,0.0027606805946066622,0.03532064010344817
5157,9.973956975387699,12.567502816523657,9.1350662675264,-6.2879424517947265e-06,3.8759322803620817,-0.015186534240243329,0.0027637174327974495,0.037781962412490974
5158,10.04584608920465,12.670515534626004,10.012662161773456,-4.445635706102526e-06,3.9683577261584606,-0.01622921235762672,0.0014924807670722692,0.054797579578965805
5159,9.917852479449287,12.610088445614092,10.012510273611245,-3.7348149272533673e-06,2.8019785570181317,-0.009072080066233756,0.0005578752471163996,0.05764902925388957
5160,9.382424697730755,11.711608985819367,8.398005441958482,-2.3326290803116047e-06,3.2497207095858545,-0.0014189349058255883,0.0077369002547284065,0.03295070631356975
5161,9.942354169448175,12.59113822310195,9.638500398637134,-1.5230804937968578e-06,3.2940391272250635,-0.011759024096722314,0.0024815041124836663,0.03482457757872401
5162,9.17923074943878,11.23214286569735,9.77040004331745,-6.781242665113956e-06,4.325555910777582,-0.003959301816706853,0.00556174317213216,0.03565375619303465
5163,9.812129654171374,12.360543306084852,10.081449268956687,-4.675525134942228e-06,3.492998885131235,-0.011622843912419856,0.0021025919188909807,0.038334258753669914
5164,9.58333536634989,11.97120966852454,10.593751196807869,-5.282251734598186e-06,3.7215624020312985,-0.010829030915899332,0.0014500560860930007,0.052882347497845594
5165,9.161694918206951,11.086061068434846,10.31757464915986,-8.376968343096921e-07,5.445860570931629,-0.008395115051098953,0.0050455092131664915,0.045451248042856544
5166,9.129662671288179,11.139121174947352,9.732977221069044,-6.881709928390493e-06,4.272800277394509,-0.0002953420637301519,0.0057885171653298826,0.03380846708883619
5167,10.086701988910072,12.729994005696089,10.025478538005853,-4.3620990572996925e-06,3.984412929813859,-0.016973093652680744,0.0013667309553022176,0.05570650628948233
5168,9.604641434600163,12.048333315513933,10.275414126708794,-5.2358156436449385e-06,3.138221343766952,-0.0033974429277105755,0.006963097754914412,0.04700279224627296
5169,10.244059186307542,12.99989848918612,9.93832355011583,-4.611902684163826e-07,3.536817833976923,-0.015748569767742228,-0.0016854567416885874,0.022187243396749223
5170,9.823915424573078,12.311540100459933,8.48873898616311,-5.572486442086634e-06,4.155251968860622,-0.013873593048429582,0.006411615630736453,0.04659920929378783
5171,9.45747227854084,11.783911601529985,9.472134061061078,-4.528078345597367e-06,3.810780626513956,-0.008560249561923645,0.004275020674586786,0.013078666889879452
5172,9.839931949281482,12.523425772535733,8.922544881089049,6.632733329595532e-07,3.048336599481962,-0.009398250047519298,0.0043118873387152585,0.034423381978092554
5173,9.540920922925853,11.844277936266716,8.60677770927874,-7.074241984201768e-06,4.666485471349079,-0.0150811890026394,0.006014391694549731,0.06134757095627123
5174,10.033281948432617,12.78573584630365,8.655039588711293,2.0415111466375857e-06,2.8838011390768603,-0.009501543656586573,0.0019424249768936529,0.01387495185105012
5175,9.180305453479015,11.134565799028058,10.272152097785538,-1.3300027864102516e-06,5.435654368861668,-0.011176870152861965,0.004988242069634864,0.042791251847891634
5176,9.160283351307145,11.35194301117374,10.786571542938152,-5.6168598429036175e-06,3.479452276305181,-0.003003937098919115,-0.0006306120906925923,0.08491920040588152
5177,9.616098033041869,12.019536112988156,9.159708427648242,-3.839141071943696e-06,4.139023093856109,-0.012646689978080794,0.0065817226876149024,0.04589677430825599
5178,9.655284497462747,12.16035266191027,9.198826234515655,-9.156939526038241e-07,3.3126236286249915,-0.008558004562060767,0.005646987923254421,0.020323713075950975
5179,9.193192884957607,11.15641784512755,10.267522575990387,-1.2245565183096462e-06,5.343796580339318,-0.009977707518916117,0.004850421851417153,0.0471761237099744
5180,9.673807172276058,12.048465922043516,10.074468404366163,7.784890596752476e-07,4.009101605262591,-0.009165258596477792,0.0061360391684487,0.03999301795633864
5181,9.971459942859616,12.738531824355691,10.45729852645036,-6.590417927560304e-06,2.9841051689179197,-0.01306165317144442,-0.0011335667034752996,0.029087927479461304
5182,9.350156339401208,11.564965433862625,10.636867632769064,-7.154652755175795e-06,4.161944490028,-0.009618654822764333,0.004560865276514676,0.0535197974997611
5183,9.422538152724272,11.690116218241943,10.428027908833332,-2.5674305373641203e-06,3.8419469077966104,-0.007593453093650955,0.003324794536966669,0.017319077921464726
5184,9.506083641334307,11.76124550801386,8.549274310512976,-5.075594972684434e-07,4.472660545593776,-0.013890106450319855,0.0019504181146314144,0.05006695408585261
5185,9.46350744938926,11.67587222108772,8.67854253623567,-7.505883236442763e-06,4.904008499703339,-0.01533904620829527,0.00581532212614938,0.06250278853127447
5186,9.482313966451997,11.718566620613768,8.697033168925028,-7.288889281792672e-06,4.839270228252968,-0.015311417180492438,0.00556769999306658,0.06133112540168031
5187,9.349247115454984,11.612067884164665,9.00959626259201,4.7760407657738926e-06,3.750299133330619,-0.004372738241848169,0.007949971768921666,0.050998204505493805
5188,9.162803287048172,11.351079521445138,8.726269177664026,8.059027156525884e-06,3.681608201682967,-0.0026377279263668143,0.009429703630257349,0.05766817416529402
5189,9.465269183539839,11.69911976244607,10.126753759199206,-4.226071640320197e-06,4.3516517980348075,-0.008700783858813515,0.006751875135042603,0.05535091910989216
5190,9.480460669800358,11.705352422512863,8.688090809093257,-7.466918978792536e-06,4.82751605486004,-0.014644745176535004,0.005628627683469058,0.060785297897540155
5191,9.561126343029422,11.752973071241293,10.219341292374226,1.0044575285362932e-06,4.7358497789746785,-0.010928286630986567,0.0076406020971498045,0.033479304128746376
5192,9.641685270366981,11.93456803341836,9.715028368388975,-1.7567703644620458e-06,4.091894748444655,-0.00857344749894597,0.005681489901871486,0.037675081963424194
5193,9.616124112568828,12.021605533705351,9.158602414334139,-3.838900033387679e-06,4.137022608169838,-0.012719246923925176,0.00658841332939399,0.046106390665851725
5194,9.664280728855676,12.094456520755363,9.082847439494705,-3.3011433774608195e-06,4.102981524509607,-0.012487822334554564,0.006622977308443723,0.043326434992520105
5195,9.55953893588958,11.752035951959083,10.189208054123744,8.377506380621034e-07,4.737653665249947,-0.011001422236182324,0.007601008768022221,0.03401665450014884
5196,9.164543204991826,11.102142894810862,10.291417047293884,-1.3119037566973726e-06,5.4695318938939455,-0.010490972957021937,0.0048111539441579925,0.04822361007633784
5197,9.960891239174838,12.556010323844871,8.825806368079185,-6.663197738137445e-06,3.932027289157188,-0.014712130667650113,0.004495443329019653,0.040000996270625366
5198,9.166730634909493,11.102414288237204,10.313544831374804,-1.127162381339472e-06,5.411342047134364,-0.009022734222675596,0.004583851018307146,0.04717507894990524
5199,9.16508516750706,11.100377618316006,10.315768248333336,-1.1486679599732333e-06,5.42194125358521,-0.009280911081278709,0.0045967988296256555,0.04745764769934145
5200,9.110436879300511,11.162521850358996,9.987701377557187,-2.756234099083503e-06,4.438417227288375,-0.005429160586134921,0.009439511738550288,0.059154038610445686
5201,9.182219163101184,11.086702169944322,10.036886732154212,-3.6396314003282657e-06,5.495278767916052,-0.008705269601153533,0.004269273301376157,0.04524439974988767
5202,9.707893002344148,12.013013851636744,10.035902824001408,-6.571403321995633e-07,4.595976076918248,-0.01314114842147212,0.006315033021334938,0.035804441876801436
5203,10.094601440567727,12.688388841378003,9.779344308452822,-6.792181254221475e-06,4.071024917707576,-0.015185907888719362,0.003212526780749703,0.01806117379381427
5204,9.117419483260592,11.018107957470718,10.340735516631248,-8.159390647645002e-07,5.499833733615899,-0.009068639210323394,0.004668379228576859,0.04903282144442382
5205,9.48037410875138,11.704412326217165,8.686727464777054,-7.466335106721953e-06,4.828079863657792,-0.014692033718133615,0.005629698570471018,0.06084924033413688
5206,9.74302176960476,12.177719072531117,9.891750707353408,-7.150153264695836e-06,4.025677189615636,-0.013836608942654868,0.002849802915179894,0.020253094917418932
5207,9.120123505332247,11.025029101095033,10.339573889918787,-7.99481372101358e-07,5.484906693046616,-0.009174512025642335,0.004647132990365664,0.048668640954721294
5208,9.820394675649043,12.212011663206214,9.590064097080065,-3.2386404680305165e-06,4.481319366051967,-0.014323900483378903,0.005810438460910911,0.0369121901097772
5209,9.96533705220828,12.71166597616833,11.096792930931324,-9.010482277789697e-06,2.7084804798298574,-0.009297525501769101,-0.0007807969378953441,0.029383335784239767
5210,9.856368189697296,12.569018368014811,9.731526404650266,7.580730404048545e-07,2.9032480096688587,-0.0110252833495591,0.00015378074591839634,0.026824924364601127
5211,9.784494372282452,12.358989780817168,9.468780906858122,1.6667634958130327e-06,2.953694111430072,-0.007589793780735953,0.0017782925291395608,0.02703828103667832
5212,10.073045652477656,12.891220465501846,9.244251306883816,1.5879925354472412e-06,2.7614931354847725,-0.01016070281369677,0.000622009725326168,0.03407295867453415
5213,9.367444341321777,11.647485733925528,9.995483716452217,1.3382057703289725e-06,3.804288990577607,-0.007583239556929216,0.004216445730757106,0.04048080655395774
5214,9.531247982332706,11.950110670882433,9.562559206696529,-3.814738318064744e-06,3.3001978942830155,-0.007677000717271232,-0.0002759695819096417,0.015916427150918566
5215,10.088281599087,12.826745987681074,10.075755266057508,-4.827699239757981e-06,3.2978381991938432,-0.011881847440347742,0.00280088801592348,0.04835716292989088
5216,9.6875061982658,12.311799642608328,9.259768078545738,3.1446721668374943e-06,2.788984083188873,-0.007888073518189691,0.0034000464611772846,0.08136319501448147
5217,9.562247118314453,11.829093015292646,9.74444334029769,-1.6543182610161288e-06,4.467524782633368,-0.011369006278895156,0.004337386965649369,0.05657690827841791
5218,9.320417678318142,11.574923679964588,9.946381391750293,1.966753385148163e-08,3.3504756555755364,-0.004278993030128953,0.00044589581166679294,0.0813156661490464
5219,9.633945382019762,12.070233037433692,10.194350139929668,-4.603669040187299e-06,3.8477981029496378,-0.015490713686619932,-0.004615833079869171,0.03765871573810177
5220,9.21546401270908,11.335051850857225,10.291787952902467,-9.47087443145323e-07,4.115424993918056,-0.005860709289257436,0.0016158490388958474,0.09721604691314219
5221,9.142217577726024,11.205046405886286,10.094984198183102,3.876731329547761e-06,4.402704541257397,-0.004646871319791855,0.004151708501595382,0.02881474696532358
5222,9.249808178258693,11.382402665788858,10.088413852792636,-3.3097538375124005e-06,4.017803924175395,-0.003635978265432785,0.005644126608277985,0.021493402588545124
5223,9.62209432637122,12.19526480534604,9.614955542669342,-7.355469108801656e-08,3.2185497914400765,-0.011915219755534424,-0.0002617166317741568,0.03346745308395227
5224,10.066823891695078,12.791660175325994,10.095556139637806,-4.97072474326441e-06,3.3466102954742936,-0.0123785969308227,0.0023070992600679467,0.04786809481426909
5225,9.771609665992536,12.256354195815442,9.729474385469286,-2.7001096281656898e-06,3.7634899272082194,-0.01142852495295556,0.0027695395784229234,0.061706333679906786
5226,9.125992017639632,11.194964084782685,10.057633966719893,7.517827132968165e-06,4.562178444141891,-0.00775854581003121,0.0032650562183666565,0.026606102677001513
5227,9.049746192751282,11.075987357963992,10.368887095545398,-1.4017144353502562e-06,4.367464680126595,-0.0070980636082790685,0.0018249905824212632,0.10289118807832
5228,9.65998157050808,12.053941229936168,9.591049453838057,-1.8415316234184384e-06,3.921122843528483,-0.011069278289926108,0.0029444001627675475,0.06693892789434217
5229,9.838819125498311,12.377239846899975,9.97450067715363,-5.793498673302366e-06,3.3012461480842634,-0.00938535688259649,0.000990416924298636,0.009233498152134402
5230,9.987328950124976,12.581487768381246,10.032470169367574,1.158806627769829e-06,3.7580964198051783,-0.014389540787003588,0.001032238017871597,0.02845504373640893
5231,9.709204492408158,12.210430353918914,9.498738717053453,-1.163952460330406e-06,3.651068440287616,-0.011613702928934402,0.003233412031850741,0.0507960582692072
5232,9.836900782570591,12.16492287245556,9.136776720809797,-4.34564875175781e-06,5.155123712287843,-0.019856315676575757,0.002859709431648123,0.07100937818947957
5233,9.63233511395949,12.15403170949182,9.736975220527649,-1.0265727137149397e-06,3.057391936260667,-0.00669714628132341,0.002960543758881917,0.04016137181782062
5234,9.885175111390998,12.423562933391274,9.461879466757821,-3.953808993748093e-06,3.921938376286792,-0.01562886529727442,0.0005162578838884815,0.04004525167873046
5235,9.873525571656886,12.419236822042164,9.447426416452661,-3.7120791777227886e-06,3.902802726732902,-0.015630980707907863,0.00044052490278707234,0.04559500622009821
5236,9.829791173062763,12.172625658922692,9.067177129458514,-3.6374875009447304e-06,5.086731830479074,-0.019885956247648464,0.0021593992071497156,0.06568839382211263
5237,9.877211969485032,12.422017798315451,9.444190834925193,-3.6724519484789033e-06,3.8878751549504544,-0.015725827711145255,0.0004377256942457764,0.04669581620545583
5238,10.160869763402282,12.794282445273922,11.023092389838173,3.8368116596959006e-06,4.014194340085306,-0.015435362181541325,0.003933372995030512,0.03810305672494579
5239,9.539382599231264,11.67447422751968,10.231743516515053,-4.040238528269703e-06,5.180562063105478,-0.014801750349616815,0.002980348658988038,0.07119075616968791
5240,9.81860265105847,12.153433462982372,9.112044181677856,-3.6530042216531623e-06,5.090346811981024,-0.019690077906957686,0.002191027787825283,0.06590038240560797
5241,10.072501621080368,12.458561536695262,9.189300677155272,-3.3997788423904552e-06,5.337912010084634,-0.022048530092879267,0.002377723063304393,0.07930986493676395
5242,9.81270689590088,12.355913546296009,10.216847876549112,-1.0123460919157293e-06,3.2297282404235856,-0.007752688605696057,0.0032305962727288058,0.049112043165054846
5243,9.613190989971512,12.065024161499428,9.774525619752266,5.683227845838686e-07,3.570379116275837,-0.01027507216186407,0.0023826836612832205,0.02081490398557706
5244,9.321283844631456,11.554876103505563,9.32872663258035,-4.503229174144183e-06,4.040710549895715,-0.009998531467259845,0.001454833859525462,0.03965331530055975
5245,10.163780986581065,12.798360814249916,11.028641436995024,3.892488400822864e-06,4.025056795905439,-0.015418198718631967,0.003941211116969383,0.03808463689148038
5246,9.81180455062908,12.243161605124405,9.107102039377255,-3.685568495959085e-06,4.084811100657839,-0.014631868048618891,-0.00048422757928288343,0.009363221235835216
5247,10.161671480242465,12.798886459563576,10.998911781980976,3.632238191962003e-06,4.004132919031136,-0.01526239400389843,0.00388425181512936,0.03807597846517291
5248,9.63529814144447,12.076621326272486,9.646187141225456,-2.2603032030425897e-06,3.8265162530266714,-0.014217788916564618,-0.00044370142272979465,0.06155100367678894
5249,10.149035291864331,12.78707216244166,10.946903253562509,3.434392774692169e-06,3.952663170604527,-0.01481419942185168,0.00370054212709035,0.037131175263895616
5250,9.8325791261606,12.181033610683262,9.08703627599313,-3.5144636596241053e-06,5.064032306139332,-0.020035671472047607,0.0021316681323744107,0.0656395233316899
5251,9.836961193754007,12.26295411697022,9.079192150242509,-2.198046590382827e-06,4.110247391955078,-0.012584133221228285,0.004534368957217568,0.04828146650832625
5252,9.774659884919616,12.349281335737604,10.432381769401427,4.328784575991174e-06,2.987584461379309,-0.008611950012235456,0.0003540448025311999,0.06668042292357498
5253,10.36090901168316,13.1467362130224,9.04384339123249,-1.9957734948730625e-06,3.7853627465000854,-0.01687903326855724,0.0006438682428674924,0.09895090599642106
5254,10.22271620643762,13.061259188018536,9.49522685861217,-4.538140326221539e-07,2.949825044625183,-0.011372351126342987,0.000705669003841251,0.04506317048017365
5255,10.372483643540304,13.162308313052542,9.006032986029858,-2.1137891520331694e-06,3.8080895771458065,-0.01721384460374377,0.0006254410033733506,0.1011292924997151
5256,9.62382316481432,12.080408644293833,8.868495403671606,1.3050274213200874e-06,3.3372296202699205,-0.009029751386210564,0.0007029650566198501,0.09334286030627681
5257,10.203458692646752,12.955132393544469,10.261857577412368,3.431555970659281e-06,3.523730593108068,-0.015541963201308878,-0.0008249518708484858,0.012704711622098077
5258,9.875860359820292,12.497114836726595,9.493037801580902,-2.855261902591339e-06,3.0361387528590984,-0.007560505990885349,0.005347804340779362,0.017928158824813162
5259,10.039613383889575,12.799479342488285,9.705433953486263,-1.7969383757442767e-06,3.1584749159720173,-0.013073645676265726,0.0007734629275549299,0.01919130359079199
5260,10.116402776146442,12.977698016827,9.916311817258181,5.28460382314066e-07,2.797113125877419,-0.012417661860813984,-0.001648286996770244,0.02851358535795348
5261,10.209547619798736,12.882585614137383,9.650167900603062,-1.0018407690242424e-06,3.748327262929243,-0.01487579880750705,0.002075592564606099,0.06154680509524885
5262,9.478175551325238,11.767583518621164,9.45204069297855,6.332040698138776e-06,4.043225528286059,-0.010946518689020038,0.0027277569468333127,0.029812819144386375
5263,10.150138867848836,12.915066540129237,9.305704981352743,-1.7780541938159512e-06,3.4311135097092285,-0.015082390434180717,-0.0010838323836302552,0.05829768730621662
5264,9.890175199645677,12.642565355984225,8.322611040358554,9.147286350521041e-07,2.644669322978239,-0.007867722542840037,0.002325792983242824,0.022249205944948967
5265,10.10668343362298,12.769678608368082,9.477490626286832,2.1962368557835396e-06,3.8078827970588622,-0.015216438381645577,0.0018819273016597703,0.029808300783864705
5266,9.516235945790775,11.794107102878357,9.267891724856897,1.7894455924734888e-06,4.2008376632797395,-0.012955919823597816,-0.002114564511295815,0.03248160052987743
5267,10.246621187663282,12.991541484827415,9.614447356758,-3.541946597259297e-06,3.7530880205111585,-0.018077349449058137,-0.003095006322003107,0.07717889292818844
5268,9.902795924652837,12.658915086913762,8.377439378133221,8.8073259687589e-07,2.67904162174979,-0.008177829019155983,0.002254621188034852,0.023303079926342875
5269,10.199277313111466,12.836100491567496,10.175104858774162,7.150588284026481e-07,3.936710266244004,-0.015052384071108671,0.002436240056970796,0.026323845607503248
5270,9.522378609920015,11.805752387505944,9.261157390859,1.8146695378638325e-06,4.193591732779483,-0.012985799767734571,-0.0020716167257933743,0.03246102737200102
5271,10.094591302570484,12.85942241430917,8.819121516538083,1.2210608451930852e-06,2.9948732579196276,-0.010519790033138488,0.002153241822845822,0.035992600985791
5272,9.982703502892456,12.685800917858977,10.685005127691,7.002450809272946e-07,3.301370376097145,-0.01434720371912653,-0.0007765383004923713,0.04182560679934927
5273,10.285620306374032,13.042690385793398,9.299987972031929,6.206188589965424e-06,3.680674790887601,-0.015038051473920518,0.0018099577240065464,0.024209811235795575
5274,9.93473472531507,12.478521331697252,11.270626921188995,8.019690256173933e-07,4.335025329965564,-0.019340475397719416,-0.0005626904867844884,0.04541598254076635
5275,9.89491253591021,12.626420488633077,9.87512284646136,3.2766141902990044e-07,2.6827862379354945,-0.008356113284893326,0.001582589651734564,0.04781478030426793
5276,10.239787315023351,12.97322275902366,9.632574232112743,-3.466422913415523e-06,3.747636971681217,-0.018280368275650764,-0.00304686091859899,0.07756735520026793
5277,9.955061798943882,12.568475803223738,10.635847568832562,1.2696964436192755e-06,3.5146529499389634,-0.013939361303435592,-0.002134796519743916,0.03565504742456661
5278,10.097567855972244,12.936515384558644,8.985555449614077,6.89157718085635e-07,2.9433743615093384,-0.011551740023860868,0.0019309761637297488,0.03611895332712506
5279,10.1181470356627,12.906721830591286,8.366397519880124,1.302784640773197e-06,2.704980284656772,-0.007947465770892993,0.003206941827720596,0.0325076463759503
5280,9.841069062348128,12.271158068971973,9.973168702892021,2.2794038609659222e-06,4.477367600939497,-0.019372097753653703,-0.0026038712851042542,0.03737607313169748
5281,10.295217128152386,13.076851348376016,9.369535522689713,-4.04799904932226e-06,3.6592324653270087,-0.017861315523360462,-0.0033018691917402814,0.0803317375745145
5282,10.300311592195422,12.99902524144782,9.693184985171397,-1.7698779764583032e-06,3.8741070891785614,-0.01593012885512132,0.0011781428889963662,0.05911560289271112
5283,9.265859816540853,11.37618658185875,8.479854031654828,7.001650822963677e-06,4.905880093921841,-0.014882846785787938,-0.0009532688848482416,0.015583979633213445
5284,10.480933074303769,13.340513567829452,8.967613043913119,8.722854274423166e-06,3.6536338025317328,-0.014875740462748172,0.0041294862701098094,0.016941150501809155
5285,9.080490679392485,11.102569908915637,8.626676024708404,-5.945209579413475e-06,5.1979468059832605,-0.017696208496817963,-0.005612807416182725,0.014488306393022165
5286,9.17556478809772,11.287600219806029,9.086656588763667,-5.30419699767397e-06,5.011550687406932,-0.018305134280768937,-0.004321142220650185,0.02953420833680512
5287,10.059779503245355,12.70353029334952,8.801284238224273,-2.199784116228736e-06,3.7187975517233767,-0.012395149602028394,0.006564438174151352,0.042769902162859
5288,9.783928565709685,12.246288159887117,9.004451132096522,-1.8266380369200105e-06,4.087493251710915,-0.014989130163478406,0.0006192280295265326,0.060552643941133216
5289,9.782773317958885,12.209052021383178,9.032851268139977,-2.8061261788463257e-07,4.458335017805231,-0.017723637604146913,0.0013788403720541662,0.0696793696943617
5290,10.125265406816316,12.795417770991904,8.486299135853232,-2.3587815036509784e-06,3.712545501814952,-0.011600640765825771,0.007515335290489842,0.04246700106706935
5291,9.272568646401906,11.366014877683188,8.948290535082728,-5.400438955888801e-06,5.145085775496666,-0.019252945178104157,-0.004630510100219737,0.014845293365390588
5292,9.762492011219424,12.184217360295431,9.111637280427853,-7.767007553103557e-07,4.2701195291872835,-0.015651094973798477,0.0001433274343908535,0.05576895980064098
5293,9.731898576754912,12.170915426943786,9.33749497867183,8.437008252559314e-08,4.302820111403851,-0.016501772110756097,0.001138281707728436,0.06520484106303863
5294,9.853079266879941,12.467322883895427,9.077527777923526,-7.322523854318141e-07,3.1360101355913996,-0.010690645878737186,-0.0002644423540467712,0.04496012610356559
5295,9.839951090863186,12.547044348809203,9.308626014940575,-4.186990188588567e-07,2.772099475735908,-0.008479478234280594,0.0021865709667709928,0.025948621838763727
5296,9.682643508944341,11.910932573098975,9.654980967439524,5.158424241015032e-06,5.131110307139182,-0.019527216538996073,-0.001814098112683488,0.03778772617614247
5297,9.748411406836553,12.110982850629613,9.219296603625809,1.4483697159271215e-06,4.716969978165499,-0.018282657397973273,0.0003612522616277142,0.05804171749013433
5298,10.266669364976236,12.722360899697335,11.642426319148468,-9.740789075092605e-07,4.823455303787817,-0.01543595935394616,0.009279577895867525,0.044512137643715706
5299,9.787108062287258,12.506837670152914,9.782175455469837,-8.570284859726624e-07,2.6150053796212154,-0.00926254785130778,-0.0015328973118421962,0.04794560982134967
5300,9.578151120876349,11.909525326740136,10.177314998700552,-9.28060691621192e-06,4.255496740024945,-0.013794545236197272,-0.0003947634221921026,0.07260262522995739
5301,10.229929788670445,12.810788235886308,9.75063390324512,2.6752184887721976e-06,4.245446106088529,-0.018915251889029032,-0.0023678103795957903,0.1004914831172431
5302,9.575392476559424,11.885668156450713,10.157779015170464,-9.763831975478676e-06,4.416686576876639,-0.016011943574015152,-0.0004649181872002056,0.06613891717136196
5303,9.584999831278388,11.995962217579615,10.411350099587258,-8.322781669372197e-06,4.0611711291080335,-0.014838555140736348,0.00023471354795324105,0.05975519781722505
5304,9.910043376633821,12.520265443337456,9.035939122033632,2.3714019297514745e-06,3.642259588962584,-0.013628280597463767,0.001889736573768372,0.1095823888582524
5305,9.861744699738157,12.476225390506691,9.676486892512802,-1.606684597082236e-06,3.2374761689130054,-0.012014293840415718,-0.0027046665638371364,0.052659933887597515
5306,9.812048812193813,12.39731605438546,9.520444815100525,-2.156703007253875e-06,3.235146664672698,-0.011746505481393351,-0.002405492588173616,0.05630459016569139
5307,9.86156773413808,12.484061916675598,9.675655219524872,-1.6206173221732705e-06,3.251099049531652,-0.012761550748129971,-0.0027203299017000268,0.05244755270150588
5308,10.076154419886292,12.7427105117462,8.588776610717954,-7.6360399480147e-07,3.7539129025050575,-0.016363006742568232,-0.00022720336284261363,0.043366253585003275
5309,9.834369180308991,12.103444841661284,10.866147742156407,2.4617413958027526e-06,5.016438793850712,-0.018464459593429572,-0.00027332901880480266,0.021595592219095627
5310,9.822965694929753,12.026511723047978,10.906901385917855,3.2280171776287934e-06,5.439800784762945,-0.02030006982032624,-7.775601734134972e-06,0.032363362875171636
5311,10.076140886223914,12.742685984649594,8.588750235854477,-7.636490697114744e-07,3.754024399498708,-0.016363787120994212,-0.00022711297686390684,0.04337074904727259
5312,9.966271955746585,12.651319917011648,10.00051793644148,1.7189641942473994e-06,3.5697907962020317,-0.015810274750015202,-0.000887102767455069,0.04364150328109678
5313,9.636624154340488,12.02736029297167,10.464376743891696,1.5970129451283136e-06,4.251135433793825,-0.018569757963684805,-0.004981596031754931,0.024233676682832817
5314,9.893909030459987,12.529283708540683,10.062631327287484,2.168408029885239e-06,3.502873168047028,-0.013865985611067628,0.0013346013273422127,0.05770237819580427
5315,9.830059225281397,12.275569517852812,9.525693033044288,-1.5403562243333578e-06,4.367552943201843,-0.0171076153610407,-0.00013534926009969774,0.031652951447306475
5316,9.608338179932618,11.813310078478194,11.406297093995398,2.067528457630895e-06,5.126014218233677,-0.02062614173308981,-0.0033112382875086876,0.03132110003278979
5317,9.838363096119922,12.290260029189898,9.552002174385455,-1.2811463629502462e-06,4.354761439721538,-0.017124714538621945,-0.00022316575582544343,0.03188483392408487
5318,10.01080669047052,12.754376989582664,9.080397350569253,5.508909178991532e-07,3.160163161349154,-0.012270978058217558,0.002469067787078809,0.07746659360360778
5319,9.632647711221104,11.85778133579984,10.64504542139186,-3.136467500262888e-06,5.205835443397242,-0.01960116755931186,-0.0013032891686908152,0.05724835442787955
5320,9.63365937429482,11.810563325041208,10.729303605881762,-3.1430043857275517e-06,5.4053130899710915,-0.020419127006382605,-0.001863157845276227,0.05197687458896991
5321,9.503347819069653,11.781859855646957,9.932475583036943,4.0363277595381636e-07,4.130116741712699,-0.012553330042537024,-0.0035795413927780144,0.01578452724594394
5322,9.683322375723694,11.934497134339615,10.601519494928606,-3.271681602344095e-06,5.199518003991043,-0.019889705721478673,-0.0012453044651795917,0.04871972125429708
5323,9.437373100231996,11.839988778081338,9.712891343576421,1.171164793043327e-06,2.926210929644287,-0.004822354048874294,2.698979986740576e-05,0.0377212019813947
5324,9.677014966881341,11.91138078691072,10.648368751056964,-3.385173185520161e-06,5.250175776480146,-0.021314558251096752,-0.0013806062723117967,0.05126312426052396
5325,9.676124610799523,11.946578199667975,10.708216845392425,-3.455933395390176e-06,5.030553175856555,-0.020070017335589305,-0.001038507589219236,0.04169625451820384
5326,9.707769123983558,11.959387178823098,10.714051779022446,-3.9827666391419416e-06,5.197495239637739,-0.020477031654552228,-0.0012015351876753513,0.046230470070544094
5327,10.152474416923534,12.843146596756773,9.209939081259204,9.76891639882488e-07,3.5707562704987934,-0.01310850027651616,0.0033398797613948877,0.0399645119530081
5328,9.71067935402772,11.96517065666947,10.704208599657752,-3.950309758683027e-06,5.186849572277449,-0.02042881068273525,-0.0011718153654973413,0.046189464533037294
5329,9.674769133187967,11.896977606263528,10.71173545347538,-4.590730896683405e-06,5.398624641388345,-0.02211623405113431,-0.0009596362614989211,0.05837135624009848
5330,10.01818288857234,12.576296548120522,10.360296157686337,-4.734573439566624e-06,3.770899918707172,-0.013719865958520696,0.0006655395953140669,0.010557234904845504
5331,9.759192767226438,12.37145493780372,10.67973659190876,-2.4758974032497226e-06,3.250859993009346,-0.013137658371899126,-0.0016603853273190398,0.02391597550916801
5332,9.893073906224233,12.556569161475414,10.087386812875597,1.9375310310413497e-06,3.08125785522321,-0.011696380222518949,-0.00022151281042162747,0.0188196072839725
5333,9.835371548122344,12.321003020093125,8.713001130070568,-2.383750323962115e-06,4.242397304696929,-0.015863088694900038,0.0037453474376643457,0.0650049231834793
5334,10.076296511587453,12.704382716764076,9.180611940637213,-4.0696780922385523e-07,3.7592736090839254,-0.01298585819070854,0.004453107836585384,0.05125327161237235
5335,9.74059149813446,12.147401646783289,9.208410932420543,-2.773190766722138e-06,4.555926360949479,-0.017431969697619974,0.002837701403433148,0.06352586787243171
5336,9.573778307724792,12.058973892894054,10.523890896898408,-2.0249287250254345e-06,3.30765007784064,-0.009375392533490692,0.0011935820126187649,0.04305244347015391
5337,9.19711622554824,11.353687975466604,10.990545147677809,-2.553003958941723e-06,3.7667574905150345,-0.004080406234607155,-0.0007883684725645095,0.0704004061580197
5338,10.162312502034718,12.678463245066371,9.839496154397581,-4.808378493340418e-06,4.695665836457579,-0.02136846381597368,-0.0010168936218768205,0.048895597242002264
5339,10.172106149044165,12.672783165497668,9.843049725281869,-4.978408529056881e-06,4.768913640744866,-0.02177539398865388,-0.0011573123173498068,0.050095589562111936
5340,9.889100798801909,12.520405380216976,9.517843780641101,9.74390801798431e-07,3.0940911597230008,-0.009246078179800613,0.0018656661565705991,0.009862261095221835
5341,10.11792309838886,12.654737662594822,9.834179743693015,-3.931191962414371e-06,4.532448281259396,-0.020155964513326012,-0.0006909579576037147,0.04772399044853163
5342,9.830543621088594,12.254954906673667,8.95388677955739,-7.002074721921703e-07,4.237195498517767,-0.013439152045291863,0.0031007361107936535,0.05498305241633203
5343,9.379198254509816,11.560887730227922,10.283738045186732,-2.1573323806630347e-06,4.076438456254982,-0.005555978423087228,0.005517124244796624,0.08336668028365489
5344,9.715815080795318,12.153290709178982,9.949130913419642,-4.712719601713837e-07,4.015785361648733,-0.012513748966262887,0.0031289966259344893,0.045391874278742014
5345,9.716822793184022,12.151269946298903,9.946905805293317,-4.607035511906006e-07,4.019318107076742,-0.01274345649474956,0.0031155590045788967,0.04547718765951977
5346,9.722074426155157,12.161507322038355,9.903100556479249,-6.142449157360936e-07,3.922652711453977,-0.011779223072533086,0.0026997866102033913,0.04405231433607926
5347,9.778515628978742,12.24841076225644,9.906570330787112,-7.069474587769308e-07,3.9027330362152735,-0.013508978041477604,0.002413930897545125,0.04505883078371787
5348,9.714846418090973,12.14741725999336,9.96339126861051,-4.029205091713711e-07,4.055696711849535,-0.013106331609981273,0.0032720288510320146,0.046013417849763046
5349,9.709904102712997,12.138383029927688,9.967314238520055,-5.277114139601794e-07,4.106969976650485,-0.013419138700586156,0.0033929340320359895,0.04546203303615098
5350,9.707153452394824,12.141182613392749,9.958657207376946,-5.07437131645897e-07,4.092504135547371,-0.01429375404304345,0.0033473106967357386,0.0459495956259884
5351,10.083132442774376,12.640337575347878,9.812123577623202,-1.1675035789844864e-06,3.901345484895864,-0.011435419675631808,0.006624436197373297,0.07295649156786295
5352,9.756711906485855,12.19461311712088,9.162573331255759,-2.2636655405371324e-06,3.858218686538619,-0.010912365007851196,0.0046318602148851026,0.03887297486852712
5353,9.7840731101794,12.19010377649629,9.19493907638123,-2.5296688731412658e-06,3.859433454591148,-0.009541764796682234,0.005090272825891083,0.02811764030941513
5354,9.923726420860334,12.559506479902613,9.523795038014953,-2.0055549033126266e-07,3.5890379972348208,-0.013050040304810244,0.0032718535495989323,0.042359301944225325
5355,9.606815510242733,11.88904565969451,10.446295871736506,1.0348315564540613e-06,4.26160449137439,-0.013722212185933048,-0.002982379711166352,0.031278110186621993
5356,9.34702778196583,11.661937361312308,10.212764198561096,-1.6924444368790615e-06,3.566849090826896,-0.006570042602208254,0.003644084603127424,0.0935041269797036
5357,9.648842264053066,11.93019040146531,10.410722982007185,-1.9552905525611608e-06,4.954130223201113,-0.019800917816482435,-0.0014704417724264998,0.0329017776959265
5358,9.586963212765397,11.878723382070492,10.4240298874533,7.856939707747988e-07,4.1793300175276995,-0.012889933942054187,-0.002376125965295374,0.03622241010237802
5359,9.522689529981559,11.895373355581192,10.83372088931424,-1.4397335452732266e-06,3.9400100021440494,-0.014438499900985212,-0.0018302010574430356,0.01570147406976785
5360,9.820710772442496,12.383848240651655,10.52286122094945,-3.353775337452733e-06,3.781569317363573,-0.01563808545288658,-0.000996973853409305,0.029897334913645223
5361,9.355466858438048,11.681989417231676,10.20016345480582,-1.674112075664944e-06,3.5453955955057808,-0.006601952135002823,0.0036096432505345766,0.09285796462100152
5362,10.07041733764345,12.922342389683456,9.283438097884389,3.77127625707352e-06,2.41538983561818,-0.007315937080783583,0.002485726505752807,0.053146257157610635
5363,9.703664925470141,12.116460899987668,9.138323123316846,-1.2245444385878654e-06,3.8770917094990542,-0.0132793113578296,-0.0015491279620551551,0.01281749606077552
5364,9.730284740254637,12.200985210942708,8.462345565796706,-6.257048291178701e-07,3.8469961545066313,-0.014068951249239242,-0.0003705343121176504,0.04495160433565143
5365,9.732024373913864,12.228674114453987,8.573445940119548,-1.122965756890622e-06,3.6597487703534486,-0.012276908813261636,-0.0005205215515282089,0.039143549013271176
5366,9.699747138531194,12.162421253046068,8.408228238680698,-1.1841855515969886e-06,3.6548662615307106,-0.01208085583880412,-0.0005223717757262594,0.03550492964739274
5367,9.702392683382989,12.174703138541616,8.52758500379444,-1.9237562910746643e-06,3.620323722682663,-0.011667646924598384,0.00013340454673615434,0.046048522683642165
5368,9.798761249619293,12.36563559463564,9.747340486537954,9.973520712317087e-08,2.9880321479194305,-0.008887350205568533,-0.001639274196428666,0.040561884482566216
5369,10.089368105973184,12.792525671306564,9.832766886255174,3.3424758006402296e-07,3.454392387005555,-0.014247533682253012,-0.001213909821019648,0.06971447427329142
5370,9.986029319926006,12.690445529788782,9.841685617150096,1.0487036518215352e-06,3.3970020902266604,-0.014894690258693713,-0.0006975636303741238,0.06377139193733156
5371,10.024901599785949,12.687537248844135,9.818979840801093,4.0842611120138625e-07,3.300802636290343,-0.012094450643267567,-0.0004982428652896308,0.04840459996357193
5372,9.951447911598342,12.627342043160423,9.738786128192787,4.286236802340767e-07,3.1355960258482187,-0.011658881141494187,-0.0004851697966343167,0.04013181360297685
5373,9.883589056394984,12.555558124759386,11.50085112375868,1.3422609214516709e-06,3.0918713903509154,-0.01284323133843362,-0.002270216762432909,0.0366903184734092
5374,9.832485071911492,12.359115516863994,9.943206164748165,1.7468703947532924e-06,3.5996268408470495,-0.013364846609391011,-0.0007630022922552986,0.05627590182067328
5375,9.74750442854913,12.325217040219584,9.905209170909352,2.013412081295674e-06,3.282841660825569,-0.011824383899373868,-0.002049686651588221,0.06108332792730928
5376,9.854335579409934,12.473005575315153,10.15367575095163,2.2208794925462193e-06,3.399906863531655,-0.014419516056114783,-0.0027913116914018766,0.02840412009998672
5377,9.97363832491502,12.592145681351262,10.150778409704984,1.0516010326662458e-06,3.6874523893066864,-0.014814719736086862,6.538364857588964e-07,0.05629858654399355
5378,10.136894705464677,12.8307993608714,9.877597616200624,1.412240119269742e-07,3.4077312974325857,-0.013417733914595206,-0.0007764362771105949,0.03705487094794112
5379,9.802768214487404,12.396799626852378,9.941824819450373,2.024257315843651e-06,3.285776997807427,-0.011901053393045672,-0.0020418297284836534,0.05700726051940998
5380,9.770461449097422,12.27882535017299,10.085435714869035,2.5929432658487744e-06,3.5152232753003636,-0.012255329425850756,-0.0019005496881625444,0.03837853190492871
5381,9.87592389622199,12.574495677701698,11.89520246729708,1.618449427049173e-06,3.086855527165177,-0.013270450686285074,-0.0027525306236887356,0.04104131169563987
5382,10.233059247540073,13.012003612595713,9.592588625401916,-4.781237114638791e-07,3.089413180239116,-0.01270049493237642,-0.0018118860679939895,0.040231021820769125
5383,9.833427404209335,12.37419087164097,10.372469430447762,3.4256566031075947e-06,3.946680206982761,-0.018070622364650575,-0.0038288982703347024,0.041829472953406374
5384,10.146450063598875,12.851607767362845,10.043894765956908,-7.219597165231548e-07,3.3537996230417946,-0.01281327656442216,-0.00014308083584809285,0.058733026002659616
5385,9.826713359167293,12.368637632446832,10.393462412327231,3.594281580310607e-06,3.9641091246260274,-0.01842332745430352,-0.004056225458393473,0.04084208594645084
5386,9.843683499110965,12.393223954938843,10.359982751979304,3.309326976052761e-06,3.920510080310424,-0.017781341243047998,-0.0036610329242419233,0.04134706391246612
5387,10.147044652235424,12.830559763461844,10.099751520014363,-1.1946601159860002e-06,3.48065564285518,-0.013584264564957649,-0.0004204128044420397,0.06403357522979647
5388,9.569584975771416,12.05717943511976,8.690890477915092,-4.889548163639458e-06,3.0901712443730363,-0.007300289019929458,0.003128608105289591,0.041796261978486376
5389,9.777131228132447,12.311678155549991,9.867916094974497,2.2449031516812063e-06,3.896496812145048,-0.016734716961522057,-0.002458692021277862,0.051857670591831134
5390,9.92822836576585,12.440349200220444,10.445128459285828,-2.2741347680161375e-06,4.157651296172224,-0.0178210843917251,-0.0037475141011552833,0.05777551533316011
5391,9.544810808339847,11.990522552166023,8.459977731635716,-6.254172315760215e-06,3.3651963857173355,-0.009330390272275677,0.003139553694340644,0.017101681419469536
5392,10.137191572742756,13.002040461890592,9.038708900986757,1.2283728521498922e-07,3.003837299827165,-0.014284261663686168,-0.0019382509375249928,0.043719964407013326
5393,10.151715511729243,12.8524677260229,10.308784226466305,1.8272332410995552e-06,3.6675524781959297,-0.015101037418533064,0.0018129586776215929,0.025762816038089803
5394,9.681919342663248,12.263452775810086,9.631144705180438,1.6712052119065266e-06,2.9806595914771252,-0.00974852623659414,-9.01116706319906e-05,0.03871234589269717
5395,9.735825803850126,12.252708374119557,9.337764551247751,-2.0030858282174059e-07,3.7643917437464594,-0.01407515124405108,0.00047937317334960285,0.050033321825580374
5396,9.834097012905888,12.390552631426438,9.095074007370862,4.379886696594938e-07,3.7865052237045234,-0.016138956170064882,-0.0013699030405117424,0.1448146403692979
5397,9.725013603809735,12.067853214078095,9.119612811872598,1.2753861894436482e-07,4.4064374664848245,-0.015681805434387706,-0.0005173426227263892,0.04333881110897797
5398,9.37537398822296,11.508669856053144,9.808924419272525,5.657012409406623e-06,4.440416179844356,-0.008071613704401303,0.002769627122161373,0.1337054489075664
5399,9.301312543528912,11.6185234695067,9.721637670903197,6.558104149027271e-07,3.023622357361229,-0.0020768765641730816,0.003516375988180635,0.04499712228209646
5400,10.117753693128124,12.867188955479936,9.986879363053564,9.16709413217411e-08,3.056961557135521,-0.010194082060045044,0.002148497928640573,0.024094312256878775
5401,9.338691697070423,11.688855980458412,9.705974826285159,6.315684902289531e-07,2.943226565430245,-0.0010910889024433905,0.0027839896119382394,0.04416333893504527
5402,9.149024797200802,11.444787298116012,9.547752253350092,-3.169311435748553e-07,2.7550263555617605,0.0001846934481167656,0.0008971329946424919,0.0523897288843573
5403,9.784067196319237,12.339279883939886,10.815000973292532,1.2407192012383196e-06,3.3750850096514187,-0.009434639092840987,0.004039818168405785,0.047138090307412985
5404,10.124656482091371,12.856668266335072,10.10757221950002,-2.701515417050152e-06,3.312770906488952,-0.011781240254059896,0.003942186936363657,0.045478717057980136
5405,9.788054178014132,12.334548196853572,10.819060728761787,1.2508920346732716e-06,3.4008150339433754,-0.009176106168626729,0.00409778704913353,0.04758292748103537
5406,9.758449776441685,12.282321398994714,10.975855044231388,1.967056710593409e-06,3.643587955326128,-0.011435716855896508,0.005345440569362918,0.05487181833756495
5407,9.773684222190328,12.289678250710525,10.407005924767676,2.2648972086496253e-06,3.68531269692706,-0.010549799086496192,0.006211762120764795,0.1069904011677365
5408,9.67019630173315,12.258173292785024,9.19560599494184,8.3045148498604e-08,2.89973594587828,-0.0070127346843488845,0.005278032323958957,0.03486934419152807
5409,9.830404013952142,12.54591984753087,9.77031107091807,-1.1417124211142823e-07,2.7474241808292574,-0.009636877092522781,0.001881967176474964,0.04905131895237858
5410,9.74801529344314,12.23219351260636,9.341102859451357,3.3141981113461968e-06,3.738331765370934,-0.009653807667181049,0.007747034143451408,0.2104755558754484
5411,9.56749529594445,12.028285928823925,8.815453283317456,1.8668927670835145e-06,2.9861203774209004,-0.003703092082257933,0.00686999712941533,0.034642913636483495
5412,9.755492043202354,12.250770953475495,11.020199793067524,1.8972456943814191e-06,3.74231691531156,-0.010752433552775796,0.005525206522338274,0.05857783753791605
5413,10.341169578529076,13.052792276904572,10.930066555069446,1.7113056551517609e-06,3.6452737543250855,-0.010073775258355884,0.009758293394419087,0.0432921935048006
5414,9.750031477897117,12.25239492066802,10.982929917976758,1.7207737769222597e-06,3.6918712245279375,-0.010345502326172876,0.005308431107177571,0.057153090121412675
5415,9.284764224043741,11.607031550585177,9.862603899150528,9.122177814491126e-07,3.5556851037884507,-0.010605245965092077,-0.0014117824199031152,0.08828859986897476
5416,9.696839277915911,12.165893056125752,9.727275540284973,3.655834240104303e-06,3.937960159518056,-0.014252782543123038,0.0017407796748774758,0.09551802802899277
5417,9.480982973965629,11.812023150959233,11.120731970934226,4.085825381260468e-06,4.161350466003591,-0.012521747872908232,0.0034312993632564107,0.06812156020158866
5418,9.722021879248677,12.167136921065415,10.007719914754418,-1.2879209164603203e-06,4.243126166640896,-0.01566076557792115,0.0033510806363252752,0.08079887495478918
5419,9.847552710216661,12.350898074856472,9.003302604099758,-3.0186407892868624e-06,4.026457959046626,-0.017482029273347955,-0.0027172558383116224,0.021415016339364795
5420,9.733220317278084,12.1449774425414,10.010415481526568,-1.4730000181234804e-06,4.247208571528467,-0.014800170779910964,0.003310300844970772,0.08256668989878797
5421,9.895208509551392,12.371215055430486,9.535914137852957,1.5930039405525267e-06,3.8036422236521616,-0.010770982793097218,0.004365172029076815,0.1592053078483803
5422,10.060932914635387,12.845489285526124,8.426305225916867,4.061754204680473e-06,2.801727491522643,-0.008494291522589112,0.004328480594949771,0.011000864067319677
5423,9.773735233720327,12.056088859279134,10.007329757483214,5.6473108371853574e-06,4.633915664356526,-0.013252167411427316,0.004799442655915217,0.1420747667678419
5424,9.893704030207193,12.417868870162549,9.493968147329285,1.5478337186909404e-06,3.7686352399006258,-0.01216391810149682,0.004013337454312519,0.1331364013553644
5425,10.057589801797436,12.931210215727235,10.416352997919605,4.635193994659317e-07,2.352775589940223,-0.007430676589630994,0.0015864887249331374,0.03795366816946417
5426,9.475852115689223,11.94678220113014,9.88592497256225,-4.366657966811047e-06,2.6302947063975206,-0.001806749786786702,0.004773151685831936,0.08940027134578807
5427,9.863077953637555,12.41632400835574,9.587455694790133,-4.554760708615786e-06,3.6689647998268247,-0.010401646821193345,0.006040247429916797,0.05452425982263015
5428,9.971528133610258,12.66123870567402,10.019099797795452,-6.881489142197778e-07,3.0416371432145146,-0.0070542814956853946,0.0065257791484898105,0.025609565625820466
5429,9.921409317575245,12.311015492165874,9.730947603476984,-7.676278845346965e-06,4.431331311654868,-0.011474562549482288,0.009937321545727821,0.0380332154569099
5430,9.973656585838125,12.658874216781772,10.094388341330246,-1.0812321555692711e-06,3.230040713169122,-0.00895744672881278,0.006999075489282285,0.039812792386383654
5431,9.940851589956273,12.328202038267063,9.731856969168932,-7.3928998544613506e-06,4.375636865718613,-0.011112000872220144,0.009259021439102092,0.03541292035117785
5432,9.925713616357788,12.409341227618032,9.694862652254029,-5.696548041733007e-06,4.100331039471223,-0.011090539230265144,0.008593728596707508,0.03948330845845056
5433,10.068640599264178,12.696652750922263,11.012975725915217,-5.53098107861313e-06,3.667480677972262,-0.010482407212684414,0.00860762383336618,0.03013834449773044
5434,10.651872887612123,13.597537396190074,9.366429548066522,-5.805261315653078e-06,3.4311390722672805,-0.01700874935912193,-0.002373588986535215,0.013757825959839796
5435,10.168851452919688,13.137340082885148,9.948481505695499,-2.576706924443328e-07,2.491708583365852,-0.010400015288471074,0.0008315036545235568,0.031264694102005386
5436,10.341953909686689,13.162410262962394,9.874505000336013,-3.7670566640936554e-06,3.473876091841884,-0.015212093331301472,-0.00017882458426162883,0.03301769408111986
5437,10.353188538507752,13.114855128421604,10.750746230191352,-6.012494431985675e-07,3.5946899111211135,-0.013037536394591868,0.005642223098454183,0.024755050763930538
5438,9.921302477782309,12.31191464604968,9.730026856575458,-7.684110564120488e-06,4.433767190180206,-0.011461257830820486,0.009967195855737302,0.0382059676669984
5439,9.976980898123584,12.49693822519304,11.015305124800337,-8.1725867478177e-06,3.928731485262391,-0.01036671351300884,0.009393102078106293,0.032548674188905655
5440,10.090414837241942,12.747451877968947,9.881349465895365,-6.384753633627949e-07,3.638746733672461,-0.013458000803300311,0.00292547297176257,0.059366474994988594
5441,10.379949216358913,13.188740320605854,10.010334974136054,-4.805562558781319e-06,3.521160477948335,-0.01618302554965896,-0.0017506485889041195,0.034495598750978546
5442,9.987235008992947,12.591284548783651,10.672347474429197,-5.865678505192696e-06,3.6692304692364046,-0.010237272492790012,0.008044307496578184,0.03447690993923722
5443,9.979639514957746,12.501381497889746,11.010156737367444,-8.146743722496028e-06,3.9291797809742506,-0.010096714140104143,0.009371116463172686,0.03224179830375222
5444,10.536648461224493,13.341766027704365,9.987794549198505,-6.4856309744905135e-06,3.804061199847976,-0.018413456438243908,-0.0027777752787743913,0.028821594370766587
5445,9.981466797429285,12.50637737578134,11.039539811903015,-8.25324156420134e-06,3.9683428541934016,-0.011192377582741124,0.009514672509747408,0.029465960141807523
5446,10.131110179281386,12.881512221247275,10.005371294082783,4.1824990053381105e-07,3.4268401567741016,-0.013488550999010966,0.00276371307469053,0.05115128278555625
5447,9.019033894591317,11.182660725075934,10.272912790514113,6.001472749360389e-06,3.491525734370704,-0.0054048226597985805,-0.000540239760397358,0.04202726775813667
5448,10.202485331353984,12.823849174413098,10.122371831548726,-4.311454088063195e-06,3.8282395352227607,-0.012049523389768058,0.0061735464485674005,0.02855434722553145
5449,9.722706341570563,12.335768752687391,10.997404171740806,2.0991747285574806e-06,2.7334454470573943,-0.005484096430720377,0.003840394937709392,0.07645884257904403
5450,9.78944718482369,12.41517126575778,8.841304195038092,3.5535473937904514e-06,2.604754656772811,-0.002505837561200222,0.009062752862519246,0.01305188460399679
5451,9.81428995258005,12.21767893782215,10.044827478420109,-3.2499025081328107e-06,4.214510421708464,-0.01269823780392166,0.004700920334430841,0.03896533467146256
5452,10.042415789414171,12.663760747679122,9.217420587529796,3.2607508310381167e-06,3.508222460582025,-0.01260931896436642,0.0004834497950190258,0.04867412388222984
5453,9.888727914690621,12.307350455669198,8.85030539353908,-2.822025126251161e-06,4.805644569339308,-0.021275208078606465,-0.002029420138562399,0.101453515871448
5454,9.998167261891583,12.62351514884718,9.100597725961194,3.967920202558242e-06,3.4825691655399074,-0.013362138887748749,0.0003330536603268607,0.05093253838474177
5455,9.917645718599047,12.563952607374096,9.283167527109503,1.5397741790160467e-06,3.3555017814302035,-0.012467235801418343,0.0007846302086871467,0.022015222201417967
5456,9.933583197699555,12.662485739673048,8.69352723049862,1.8783982625995131e-06,3.116165438715102,-0.012567809586990284,0.0005189928427132182,0.01637287325188538
5457,10.148488468093625,13.016263378544942,10.184811780000684,-7.955219920151959e-07,2.9934589511312777,-0.012953868445205508,0.0005945169525579633,0.04767446653484067
5458,9.625049298019633,12.100812470423293,10.13633211716216,-2.3871546349234025e-07,3.3623985532462406,-0.009505271714825037,-0.00031400969172540186,0.033593640236977126
5459,10.357663915489445,13.381009607608904,10.868180655931852,-7.151698280599658e-07,2.318322759128205,-0.005397013900392998,0.007949800427269912,0.02195161070247311
5460,9.7703886569646,12.441414360329649,10.29123552734503,-1.2858456248869233e-06,3.063163069055863,-0.012505302706251838,-0.0010270657585749335,0.05071394310846162
5461,9.624495588675698,12.100791837251409,10.138043365636523,-2.419599295879292e-07,3.367250402511481,-0.009652887685976039,-0.00031691139750453885,0.03355723879931519
5462,9.584273861624627,12.012811308852127,10.286079006720955,2.5098009380303025e-06,3.3082805627771537,-0.008922911877847564,-0.0008747517693856271,0.03766881232257627
5463,9.728617972285182,12.10292399405153,9.174514578524981,-2.2026236494303923e-06,4.379471267412628,-0.01639136763537038,0.0009826301925409296,0.03357846368889029
5464,9.861979138274986,12.429921761359498,9.706989892464758,-6.614429633948844e-06,3.4522298231045307,-0.010460856599696757,0.0028960814382565335,0.028895054766832885
5465,9.744004434217633,12.188295440178567,9.663956138838044,1.1865773926420407e-06,3.642617906334112,-0.009809786325558808,0.0023877526140335505,0.06152342933809887
5466,9.741016740224216,12.171718285669444,9.568917941213712,5.28473168270401e-07,3.7856977365502886,-0.0110877767455027,0.0021149104338664647,0.05609716523769043
5467,9.618162079518202,12.074111439244648,10.102118696868894,-7.370136910069282e-07,3.46614401876138,-0.009417546932541505,0.0014558252650295526,0.03292731424086189
5468,9.912825017978893,12.496594296244062,9.495199158952893,-8.981857365180146e-07,3.6531745873311023,-0.01291093186019994,0.0029481486982414254,0.06706946798058404
5469,9.766727265628797,12.090076945377948,10.550170693622574,-3.3138126021009804e-06,4.727939371618919,-0.018216065488895587,0.00011936645046231772,0.05639352562230884
5470,9.82780678295771,12.184556575131523,8.758306072846613,-2.686406174192164e-06,4.513995959067602,-0.015445412897876836,0.0010129163909951386,0.02445032704379302
5471,10.140819773680464,12.847180236783068,9.976647222190964,-2.3967981833572416e-06,3.454344224298552,-0.011689663660099086,0.004575570755961322,0.03071997190354271
5472,10.044649127168563,12.54994954842914,11.173176812139,5.534957327658415e-06,4.450956662891602,-0.01846224014113352,-0.0011479611407833729,0.012852444516855492
